sample_id,token_index,token_text,start_sec,end_sec,audio_start_idx,audio_end_idx,video_start_idx,video_end_idx,audio_start_ms,audio_end_ms,video_start_frame_src,video_end_frame_src,video_start_ms,video_last_pts_ms,video_end_ms,audio_analysis_frame_count,video_sampled_frame_count,audio_quality,video_quality,confidence,method,is_fallback,alignment_source
-3g5yACwYnA$_$13,0,They've,0.0,0.5833333333333334,0,9333,0,6,0.0,583.3333333333334,0,16,0.0,500.0,533.3333333333334,56,6,1.0,1.0,1.0,proportional,True,transcript_proportional
-3g5yACwYnA$_$13,1,been,0.5833333333333334,0.9166666666666666,9333,14667,6,10,583.3333333333334,916.6666666666666,18,28,600.0,900.0,933.3333333333334,31,4,1.0,1.0,1.0,proportional,True,transcript_proportional
-3g5yACwYnA$_$13,2,able,0.9166666666666666,1.25,14667,20000,10,13,916.6666666666666,1250.0,30,37,1000.0,1200.0,1233.3333333333333,31,3,1.0,0.75,0.75,proportional,True,transcript_proportional
-3g5yACwYnA$_$13,3,to,1.25,1.4166666666666667,20000,22667,13,15,1250.0,1416.6666666666667,39,43,1300.0,1400.0,1433.3333333333333,15,2,1.0,1.0,1.0,proportional,True,transcript_proportional
-3g5yACwYnA$_$13,4,find,1.4166666666666667,1.75,22667,28000,15,18,1416.6666666666667,1750.0,45,52,1500.0,1700.0,1733.3333333333333,31,3,1.0,0.75,0.75,proportional,True,transcript_proportional
-3g5yACwYnA$_$13,5,solutions,1.75,2.5,28000,40000,18,25,1750.0,2500.0,54,73,1800.0,2400.0,2433.3333333333335,73,7,1.0,0.875,0.875,proportional,True,transcript_proportional
-3g5yACwYnA$_$13,6,or,2.5,2.6666666666666665,40000,42667,25,27,2500.0,2666.6666666666665,75,79,2500.0,2600.0,2633.3333333333335,15,2,1.0,1.0,1.0,proportional,True,transcript_proportional
-3g5yACwYnA$_$13,7,at,2.6666666666666665,2.8333333333333335,42667,45333,27,29,2666.6666666666665,2833.3333333333335,81,85,2700.0,2800.0,2833.3333333333335,15,2,1.0,1.0,1.0,proportional,True,transcript_proportional
-3g5yACwYnA$_$13,8,least,2.8333333333333335,3.25,45333,52000,29,33,2833.3333333333335,3250.0,87,97,2900.0,3200.0,3233.3333333333335,40,4,1.0,0.8,0.8,proportional,True,transcript_proportional
-3g5yACwYnA$_$13,9,bring,3.25,3.6666666666666665,52000,58667,33,37,3250.0,3666.6666666666665,99,109,3300.0,3600.0,3633.3333333333335,40,4,1.0,0.8,0.8,proportional,True,transcript_proportional
-3g5yACwYnA$_$13,10,some,3.6666666666666665,4.0,58667,64000,37,40,3666.6666666666665,4000.0,111,118,3700.0,3900.0,3933.3333333333335,31,3,1.0,0.75,0.75,proportional,True,transcript_proportional
-3g5yACwYnA$_$13,11,answers,4.0,4.583333333333333,64000,73333,40,46,4000.0,4583.333333333333,120,136,4000.0,4500.0,4533.333333333333,56,6,1.0,1.0,1.0,proportional,True,transcript_proportional
-3g5yACwYnA$_$13,12,to,4.583333333333333,4.75,73333,76000,46,48,4583.333333333333,4750.0,138,142,4600.0,4700.0,4733.333333333333,15,2,1.0,1.0,1.0,proportional,True,transcript_proportional
-3g5yACwYnA$_$13,13,the,4.75,5.0,76000,80000,48,50,4750.0,5000.0,144,148,4800.0,4900.0,4933.333333333333,23,2,1.0,0.6666666666666666,0.6666666666666666,proportional,True,transcript_proportional
-3g5yACwYnA$_$13,14,table.,5.0,5.5,80000,86386,50,55,5000.0,5399.125,150,162,5000.0,5400.0,5433.333333333333,38,5,0.7916666666666666,1.0,0.7916666666666666,proportional,True,transcript_proportional
-3g5yACwYnA$_$3,0,We're,0.0,0.4954022988505748,0,7926,0,5,0.0,495.4022988505748,0,13,0.0,400.0,433.3333333333333,48,5,1.0,1.0,1.0,proportional,True,transcript_proportional
-3g5yACwYnA$_$3,1,a,0.4954022988505748,0.5944827586206897,7926,9512,5,6,495.4022988505748,594.4827586206897,15,16,500.0,500.0,533.3333333333334,8,1,1.0,1.0,1.0,proportional,True,transcript_proportional
-3g5yACwYnA$_$3,2,huge,0.5944827586206897,0.9908045977011496,9512,15853,6,10,594.4827586206897,990.8045977011496,18,28,600.0,900.0,933.3333333333334,38,4,1.0,1.0,1.0,proportional,True,transcript_proportional
-3g5yACwYnA$_$3,3,user,0.9908045977011496,1.3871264367816092,15853,22194,10,14,990.8045977011496,1387.126436781609,30,40,1000.0,1300.0,1333.3333333333333,38,4,1.0,1.0,1.0,proportional,True,transcript_proportional
-3g5yACwYnA$_$3,4,of,1.3871264367816092,1.585287356321839,22194,25365,14,16,1387.126436781609,1585.287356321839,42,46,1400.0,1500.0,1533.3333333333333,18,2,1.0,1.0,1.0,proportional,True,transcript_proportional
-3g5yACwYnA$_$3,5,adhesives,1.585287356321839,2.477011494252874,25365,39632,16,25,1585.287356321839,2477.011494252874,48,73,1600.0,2400.0,2433.3333333333335,87,9,1.0,1.0,1.0,proportional,True,transcript_proportional
-3g5yACwYnA$_$3,6,for,2.477011494252874,2.7742528735632184,39632,44388,25,28,2477.011494252874,2774.252873563218,75,82,2500.0,2700.0,2733.3333333333335,28,3,1.0,1.0,1.0,proportional,True,transcript_proportional
-3g5yACwYnA$_$3,7,our,2.7742528735632184,3.0714942528735634,44388,49144,28,31,2774.252873563218,3071.4942528735633,84,91,2800.0,3000.0,3033.3333333333335,28,3,1.0,1.0,1.0,proportional,True,transcript_proportional
-3g5yACwYnA$_$3,8,"operation,",3.0714942528735634,4.062298850574712,49144,64997,31,41,3071.4942528735633,4062.298850574712,93,121,3100.0,4000.0,4033.3333333333335,97,10,1.0,1.0,1.0,proportional,True,transcript_proportional
-3g5yACwYnA$_$3,9,called,4.062298850574712,4.656781609195402,64997,74509,41,47,4062.298850574712,4656.781609195402,123,139,4100.0,4600.0,4633.333333333333,57,6,1.0,1.0,1.0,proportional,True,transcript_proportional
-3g5yACwYnA$_$3,10,"flocking,",4.656781609195402,5.548505747126437,74509,88776,47,56,4656.781609195402,5548.505747126436,141,166,4700.0,5500.0,5533.333333333333,87,9,1.0,1.0,1.0,proportional,True,transcript_proportional
-3g5yACwYnA$_$3,11,and,5.548505747126437,5.845747126436781,88776,93532,56,59,5548.505747126436,5845.747126436781,168,175,5600.0,5800.0,5833.333333333333,28,3,1.0,1.0,1.0,proportional,True,transcript_proportional
-3g5yACwYnA$_$3,12,we,5.845747126436781,6.043908045977012,93532,96703,59,61,5845.747126436781,6043.908045977011,177,181,5900.0,6000.0,6033.333333333333,18,2,1.0,1.0,1.0,proportional,True,transcript_proportional
-3g5yACwYnA$_$3,13,don't,6.043908045977012,6.539310344827586,96703,104629,61,66,6043.908045977011,6539.310344827586,183,196,6100.0,6500.0,6533.333333333333,48,5,1.0,1.0,1.0,proportional,True,transcript_proportional
-3g5yACwYnA$_$3,14,have,6.539310344827586,6.935632183908046,104629,110970,66,70,6539.310344827586,6935.6321839080465,198,208,6600.0,6900.0,6933.333333333333,38,4,1.0,1.0,1.0,proportional,True,transcript_proportional
-3g5yACwYnA$_$3,15,the,6.935632183908046,7.232873563218391,110970,115726,70,73,6935.6321839080465,7232.873563218391,210,217,7000.0,7200.0,7233.333333333333,28,3,1.0,1.0,1.0,proportional,True,transcript_proportional
-3g5yACwYnA$_$3,16,technical,7.232873563218391,8.124597701149424,115726,129994,73,82,7232.873563218391,8124.597701149424,219,244,7300.0,8100.0,8133.333333333333,87,9,1.0,1.0,1.0,proportional,True,transcript_proportional
-3g5yACwYnA$_$3,17,inside,8.124597701149424,8.719080459770115,129994,139505,82,88,8124.597701149424,8719.080459770115,246,262,8200.0,8700.0,8733.333333333334,57,6,1.0,1.0,1.0,proportional,True,transcript_proportional
-3g5yACwYnA$_$3,18,compounding,8.719080459770115,9.80896551724138,139505,156943,88,99,8719.080459770115,9808.965517241379,264,295,8800.0,9800.0,9833.333333333334,107,11,1.0,1.0,1.0,proportional,True,transcript_proportional
-3g5yACwYnA$_$3,19,or,9.80896551724138,10.00712643678161,156943,160114,99,101,9808.965517241379,10007.12643678161,297,301,9900.0,10000.0,10033.333333333334,18,2,1.0,1.0,1.0,proportional,True,transcript_proportional
-3g5yACwYnA$_$3,20,the,10.00712643678161,10.304367816091954,160114,164870,101,104,10007.12643678161,10304.367816091954,303,310,10100.0,10300.0,10333.333333333334,28,3,1.0,1.0,1.0,proportional,True,transcript_proportional
-3g5yACwYnA$_$3,21,technical,10.304367816091954,11.19609195402299,164870,179137,104,112,10304.367816091954,11196.09195402299,312,334,10400.0,11100.0,11133.333333333334,87,8,1.0,0.8888888888888888,0.8888888888888888,proportional,True,transcript_proportional
-3g5yACwYnA$_$3,22,expertise,11.19609195402299,12.087816091954023,179137,193405,112,121,11196.09195402299,12087.816091954022,336,361,11200.0,12000.0,12033.333333333334,87,9,1.0,1.0,1.0,proportional,True,transcript_proportional
-3g5yACwYnA$_$3,23,to,12.087816091954023,12.285977011494253,193405,196576,121,123,12087.816091954022,12285.977011494253,363,367,12100.0,12200.0,12233.333333333334,18,2,1.0,1.0,1.0,proportional,True,transcript_proportional
-3g5yACwYnA$_$3,24,do,12.285977011494253,12.484137931034484,196576,199746,123,125,12285.977011494253,12484.137931034484,369,373,12300.0,12400.0,12433.333333333334,18,2,1.0,1.0,1.0,proportional,True,transcript_proportional
-3g5yACwYnA$_$3,25,these,12.484137931034484,12.979540229885057,199746,207673,125,130,12484.137931034484,12979.540229885057,375,388,12500.0,12900.0,12933.333333333334,48,5,1.0,1.0,1.0,proportional,True,transcript_proportional
-3g5yACwYnA$_$3,26,types,12.979540229885057,13.474942528735633,207673,215599,130,135,12979.540229885057,13474.942528735633,390,403,13000.0,13400.0,13433.333333333334,48,5,1.0,1.0,1.0,proportional,True,transcript_proportional
-3g5yACwYnA$_$3,27,of,13.474942528735633,13.673103448275864,215599,218770,135,137,13474.942528735633,13673.103448275864,405,409,13500.0,13600.0,13633.333333333334,18,2,1.0,1.0,1.0,proportional,True,transcript_proportional
-3g5yACwYnA$_$3,28,things.,13.673103448275864,14.366666666666665,218770,229246,137,144,13673.103448275864,14327.875,411,430,13700.0,14300.0,14333.333333333334,63,7,0.9402985074626866,1.0,0.9402985074626866,proportional,True,transcript_proportional
-3g5yACwYnA$_$2,0,Key,0.0,0.3902777777777778,0,6244,0,4,0.0,390.27777777777777,0,10,0.0,300.0,333.3333333333333,37,4,1.0,1.0,1.0,proportional,True,transcript_proportional
-3g5yACwYnA$_$2,1,Polymer,0.3902777777777778,1.300925925925926,6244,20815,4,14,390.27777777777777,1300.925925925926,12,40,400.0,1300.0,1333.3333333333333,89,10,1.0,1.0,1.0,proportional,True,transcript_proportional
-3g5yACwYnA$_$2,2,brings,1.300925925925926,2.0814814814814815,20815,33304,14,21,1300.925925925926,2081.4814814814813,42,61,1400.0,2000.0,2033.3333333333333,76,7,1.0,0.875,0.875,proportional,True,transcript_proportional
-3g5yACwYnA$_$2,3,a,2.0814814814814815,2.211574074074074,33304,35385,21,23,2081.4814814814813,2211.5740740740744,63,67,2100.0,2200.0,2233.3333333333335,11,2,1.0,1.0,1.0,proportional,True,transcript_proportional
-3g5yACwYnA$_$2,4,technical,2.211574074074074,3.382407407407408,35385,54119,23,34,2211.5740740740744,3382.407407407408,69,100,2300.0,3300.0,3333.3333333333335,115,11,1.0,0.9166666666666666,0.9166666666666666,proportional,True,transcript_proportional
-3g5yACwYnA$_$2,5,aspect,3.382407407407408,4.162962962962963,54119,66607,34,42,3382.407407407408,4162.962962962963,102,124,3400.0,4100.0,4133.333333333333,76,8,1.0,1.0,1.0,proportional,True,transcript_proportional
-3g5yACwYnA$_$2,6,to,4.162962962962963,4.423148148148148,66607,70770,42,45,4162.962962962963,4423.148148148149,126,133,4200.0,4400.0,4433.333333333333,24,3,1.0,1.0,1.0,proportional,True,transcript_proportional
-3g5yACwYnA$_$2,7,our,4.423148148148148,4.813425925925926,70770,77015,45,49,4423.148148148149,4813.425925925926,135,145,4500.0,4800.0,4833.333333333333,37,4,1.0,1.0,1.0,proportional,True,transcript_proportional
-3g5yACwYnA$_$2,8,operation,4.813425925925926,5.984259259259259,77015,95748,49,60,4813.425925925926,5984.259259259259,147,178,4900.0,5900.0,5933.333333333333,115,11,1.0,0.9166666666666666,0.9166666666666666,proportional,True,transcript_proportional
-3g5yACwYnA$_$2,9,that,5.984259259259259,6.50462962962963,95748,104074,60,66,5984.259259259259,6504.62962962963,180,196,6000.0,6500.0,6533.333333333333,50,6,1.0,1.0,1.0,proportional,True,transcript_proportional
-3g5yACwYnA$_$2,10,we,6.50462962962963,6.764814814814816,104074,108237,66,68,6504.62962962963,6764.814814814816,198,202,6600.0,6700.0,6733.333333333333,24,2,1.0,0.6666666666666666,0.6666666666666666,proportional,True,transcript_proportional
-3g5yACwYnA$_$2,11,don't,6.764814814814816,7.415277777777778,108237,118644,68,75,6764.814814814816,7415.277777777778,204,223,6800.0,7400.0,7433.333333333333,63,7,1.0,1.0,1.0,proportional,True,transcript_proportional
-3g5yACwYnA$_$2,12,have,7.415277777777778,7.9356481481481485,118644,126970,75,80,7415.277777777778,7935.648148148149,225,238,7500.0,7900.0,7933.333333333333,50,5,1.0,0.8333333333333334,0.8333333333333334,proportional,True,transcript_proportional
-3g5yACwYnA$_$2,13,internally.,7.9356481481481485,9.366666666666667,126970,147701,80,94,7935.648148148149,9231.3125,240,278,8000.0,9333.333333333334,9366.666666666668,128,14,0.9078014184397163,0.9333333333333333,0.9078014184397163,proportional,True,transcript_proportional
-3g5yACwYnA$_$9,0,We,0.0,0.14789915966386555,0,2366,0,2,0.0,147.89915966386556,0,4,0.0,100.0,133.33333333333334,13,2,1.0,1.0,1.0,proportional,True,transcript_proportional
-3g5yACwYnA$_$9,1,have,0.14789915966386555,0.44369747899159667,2366,7099,2,5,147.89915966386556,443.69747899159665,6,13,200.0,400.0,433.3333333333333,28,3,1.0,1.0,1.0,proportional,True,transcript_proportional
-3g5yACwYnA$_$9,2,many,0.44369747899159667,0.7394957983193278,7099,11832,5,8,443.69747899159665,739.4957983193277,15,22,500.0,700.0,733.3333333333334,28,3,1.0,1.0,1.0,proportional,True,transcript_proportional
-3g5yACwYnA$_$9,3,new,0.7394957983193278,0.9613445378151261,11832,15382,8,10,739.4957983193277,961.344537815126,24,28,800.0,900.0,933.3333333333334,20,2,1.0,0.6666666666666666,0.6666666666666666,proportional,True,transcript_proportional
-3g5yACwYnA$_$9,4,opportunities,0.9613445378151261,1.9226890756302522,15382,30763,10,20,961.344537815126,1922.689075630252,30,58,1000.0,1900.0,1933.3333333333333,94,10,1.0,1.0,1.0,proportional,True,transcript_proportional
-3g5yACwYnA$_$9,5,through,1.9226890756302522,2.4403361344537817,30763,39045,20,25,1922.689075630252,2440.3361344537816,60,73,2000.0,2400.0,2433.3333333333335,50,5,1.0,0.8333333333333334,0.8333333333333334,proportional,True,transcript_proportional
-3g5yACwYnA$_$9,6,the,2.4403361344537817,2.66218487394958,39045,42595,25,27,2440.3361344537816,2662.18487394958,75,79,2500.0,2600.0,2633.3333333333335,20,2,1.0,0.6666666666666666,0.6666666666666666,proportional,True,transcript_proportional
-3g5yACwYnA$_$9,7,way,2.66218487394958,2.8840336134453786,42595,46145,27,29,2662.18487394958,2884.0336134453787,81,85,2700.0,2800.0,2833.3333333333335,20,2,1.0,0.6666666666666666,0.6666666666666666,proportional,True,transcript_proportional
-3g5yACwYnA$_$9,8,things,2.8840336134453786,3.3277310924369754,46145,53244,29,34,2884.0336134453787,3327.7310924369754,87,100,2900.0,3300.0,3333.3333333333335,42,5,1.0,1.0,1.0,proportional,True,transcript_proportional
-3g5yACwYnA$_$9,9,have,3.3277310924369754,3.6235294117647063,53244,57976,34,37,3327.7310924369754,3623.5294117647063,102,109,3400.0,3600.0,3633.3333333333335,28,3,1.0,1.0,1.0,proportional,True,transcript_proportional
-3g5yACwYnA$_$9,10,changed,3.6235294117647063,4.141176470588236,57976,66259,37,42,3623.5294117647063,4141.176470588236,111,124,3700.0,4100.0,4133.333333333333,50,5,1.0,0.8333333333333334,0.8333333333333334,proportional,True,transcript_proportional
-3g5yACwYnA$_$9,11,through,4.141176470588236,4.658823529411765,66259,74541,42,47,4141.176470588236,4658.823529411765,126,139,4200.0,4600.0,4633.333333333333,50,5,1.0,0.8333333333333334,0.8333333333333334,proportional,True,transcript_proportional
-3g5yACwYnA$_$9,12,the,4.658823529411765,4.8806722689075634,74541,78091,47,49,4658.823529411765,4880.672268907563,141,145,4700.0,4800.0,4833.333333333333,20,2,1.0,0.6666666666666666,0.6666666666666666,proportional,True,transcript_proportional
-3g5yACwYnA$_$9,13,"years,",4.8806722689075634,5.32436974789916,78091,85190,49,54,4880.672268907563,5324.36974789916,147,160,4900.0,5300.0,5333.333333333333,42,5,1.0,1.0,1.0,proportional,True,transcript_proportional
-3g5yACwYnA$_$9,14,looking,5.32436974789916,5.84201680672269,85190,93472,54,59,5324.36974789916,5842.01680672269,162,175,5400.0,5800.0,5833.333333333333,50,5,1.0,0.8333333333333334,0.8333333333333334,proportional,True,transcript_proportional
-3g5yACwYnA$_$9,15,for,5.84201680672269,6.063865546218487,93472,97022,59,61,5842.01680672269,6063.865546218487,177,181,5900.0,6000.0,6033.333333333333,20,2,1.0,0.6666666666666666,0.6666666666666666,proportional,True,transcript_proportional
-3g5yACwYnA$_$9,16,new,6.063865546218487,6.2857142857142865,97022,100571,61,63,6063.865546218487,6285.714285714286,183,187,6100.0,6200.0,6233.333333333333,20,2,1.0,0.6666666666666666,0.6666666666666666,proportional,True,transcript_proportional
-3g5yACwYnA$_$9,17,niche,6.2857142857142865,6.655462184873951,100571,106487,63,67,6285.714285714286,6655.462184873951,189,199,6300.0,6600.0,6633.333333333333,35,4,1.0,1.0,1.0,proportional,True,transcript_proportional
-3g5yACwYnA$_$9,18,"high-end,",6.655462184873951,7.321008403361345,106487,117136,67,74,6655.462184873951,7321.008403361345,201,220,6700.0,7300.0,7333.333333333333,65,7,1.0,1.0,1.0,proportional,True,transcript_proportional
-3g5yACwYnA$_$9,19,value-added,7.321008403361345,8.134453781512606,117136,130151,74,82,7321.008403361345,8134.453781512606,222,244,7400.0,8100.0,8133.333333333333,79,8,1.0,0.8888888888888888,0.8888888888888888,proportional,True,transcript_proportional
-3g5yACwYnA$_$9,20,products.,8.134453781512606,8.8,130151,139139,82,88,8134.453781512606,8696.1875,246,262,8200.0,8700.0,8733.333333333334,54,6,0.8307692307692308,0.8571428571428571,0.8307692307692308,proportional,True,transcript_proportional
-3nNcZdcdvU$_$5,0,Noncompliance,0.0,1.175478927203065,0,18808,0,12,0.0,1175.478927203065,0,34,0.0,1100.0,1133.3333333333333,116,12,1.0,1.0,1.0,proportional,True,transcript_proportional
-3nNcZdcdvU$_$5,1,can,1.175478927203065,1.446743295019157,18808,23148,12,15,1175.478927203065,1446.743295019157,36,43,1200.0,1400.0,1433.3333333333333,25,3,1.0,1.0,1.0,proportional,True,transcript_proportional
-3nNcZdcdvU$_$5,2,result,1.446743295019157,1.989272030651341,23148,31828,15,20,1446.743295019157,1989.2720306513409,45,58,1500.0,1900.0,1933.3333333333333,52,5,1.0,0.8333333333333334,0.8333333333333334,proportional,True,transcript_proportional
-3nNcZdcdvU$_$5,3,in,1.989272030651341,2.1701149425287354,31828,34722,20,22,1989.2720306513409,2170.1149425287354,60,64,2000.0,2100.0,2133.3333333333335,16,2,1.0,1.0,1.0,proportional,True,transcript_proportional
-3nNcZdcdvU$_$5,4,legal,2.1701149425287354,2.6222222222222222,34722,41956,22,27,2170.1149425287354,2622.222222222222,66,79,2200.0,2600.0,2633.3333333333335,43,5,1.0,1.0,1.0,proportional,True,transcript_proportional
-3nNcZdcdvU$_$5,5,liability,2.6222222222222222,3.436015325670498,41956,54976,27,35,2622.222222222222,3436.015325670498,81,103,2700.0,3400.0,3433.3333333333335,79,8,1.0,0.8888888888888888,0.8888888888888888,proportional,True,transcript_proportional
-3nNcZdcdvU$_$5,6,to,3.436015325670498,3.616858237547892,54976,57870,35,37,3436.015325670498,3616.8582375478923,105,109,3500.0,3600.0,3633.3333333333335,16,2,1.0,1.0,1.0,proportional,True,transcript_proportional
-3nNcZdcdvU$_$5,7,you,3.616858237547892,3.8881226053639844,57870,62210,37,39,3616.8582375478923,3888.1226053639843,111,115,3700.0,3800.0,3833.3333333333335,25,2,1.0,0.6666666666666666,0.6666666666666666,proportional,True,transcript_proportional
-3nNcZdcdvU$_$5,8,and,3.8881226053639844,4.1593869731800766,62210,66550,39,42,3888.1226053639843,4159.386973180077,117,124,3900.0,4100.0,4133.333333333333,25,3,1.0,1.0,1.0,proportional,True,transcript_proportional
-3nNcZdcdvU$_$5,9,to,4.1593869731800766,4.340229885057471,66550,69444,42,44,4159.386973180077,4340.229885057471,126,130,4200.0,4300.0,4333.333333333333,16,2,1.0,1.0,1.0,proportional,True,transcript_proportional
-3nNcZdcdvU$_$5,10,the,4.340229885057471,4.611494252873563,69444,73784,44,47,4340.229885057471,4611.494252873564,132,139,4400.0,4600.0,4633.333333333333,25,3,1.0,1.0,1.0,proportional,True,transcript_proportional
-3nNcZdcdvU$_$5,11,school,4.611494252873563,5.154022988505747,73784,82464,47,52,4611.494252873564,5154.022988505747,141,154,4700.0,5100.0,5133.333333333333,52,5,1.0,0.8333333333333334,0.8333333333333334,proportional,True,transcript_proportional
-3nNcZdcdvU$_$5,12,district,5.154022988505747,5.8773946360153255,82464,94038,52,59,5154.022988505747,5877.394636015326,156,175,5200.0,5800.0,5833.333333333333,70,7,1.0,0.875,0.875,proportional,True,transcript_proportional
-3nNcZdcdvU$_$5,13,in,5.8773946360153255,6.05823754789272,94038,96932,59,61,5877.394636015326,6058.23754789272,177,181,5900.0,6000.0,6033.333333333333,16,2,1.0,1.0,1.0,proportional,True,transcript_proportional
-3nNcZdcdvU$_$5,14,which,6.05823754789272,6.510344827586207,96932,104166,61,66,6058.23754789272,6510.3448275862065,183,196,6100.0,6500.0,6533.333333333333,43,5,1.0,1.0,1.0,proportional,True,transcript_proportional
-3nNcZdcdvU$_$5,15,you,6.510344827586207,6.781609195402299,104166,108506,66,68,6510.3448275862065,6781.6091954022995,198,202,6600.0,6700.0,6733.333333333333,25,2,1.0,0.6666666666666666,0.6666666666666666,proportional,True,transcript_proportional
-3nNcZdcdvU$_$5,16,are,6.781609195402299,7.052873563218391,108506,112846,68,71,6781.6091954022995,7052.873563218391,204,211,6800.0,7000.0,7033.333333333333,25,3,1.0,1.0,1.0,proportional,True,transcript_proportional
-3nNcZdcdvU$_$5,17,employed.,7.052873563218391,7.866666666666666,112846,124618,71,79,7052.873563218391,7788.625,213,235,7100.0,7800.0,7833.333333333333,72,8,0.9113924050632911,0.8888888888888888,0.8888888888888888,proportional,True,transcript_proportional
-HwX2H8Z4hY$_$2,0,”,0.0,0.09674796747967479,0,1548,0,1,0.0,96.74796747967478,0,1,0.0,0.0,33.333333333333336,8,1,1.0,1.0,1.0,proportional,True,transcript_proportional
-HwX2H8Z4hY$_$2,1,[President,0.09674796747967479,1.0642276422764227,1548,17028,1,11,96.74796747967478,1064.2276422764228,3,31,100.0,1000.0,1033.3333333333333,95,10,1.0,1.0,1.0,proportional,True,transcript_proportional
-HwX2H8Z4hY$_$2,2,Ronald,1.0642276422764227,1.6447154471544714,17028,26315,11,17,1064.2276422764228,1644.7154471544713,33,49,1100.0,1600.0,1633.3333333333333,56,6,1.0,1.0,1.0,proportional,True,transcript_proportional
-HwX2H8Z4hY$_$2,3,Reagan:],1.6447154471544714,2.4186991869918697,26315,38699,17,25,1644.7154471544713,2418.6991869918697,51,73,1700.0,2400.0,2433.3333333333335,75,8,1.0,1.0,1.0,proportional,True,transcript_proportional
-HwX2H8Z4hY$_$2,4,"""Look",2.4186991869918697,2.9024390243902434,38699,46439,25,30,2418.6991869918697,2902.4390243902435,75,88,2500.0,2900.0,2933.3333333333335,46,5,1.0,1.0,1.0,proportional,True,transcript_proportional
-HwX2H8Z4hY$_$2,5,at,2.9024390243902434,3.0959349593495933,46439,49535,30,31,2902.4390243902435,3095.934959349593,90,91,3000.0,3000.0,3033.3333333333335,17,1,1.0,0.5,0.5,proportional,True,transcript_proportional
-HwX2H8Z4hY$_$2,6,the,3.0959349593495933,3.3861788617886175,49535,54179,31,34,3095.934959349593,3386.1788617886173,93,100,3100.0,3300.0,3333.3333333333335,27,3,1.0,1.0,1.0,proportional,True,transcript_proportional
-HwX2H8Z4hY$_$2,7,record,3.3861788617886175,3.9666666666666663,54179,62654,34,40,3386.1788617886173,3915.875,102,118,3400.0,3900.0,3933.3333333333335,51,6,0.9107142857142857,1.0,0.9107142857142857,proportional,True,transcript_proportional
-HwX2H8Z4hY$_$5,0,"""",0.0,0.08666666666666666,0,1387,0,1,0.0,86.66666666666666,0,1,0.0,0.0,33.333333333333336,7,1,1.0,1.0,1.0,proportional,True,transcript_proportional
-HwX2H8Z4hY$_$5,1,President,0.08666666666666666,0.8666666666666666,1387,13867,1,9,86.66666666666666,866.6666666666666,3,25,100.0,800.0,833.3333333333334,76,8,1.0,1.0,1.0,proportional,True,transcript_proportional
-HwX2H8Z4hY$_$5,2,Ronald,0.8666666666666666,1.3866666666666665,13867,22187,9,14,866.6666666666666,1386.6666666666665,27,40,900.0,1300.0,1333.3333333333333,50,5,1.0,0.8333333333333334,0.8333333333333334,proportional,True,transcript_proportional
-HwX2H8Z4hY$_$5,3,Reagan,1.3866666666666665,1.9066666666666665,22187,30507,14,20,1386.6666666666665,1906.6666666666665,42,58,1400.0,1900.0,1933.3333333333333,50,6,1.0,1.0,1.0,proportional,True,transcript_proportional
-HwX2H8Z4hY$_$5,4,blamed,1.9066666666666665,2.4266666666666663,30507,38827,20,25,1906.6666666666665,2426.6666666666665,60,73,2000.0,2400.0,2433.3333333333335,50,5,1.0,0.8333333333333334,0.8333333333333334,proportional,True,transcript_proportional
-HwX2H8Z4hY$_$5,5,the,2.4266666666666663,2.6866666666666665,38827,42987,25,27,2426.6666666666665,2686.6666666666665,75,79,2500.0,2600.0,2633.3333333333335,24,2,1.0,0.6666666666666666,0.6666666666666666,proportional,True,transcript_proportional
-HwX2H8Z4hY$_$5,6,professional,2.6866666666666665,3.7266666666666666,42987,59627,27,38,2686.6666666666665,3726.6666666666665,81,112,2700.0,3700.0,3733.3333333333335,102,11,1.0,1.0,1.0,proportional,True,transcript_proportional
-HwX2H8Z4hY$_$5,7,bureaucracy,3.7266666666666666,4.68,59627,74880,38,47,3726.6666666666665,4680.0,114,139,3800.0,4600.0,4633.333333333333,93,9,1.0,0.9,0.9,proportional,True,transcript_proportional
-HwX2H8Z4hY$_$5,8,of,4.68,4.853333333333333,74880,77653,47,49,4680.0,4853.333333333333,141,145,4700.0,4800.0,4833.333333333333,15,2,1.0,1.0,1.0,proportional,True,transcript_proportional
-HwX2H8Z4hY$_$5,9,education,4.853333333333333,5.633333333333333,77653,88705,49,57,4853.333333333333,5544.0625,147,168,4900.0,5600.0,5633.333333333333,67,8,0.881578947368421,1.0,0.881578947368421,proportional,True,transcript_proportional
-HwX2H8Z4hY$_$6,0,And,0.0,0.4,0,6400,0,4,0.0,400.0,0,10,0.0,300.0,333.3333333333333,38,4,1.0,1.0,1.0,proportional,True,transcript_proportional
-HwX2H8Z4hY$_$6,1,in,0.4,0.6666666666666665,6400,10667,4,7,400.0,666.6666666666665,12,19,400.0,600.0,633.3333333333334,25,3,1.0,1.0,1.0,proportional,True,transcript_proportional
-HwX2H8Z4hY$_$6,2,"part,",0.6666666666666665,1.333333333333333,10667,21333,7,14,666.6666666666665,1333.333333333333,21,40,700.0,1300.0,1333.3333333333333,65,7,1.0,1.0,1.0,proportional,True,transcript_proportional
-HwX2H8Z4hY$_$6,3,Al,1.333333333333333,1.6,21333,25600,14,16,1333.333333333333,1600.0,42,46,1400.0,1500.0,1533.3333333333333,25,2,1.0,0.6666666666666666,0.6666666666666666,proportional,True,transcript_proportional
-HwX2H8Z4hY$_$6,4,Shanker,1.6,2.533333333333333,25600,40533,16,26,1600.0,2533.333333333333,48,76,1600.0,2500.0,2533.3333333333335,91,10,1.0,1.0,1.0,proportional,True,transcript_proportional
-HwX2H8Z4hY$_$6,5,did,2.533333333333333,2.933333333333333,40533,46933,26,30,2533.333333333333,2933.333333333333,78,88,2600.0,2900.0,2933.3333333333335,38,4,1.0,1.0,1.0,proportional,True,transcript_proportional
-HwX2H8Z4hY$_$6,6,too,2.933333333333333,3.333333333333333,46933,52096,30,34,2933.333333333333,3256.0,90,99,3000.0,3300.0,3333.3333333333335,30,4,0.7894736842105263,1.0,0.7894736842105263,proportional,True,transcript_proportional
-HwX2H8Z4hY$_$9,0,It,0.0,0.1578231292517007,0,2525,0,2,0.0,157.8231292517007,0,4,0.0,100.0,133.33333333333334,14,2,1.0,1.0,1.0,proportional,True,transcript_proportional
-HwX2H8Z4hY$_$9,1,is,0.1578231292517007,0.3156462585034014,2525,5050,2,4,157.8231292517007,315.6462585034014,6,10,200.0,300.0,333.3333333333333,14,2,1.0,1.0,1.0,proportional,True,transcript_proportional
-HwX2H8Z4hY$_$9,2,a,0.3156462585034014,0.3945578231292517,5050,6313,4,4,315.6462585034014,394.5578231292517,-1,-1,,,,6,0,1.0,0.0,0.0,proportional,True,transcript_proportional
-HwX2H8Z4hY$_$9,3,word,0.3945578231292517,0.710204081632653,6313,11363,4,8,394.5578231292517,710.204081632653,12,22,400.0,700.0,733.3333333333334,30,4,1.0,1.0,1.0,proportional,True,transcript_proportional
-HwX2H8Z4hY$_$9,4,which,0.710204081632653,1.1047619047619048,11363,17676,8,12,710.204081632653,1104.7619047619048,24,34,800.0,1100.0,1133.3333333333333,37,4,1.0,1.0,1.0,proportional,True,transcript_proportional
-HwX2H8Z4hY$_$9,5,the,1.1047619047619048,1.3414965986394558,17676,21464,12,14,1104.7619047619048,1341.496598639456,36,40,1200.0,1300.0,1333.3333333333333,22,2,1.0,0.6666666666666666,0.6666666666666666,proportional,True,transcript_proportional
-HwX2H8Z4hY$_$9,6,administrator,1.3414965986394558,2.36734693877551,21464,37878,14,24,1341.496598639456,2367.3469387755104,42,70,1400.0,2300.0,2333.3333333333335,101,10,1.0,0.9090909090909091,0.9090909090909091,proportional,True,transcript_proportional
-HwX2H8Z4hY$_$9,7,uses,2.36734693877551,2.6829931972789116,37878,42928,24,27,2367.3469387755104,2682.993197278912,72,79,2400.0,2600.0,2633.3333333333335,30,3,1.0,0.75,0.75,proportional,True,transcript_proportional
-HwX2H8Z4hY$_$9,8,when,2.6829931972789116,2.998639455782313,42928,47978,27,30,2682.993197278912,2998.6394557823132,81,88,2700.0,2900.0,2933.3333333333335,30,3,1.0,0.75,0.75,proportional,True,transcript_proportional
-HwX2H8Z4hY$_$9,9,he,2.998639455782313,3.1564625850340136,47978,50503,30,32,2998.6394557823132,3156.4625850340135,90,94,3000.0,3100.0,3133.3333333333335,14,2,1.0,1.0,1.0,proportional,True,transcript_proportional
-HwX2H8Z4hY$_$9,10,turns,3.1564625850340136,3.5510204081632653,50503,56816,32,36,3156.4625850340135,3551.020408163265,96,106,3200.0,3500.0,3533.3333333333335,37,4,1.0,1.0,1.0,proportional,True,transcript_proportional
-HwX2H8Z4hY$_$9,11,around,3.5510204081632653,4.024489795918367,56816,64392,36,41,3551.020408163265,4024.489795918367,108,121,3600.0,4000.0,4033.3333333333335,45,5,1.0,1.0,1.0,proportional,True,transcript_proportional
-HwX2H8Z4hY$_$9,12,anything,4.024489795918367,4.65578231292517,64392,74493,41,47,4024.489795918367,4655.782312925169,123,139,4100.0,4600.0,4633.333333333333,61,6,1.0,0.8571428571428571,0.8571428571428571,proportional,True,transcript_proportional
-HwX2H8Z4hY$_$9,13,which,4.65578231292517,5.050340136054422,74493,80805,47,51,4655.782312925169,5050.340136054422,141,151,4700.0,5000.0,5033.333333333333,37,4,1.0,1.0,1.0,proportional,True,transcript_proportional
-HwX2H8Z4hY$_$9,14,he,5.050340136054422,5.208163265306122,80805,83331,51,53,5050.340136054422,5208.1632653061215,153,157,5100.0,5200.0,5233.333333333333,14,2,1.0,1.0,1.0,proportional,True,transcript_proportional
-HwX2H8Z4hY$_$9,15,doesn't,5.208163265306122,5.760544217687075,83331,92169,53,58,5208.1632653061215,5760.544217687075,159,172,5300.0,5700.0,5733.333333333333,53,5,1.0,0.8333333333333334,0.8333333333333334,proportional,True,transcript_proportional
-HwX2H8Z4hY$_$9,16,like,5.760544217687075,6.076190476190477,92169,97219,58,61,5760.544217687075,6076.190476190477,174,181,5800.0,6000.0,6033.333333333333,30,3,1.0,0.75,0.75,proportional,True,transcript_proportional
-HwX2H8Z4hY$_$9,17,that,6.076190476190477,6.391836734693877,97219,102269,61,64,6076.190476190477,6391.836734693877,183,190,6100.0,6300.0,6333.333333333333,30,3,1.0,0.75,0.75,proportional,True,transcript_proportional
-HwX2H8Z4hY$_$9,18,the,6.391836734693877,6.628571428571429,102269,106057,64,67,6391.836734693877,6628.571428571429,192,199,6400.0,6600.0,6633.333333333333,22,3,1.0,1.0,1.0,proportional,True,transcript_proportional
-HwX2H8Z4hY$_$9,19,teacher,6.628571428571429,7.180952380952381,106057,114895,67,72,6628.571428571429,7180.952380952382,201,214,6700.0,7100.0,7133.333333333333,53,5,1.0,0.8333333333333334,0.8333333333333334,proportional,True,transcript_proportional
-HwX2H8Z4hY$_$9,20,is,7.180952380952381,7.338775510204082,114895,117420,72,74,7180.952380952382,7338.775510204082,216,220,7200.0,7300.0,7333.333333333333,14,2,1.0,1.0,1.0,proportional,True,transcript_proportional
-HwX2H8Z4hY$_$9,21,doing,7.338775510204082,7.733333333333333,117420,122182,74,78,7338.775510204082,7636.375,222,232,7400.0,7700.0,7733.333333333333,28,4,0.7567567567567568,1.0,0.7567567567567568,proportional,True,transcript_proportional
-NFrJFQijFE$_$1,0,Structural,0.0,0.7333333333333333,0,11733,0,7,0.0,733.3333333333333,0,19,0.0,720.0,760.0,71,7,1.0,0.875,0.875,proportional,True,transcript_proportional
-NFrJFQijFE$_$1,1,mounts,0.7333333333333333,1.1733333333333333,11733,18773,7,10,733.3333333333333,1173.3333333333333,21,28,840.0,1080.0,1120.0,42,3,1.0,0.6,0.6,proportional,True,transcript_proportional
-NFrJFQijFE$_$1,2,inside,1.1733333333333333,1.6133333333333333,18773,25813,10,14,1173.3333333333333,1613.3333333333333,30,40,1200.0,1560.0,1600.0,42,4,1.0,0.8,0.8,proportional,True,transcript_proportional
-NFrJFQijFE$_$1,3,have,1.6133333333333333,1.9066666666666667,25813,30507,14,16,1613.3333333333333,1906.6666666666667,42,46,1680.0,1800.0,1840.0,27,2,1.0,0.6666666666666666,0.6666666666666666,proportional,True,transcript_proportional
-NFrJFQijFE$_$1,4,to,1.9066666666666667,2.0533333333333332,30507,32853,16,18,1906.6666666666667,2053.333333333333,48,52,1920.0,2040.0,2080.0,13,2,1.0,1.0,1.0,proportional,True,transcript_proportional
-NFrJFQijFE$_$1,5,be,2.0533333333333332,2.1999999999999997,32853,35200,18,19,2053.333333333333,2199.9999999999995,54,55,2160.0,2160.0,2200.0,13,1,1.0,0.5,0.5,proportional,True,transcript_proportional
-NFrJFQijFE$_$1,6,properly,2.1999999999999997,2.7866666666666666,35200,44587,19,24,2199.9999999999995,2786.6666666666665,57,70,2280.0,2760.0,2800.0,57,5,1.0,0.8333333333333334,0.8333333333333334,proportional,True,transcript_proportional
-NFrJFQijFE$_$1,7,stress,2.7866666666666666,3.2266666666666666,44587,51627,24,27,2786.6666666666665,3226.6666666666665,72,79,2880.0,3120.0,3160.0,42,3,1.0,0.6,0.6,proportional,True,transcript_proportional
-NFrJFQijFE$_$1,8,analyzed,3.2266666666666666,3.8133333333333335,51627,61013,27,32,3226.6666666666665,3813.3333333333335,81,94,3240.0,3720.0,3760.0,57,5,1.0,0.8333333333333334,0.8333333333333334,proportional,True,transcript_proportional
-NFrJFQijFE$_$1,9,so,3.8133333333333335,3.96,61013,63360,32,33,3813.3333333333335,3960.0,96,97,3840.0,3840.0,3880.0,13,1,1.0,0.5,0.5,proportional,True,transcript_proportional
-NFrJFQijFE$_$1,10,we,3.96,4.1066666666666665,63360,65707,33,35,3960.0,4106.666666666666,99,103,3960.0,4080.0,4120.0,13,2,1.0,1.0,1.0,proportional,True,transcript_proportional
-NFrJFQijFE$_$1,11,make,4.1066666666666665,4.3999999999999995,65707,70400,35,37,4106.666666666666,4399.999999999999,105,109,4200.0,4320.0,4360.0,27,2,1.0,0.6666666666666666,0.6666666666666666,proportional,True,transcript_proportional
-NFrJFQijFE$_$1,12,sure,4.3999999999999995,4.693333333333333,70400,75093,37,40,4399.999999999999,4693.333333333333,111,118,4440.0,4680.0,4720.0,27,3,1.0,1.0,1.0,proportional,True,transcript_proportional
-NFrJFQijFE$_$1,13,all,4.693333333333333,4.913333333333333,75093,78613,40,41,4693.333333333333,4913.333333333333,120,121,4800.0,4800.0,4840.0,20,1,1.0,0.3333333333333333,0.3333333333333333,proportional,True,transcript_proportional
-NFrJFQijFE$_$1,14,that,4.913333333333333,5.206666666666667,78613,83307,41,44,4913.333333333333,5206.666666666667,123,130,4920.0,5160.0,5200.0,27,3,1.0,1.0,1.0,proportional,True,transcript_proportional
-NFrJFQijFE$_$1,15,happens,5.206666666666667,5.72,83307,90542,44,48,5206.666666666667,5658.875,132,142,5280.0,5680.0,5720.0,43,4,0.8775510204081632,0.6666666666666666,0.6666666666666666,proportional,True,transcript_proportional
-NFrJFQijFE$_$2,0,So,0.0,0.16481927710843372,0,2637,0,2,0.0,164.8192771084337,0,4,0.0,120.0,160.0,14,2,1.0,1.0,1.0,proportional,True,transcript_proportional
-NFrJFQijFE$_$2,1,we,0.16481927710843372,0.32963855421686744,2637,5274,2,3,164.8192771084337,329.6385542168674,6,7,240.0,240.0,280.0,14,1,1.0,0.5,0.5,proportional,True,transcript_proportional
-NFrJFQijFE$_$2,2,coordinate,0.32963855421686744,1.153734939759036,5274,18460,3,10,329.6385542168674,1153.734939759036,9,28,360.0,1080.0,1120.0,80,7,1.0,0.7777777777777778,0.7777777777777778,proportional,True,transcript_proportional
-NFrJFQijFE$_$2,3,with,1.153734939759036,1.4833734939759036,18460,23734,10,13,1153.734939759036,1483.3734939759036,30,37,1200.0,1440.0,1480.0,31,3,1.0,0.75,0.75,proportional,True,transcript_proportional
-NFrJFQijFE$_$2,4,all,1.4833734939759036,1.7306024096385542,23734,27690,13,15,1483.3734939759036,1730.6024096385543,39,43,1560.0,1680.0,1720.0,23,2,1.0,0.6666666666666666,0.6666666666666666,proportional,True,transcript_proportional
-NFrJFQijFE$_$2,5,the,1.7306024096385542,1.9778313253012048,27690,31645,15,17,1730.6024096385543,1977.8313253012047,45,49,1800.0,1920.0,1960.0,23,2,1.0,0.6666666666666666,0.6666666666666666,proportional,True,transcript_proportional
-NFrJFQijFE$_$2,6,proper,1.9778313253012048,2.472289156626506,31645,39557,17,21,1977.8313253012047,2472.289156626506,51,61,2040.0,2400.0,2440.0,47,4,1.0,0.8,0.8,proportional,True,transcript_proportional
-NFrJFQijFE$_$2,7,technical,2.472289156626506,3.2139759036144575,39557,51424,21,27,2472.289156626506,3213.9759036144574,63,79,2520.0,3120.0,3160.0,72,6,1.0,0.75,0.75,proportional,True,transcript_proportional
-NFrJFQijFE$_$2,8,fields,3.2139759036144575,3.708433734939759,51424,59335,27,31,3213.9759036144574,3708.4337349397592,81,91,3240.0,3600.0,3640.0,47,4,1.0,0.8,0.8,proportional,True,transcript_proportional
-NFrJFQijFE$_$2,9,to,3.708433734939759,3.873253012048193,59335,61972,31,33,3708.4337349397592,3873.2530120481933,93,97,3720.0,3840.0,3880.0,14,2,1.0,1.0,1.0,proportional,True,transcript_proportional
-NFrJFQijFE$_$2,10,get,3.873253012048193,4.120481927710843,61972,65928,33,35,3873.2530120481933,4120.481927710843,99,103,3960.0,4080.0,4120.0,23,2,1.0,0.6666666666666666,0.6666666666666666,proportional,True,transcript_proportional
-NFrJFQijFE$_$2,11,ready,4.120481927710843,4.532530120481928,65928,72520,35,38,4120.481927710843,4532.530120481928,105,112,4200.0,4440.0,4480.0,39,3,1.0,0.6,0.6,proportional,True,transcript_proportional
-NFrJFQijFE$_$2,12,for,4.532530120481928,4.779759036144578,72520,76476,38,40,4532.530120481928,4779.759036144578,114,118,4560.0,4680.0,4720.0,23,2,1.0,0.6666666666666666,0.6666666666666666,proportional,True,transcript_proportional
-NFrJFQijFE$_$2,13,the,4.779759036144578,5.026987951807229,76476,80432,40,42,4779.759036144578,5026.9879518072285,120,124,4800.0,4920.0,4960.0,23,2,1.0,0.6666666666666666,0.6666666666666666,proportional,True,transcript_proportional
-NFrJFQijFE$_$2,14,instrument,5.026987951807229,5.8510843373493975,80432,93617,42,49,5026.9879518072285,5851.084337349397,126,145,5040.0,5760.0,5800.0,80,7,1.0,0.7777777777777778,0.7777777777777778,proportional,True,transcript_proportional
-NFrJFQijFE$_$2,15,to,5.8510843373493975,6.015903614457831,93617,96254,49,51,5851.084337349397,6015.903614457831,147,151,5880.0,6000.0,6040.0,14,2,1.0,1.0,1.0,proportional,True,transcript_proportional
-NFrJFQijFE$_$2,16,arrive,6.015903614457831,6.510361445783133,96254,104166,51,55,6015.903614457831,6510.361445783133,153,163,6120.0,6480.0,6520.0,47,4,1.0,0.8,0.8,proportional,True,transcript_proportional
-NFrJFQijFE$_$2,17,here,6.510361445783133,6.840000000000001,104166,107174,55,57,6510.361445783133,6698.375,165,169,6600.0,6800.0,6840.0,17,2,0.5483870967741935,0.5,0.5,proportional,True,transcript_proportional
-THoVjtIkeU$_$12,0,What,0.0,0.35187376725838265,0,5630,0,4,0.0,351.87376725838266,0,10,0.0,300.0,333.3333333333333,33,4,1.0,1.0,1.0,proportional,True,transcript_proportional
-THoVjtIkeU$_$12,1,ever,0.35187376725838265,0.7037475345167653,5630,11260,4,8,351.87376725838266,703.7475345167653,12,22,400.0,700.0,733.3333333333334,33,4,1.0,1.0,1.0,proportional,True,transcript_proportional
-THoVjtIkeU$_$12,2,we,0.7037475345167653,0.8796844181459568,11260,14075,8,9,703.7475345167653,879.6844181459568,24,25,800.0,800.0,833.3333333333334,16,1,1.0,0.5,0.5,proportional,True,transcript_proportional
-THoVjtIkeU$_$12,3,turn,0.8796844181459568,1.2315581854043391,14075,19705,9,13,879.6844181459568,1231.5581854043392,27,37,900.0,1200.0,1233.3333333333333,33,4,1.0,1.0,1.0,proportional,True,transcript_proportional
-THoVjtIkeU$_$12,4,our,1.2315581854043391,1.4954635108481262,19705,23927,13,15,1231.5581854043392,1495.4635108481261,39,43,1300.0,1400.0,1433.3333333333333,24,2,1.0,0.6666666666666666,0.6666666666666666,proportional,True,transcript_proportional
-THoVjtIkeU$_$12,5,attention,1.4954635108481262,2.2871794871794875,23927,36595,15,23,1495.4635108481261,2287.1794871794873,45,67,1500.0,2200.0,2233.3333333333335,77,8,1.0,1.0,1.0,proportional,True,transcript_proportional
-THoVjtIkeU$_$12,6,to,2.2871794871794875,2.4631163708086783,36595,39410,23,25,2287.1794871794873,2463.1163708086783,69,73,2300.0,2400.0,2433.3333333333335,16,2,1.0,1.0,1.0,proportional,True,transcript_proportional
-THoVjtIkeU$_$12,7,is,2.4631163708086783,2.63905325443787,39410,42225,25,27,2463.1163708086783,2639.05325443787,75,79,2500.0,2600.0,2633.3333333333335,16,2,1.0,1.0,1.0,proportional,True,transcript_proportional
-THoVjtIkeU$_$12,8,what,2.63905325443787,2.9909270216962525,42225,47855,27,30,2639.05325443787,2990.9270216962523,81,88,2700.0,2900.0,2933.3333333333335,33,3,1.0,0.75,0.75,proportional,True,transcript_proportional
-THoVjtIkeU$_$12,9,grows,2.9909270216962525,3.430769230769231,47855,54892,30,35,2990.9270216962523,3430.769230769231,90,103,3000.0,3400.0,3433.3333333333335,42,5,1.0,1.0,1.0,proportional,True,transcript_proportional
-THoVjtIkeU$_$12,10,and,3.430769230769231,3.6946745562130174,54892,59115,35,37,3430.769230769231,3694.6745562130172,105,109,3500.0,3600.0,3633.3333333333335,24,2,1.0,0.6666666666666666,0.6666666666666666,proportional,True,transcript_proportional
-THoVjtIkeU$_$12,11,so,3.6946745562130174,3.870611439842209,59115,61930,37,39,3694.6745562130172,3870.611439842209,111,115,3700.0,3800.0,3833.3333333333335,16,2,1.0,1.0,1.0,proportional,True,transcript_proportional
-THoVjtIkeU$_$12,12,if,3.870611439842209,4.0465483234714,61930,64745,39,41,3870.611439842209,4046.5483234714,117,121,3900.0,4000.0,4033.3333333333335,16,2,1.0,1.0,1.0,proportional,True,transcript_proportional
-THoVjtIkeU$_$12,13,we,4.0465483234714,4.222485207100592,64745,67560,41,43,4046.5483234714,4222.485207100592,123,127,4100.0,4200.0,4233.333333333333,16,2,1.0,1.0,1.0,proportional,True,transcript_proportional
-THoVjtIkeU$_$12,14,believe,4.222485207100592,4.838264299802762,67560,77412,43,49,4222.485207100592,4838.264299802762,129,145,4300.0,4800.0,4833.333333333333,60,6,1.0,0.8571428571428571,0.8571428571428571,proportional,True,transcript_proportional
-THoVjtIkeU$_$12,15,that,4.838264299802762,5.190138067061144,77412,83042,49,52,4838.264299802762,5190.138067061144,147,154,4900.0,5100.0,5133.333333333333,33,3,1.0,0.75,0.75,proportional,True,transcript_proportional
-THoVjtIkeU$_$12,16,anything,5.190138067061144,5.893885601577909,83042,94302,52,59,5190.138067061144,5893.885601577909,156,175,5200.0,5800.0,5833.333333333333,68,7,1.0,0.875,0.875,proportional,True,transcript_proportional
-THoVjtIkeU$_$12,17,is,5.893885601577909,6.0698224852071005,94302,97117,59,61,5893.885601577909,6069.822485207101,177,181,5900.0,6000.0,6033.333333333333,16,2,1.0,1.0,1.0,proportional,True,transcript_proportional
-THoVjtIkeU$_$12,18,"possible,",6.0698224852071005,6.861538461538462,97117,109785,61,69,6069.822485207101,6861.538461538462,183,205,6100.0,6800.0,6833.333333333333,77,8,1.0,1.0,1.0,proportional,True,transcript_proportional
-THoVjtIkeU$_$12,19,if,6.861538461538462,7.037475345167654,109785,112600,69,71,6861.538461538462,7037.475345167654,207,211,6900.0,7000.0,7033.333333333333,16,2,1.0,1.0,1.0,proportional,True,transcript_proportional
-THoVjtIkeU$_$12,20,we,7.037475345167654,7.213412228796844,112600,115415,71,73,7037.475345167654,7213.412228796844,213,217,7100.0,7200.0,7233.333333333333,16,2,1.0,1.0,1.0,proportional,True,transcript_proportional
-THoVjtIkeU$_$12,21,believe,7.213412228796844,7.829191321499015,115415,125267,73,79,7213.412228796844,7829.1913214990145,219,235,7300.0,7800.0,7833.333333333333,60,6,1.0,0.8571428571428571,0.8571428571428571,proportional,True,transcript_proportional
-THoVjtIkeU$_$12,22,that,7.829191321499015,8.181065088757398,125267,130897,79,82,7829.1913214990145,8181.065088757398,237,244,7900.0,8100.0,8133.333333333333,33,3,1.0,0.75,0.75,proportional,True,transcript_proportional
-THoVjtIkeU$_$12,23,social,8.181065088757398,8.70887573964497,130897,139342,82,88,8181.065088757398,8708.875739644971,246,262,8200.0,8700.0,8733.333333333334,51,6,1.0,1.0,1.0,proportional,True,transcript_proportional
-THoVjtIkeU$_$12,24,justice,8.70887573964497,9.324654832347141,139342,149194,88,94,8708.875739644971,9324.654832347142,264,280,8800.0,9300.0,9333.333333333334,60,6,1.0,0.8571428571428571,0.8571428571428571,proportional,True,transcript_proportional
-THoVjtIkeU$_$12,25,can,9.324654832347141,9.588560157790928,149194,153417,94,96,9324.654832347142,9588.560157790927,282,286,9400.0,9500.0,9533.333333333334,24,2,1.0,0.6666666666666666,0.6666666666666666,proportional,True,transcript_proportional
-THoVjtIkeU$_$12,26,be,9.588560157790928,9.76449704142012,153417,156232,96,98,9588.560157790927,9764.49704142012,288,292,9600.0,9700.0,9733.333333333334,16,2,1.0,1.0,1.0,proportional,True,transcript_proportional
-THoVjtIkeU$_$12,27,achieved,9.76449704142012,10.468244575936884,156232,167492,98,105,9764.49704142012,10468.244575936884,294,313,9800.0,10400.0,10433.333333333334,68,7,1.0,0.875,0.875,proportional,True,transcript_proportional
-THoVjtIkeU$_$12,28,and,10.468244575936884,10.732149901380671,167492,171714,105,108,10468.244575936884,10732.149901380672,315,322,10500.0,10700.0,10733.333333333334,24,3,1.0,1.0,1.0,proportional,True,transcript_proportional
-THoVjtIkeU$_$12,29,if,10.732149901380671,10.908086785009862,171714,174529,108,110,10732.149901380672,10908.086785009862,324,328,10800.0,10900.0,10933.333333333334,16,2,1.0,1.0,1.0,proportional,True,transcript_proportional
-THoVjtIkeU$_$12,30,we,10.908086785009862,11.084023668639054,174529,177344,110,111,10908.086785009862,11084.023668639054,330,331,11000.0,11000.0,11033.333333333334,16,1,1.0,0.5,0.5,proportional,True,transcript_proportional
-THoVjtIkeU$_$12,31,believe,11.084023668639054,11.699802761341223,177344,187197,111,117,11084.023668639054,11699.802761341223,333,349,11100.0,11600.0,11633.333333333334,60,6,1.0,0.8571428571428571,0.8571428571428571,proportional,True,transcript_proportional
-THoVjtIkeU$_$12,32,in,11.699802761341223,11.875739644970414,187197,190012,117,119,11699.802761341223,11875.739644970414,351,355,11700.0,11800.0,11833.333333333334,16,2,1.0,1.0,1.0,proportional,True,transcript_proportional
-THoVjtIkeU$_$12,33,"youth,",11.875739644970414,12.40355029585799,190012,198457,119,125,11875.739644970414,12403.55029585799,357,373,11900.0,12400.0,12433.333333333334,51,6,1.0,1.0,1.0,proportional,True,transcript_proportional
-THoVjtIkeU$_$12,34,they,12.40355029585799,12.75542406311637,198457,204087,125,128,12403.55029585799,12755.42406311637,375,382,12500.0,12700.0,12733.333333333334,33,3,1.0,0.75,0.75,proportional,True,transcript_proportional
-THoVjtIkeU$_$12,35,will,12.75542406311637,13.107297830374753,204087,209717,128,132,12755.42406311637,13107.297830374753,384,394,12800.0,13100.0,13133.333333333334,33,4,1.0,1.0,1.0,proportional,True,transcript_proportional
-THoVjtIkeU$_$12,36,believe,13.107297830374753,13.723076923076924,209717,219569,132,138,13107.297830374753,13723.076923076924,396,412,13200.0,13700.0,13733.333333333334,60,6,1.0,0.8571428571428571,0.8571428571428571,proportional,True,transcript_proportional
-THoVjtIkeU$_$12,37,in,13.723076923076924,13.899013806706115,219569,222384,138,139,13723.076923076924,13899.013806706116,414,415,13800.0,13800.0,13833.333333333334,16,1,1.0,0.5,0.5,proportional,True,transcript_proportional
-THoVjtIkeU$_$12,38,themselves.,13.899013806706115,14.866666666666667,222384,236889,139,149,13899.013806706116,14805.5625,417,445,13900.0,14833.333333333334,14866.666666666668,89,10,0.9368421052631579,1.0,0.9368421052631579,proportional,True,transcript_proportional
-THoVjtIkeU$_$2,0,I,0.0,0.07901234567901234,0,1264,0,1,0.0,79.01234567901234,0,1,0.0,0.0,33.333333333333336,6,1,1.0,1.0,1.0,proportional,True,transcript_proportional
-THoVjtIkeU$_$2,1,think,0.07901234567901234,0.4740740740740741,1264,7585,1,5,79.01234567901234,474.0740740740741,3,13,100.0,400.0,433.3333333333333,38,4,1.0,1.0,1.0,proportional,True,transcript_proportional
-THoVjtIkeU$_$2,2,social,0.4740740740740741,0.9481481481481482,7585,15170,5,10,474.0740740740741,948.1481481481482,15,28,500.0,900.0,933.3333333333334,45,5,1.0,1.0,1.0,proportional,True,transcript_proportional
-THoVjtIkeU$_$2,3,justice,0.9481481481481482,1.5012345679012344,15170,24020,10,16,948.1481481481482,1501.2345679012344,30,46,1000.0,1500.0,1533.3333333333333,53,6,1.0,1.0,1.0,proportional,True,transcript_proportional
-THoVjtIkeU$_$2,4,is,1.5012345679012344,1.6592592592592592,24020,26548,16,17,1501.2345679012344,1659.2592592592591,48,49,1600.0,1600.0,1633.3333333333333,14,1,1.0,0.5,0.5,proportional,True,transcript_proportional
-THoVjtIkeU$_$2,5,extremely,1.6592592592592592,2.3703703703703702,26548,37926,17,24,1659.2592592592591,2370.3703703703704,51,70,1700.0,2300.0,2333.3333333333335,69,7,1.0,0.875,0.875,proportional,True,transcript_proportional
-THoVjtIkeU$_$2,6,important,2.3703703703703702,3.0814814814814815,37926,49304,24,31,2370.3703703703704,3081.4814814814813,72,91,2400.0,3000.0,3033.3333333333335,69,7,1.0,0.875,0.875,proportional,True,transcript_proportional
-THoVjtIkeU$_$2,7,for,3.0814814814814815,3.3185185185185184,49304,53096,31,34,3081.4814814814813,3318.5185185185182,93,100,3100.0,3300.0,3333.3333333333335,22,3,1.0,1.0,1.0,proportional,True,transcript_proportional
-THoVjtIkeU$_$2,8,young,3.3185185185185184,3.71358024691358,53096,59417,34,38,3318.5185185185182,3713.58024691358,102,112,3400.0,3700.0,3733.3333333333335,38,4,1.0,1.0,1.0,proportional,True,transcript_proportional
-THoVjtIkeU$_$2,9,people.,3.71358024691358,4.266666666666667,59417,67694,38,43,3713.58024691358,4230.875,114,127,3800.0,4200.0,4233.333333333333,50,5,0.9433962264150944,0.8333333333333334,0.8333333333333334,proportional,True,transcript_proportional
-THoVjtIkeU$_$6,0,You,0.0,0.19999999999999998,0,3200,0,2,0.0,199.99999999999997,0,4,0.0,100.0,133.33333333333334,18,2,1.0,1.0,1.0,proportional,True,transcript_proportional
-THoVjtIkeU$_$6,1,know,0.19999999999999998,0.4666666666666667,3200,7467,2,5,199.99999999999997,466.6666666666667,6,13,200.0,400.0,433.3333333333333,25,3,1.0,1.0,1.0,proportional,True,transcript_proportional
-THoVjtIkeU$_$6,2,that,0.4666666666666667,0.7333333333333334,7467,11733,5,8,466.6666666666667,733.3333333333334,15,22,500.0,700.0,733.3333333333334,25,3,1.0,1.0,1.0,proportional,True,transcript_proportional
-THoVjtIkeU$_$6,3,I,0.7333333333333334,0.7999999999999999,11733,12800,8,8,733.3333333333334,799.9999999999999,-1,-1,,,,5,0,1.0,0.0,0.0,proportional,True,transcript_proportional
-THoVjtIkeU$_$6,4,think,0.7999999999999999,1.1333333333333333,12800,18133,8,12,799.9999999999999,1133.3333333333333,24,34,800.0,1100.0,1133.3333333333333,31,4,1.0,1.0,1.0,proportional,True,transcript_proportional
-THoVjtIkeU$_$6,5,listening,1.1333333333333333,1.7333333333333332,18133,27733,12,18,1133.3333333333333,1733.3333333333333,36,52,1200.0,1700.0,1733.3333333333333,58,6,1.0,1.0,1.0,proportional,True,transcript_proportional
-THoVjtIkeU$_$6,6,to,1.7333333333333332,1.8666666666666667,27733,29867,18,19,1733.3333333333333,1866.6666666666667,54,55,1800.0,1800.0,1833.3333333333333,11,1,1.0,0.5,0.5,proportional,True,transcript_proportional
-THoVjtIkeU$_$6,7,young,1.8666666666666667,2.1999999999999997,29867,35200,19,22,1866.6666666666667,2199.9999999999995,57,64,1900.0,2100.0,2133.3333333333335,31,3,1.0,0.75,0.75,proportional,True,transcript_proportional
-THoVjtIkeU$_$6,8,"people,",2.1999999999999997,2.6666666666666665,35200,42667,22,27,2199.9999999999995,2666.6666666666665,66,79,2200.0,2600.0,2633.3333333333335,45,5,1.0,1.0,1.0,proportional,True,transcript_proportional
-THoVjtIkeU$_$6,9,taking,2.6666666666666665,3.0666666666666664,42667,49067,27,31,2666.6666666666665,3066.6666666666665,81,91,2700.0,3000.0,3033.3333333333335,38,4,1.0,1.0,1.0,proportional,True,transcript_proportional
-THoVjtIkeU$_$6,10,in,3.0666666666666664,3.1999999999999997,49067,51200,31,32,3066.6666666666665,3199.9999999999995,93,94,3100.0,3100.0,3133.3333333333335,11,1,1.0,0.5,0.5,proportional,True,transcript_proportional
-THoVjtIkeU$_$6,11,what,3.1999999999999997,3.4666666666666663,51200,55467,32,35,3199.9999999999995,3466.6666666666665,96,103,3200.0,3400.0,3433.3333333333335,25,3,1.0,1.0,1.0,proportional,True,transcript_proportional
-THoVjtIkeU$_$6,12,they,3.4666666666666663,3.7333333333333334,55467,59733,35,38,3466.6666666666665,3733.3333333333335,105,112,3500.0,3700.0,3733.3333333333335,25,3,1.0,1.0,1.0,proportional,True,transcript_proportional
-THoVjtIkeU$_$6,13,have,3.7333333333333334,4.0,59733,64000,38,40,3733.3333333333335,4000.0,114,118,3800.0,3900.0,3933.3333333333335,25,2,1.0,0.6666666666666666,0.6666666666666666,proportional,True,transcript_proportional
-THoVjtIkeU$_$6,14,to,4.0,4.133333333333333,64000,66133,40,42,4000.0,4133.333333333333,120,124,4000.0,4100.0,4133.333333333333,11,2,1.0,1.0,1.0,proportional,True,transcript_proportional
-THoVjtIkeU$_$6,15,say,4.133333333333333,4.333333333333334,66133,69333,42,44,4133.333333333333,4333.333333333334,126,130,4200.0,4300.0,4333.333333333333,18,2,1.0,0.6666666666666666,0.6666666666666666,proportional,True,transcript_proportional
-THoVjtIkeU$_$6,16,because,4.333333333333334,4.8,69333,76800,44,48,4333.333333333334,4800.0,132,142,4400.0,4700.0,4733.333333333333,45,4,1.0,0.8,0.8,proportional,True,transcript_proportional
-THoVjtIkeU$_$6,17,what,4.8,5.066666666666666,76800,81067,48,51,4800.0,5066.666666666666,144,151,4800.0,5000.0,5033.333333333333,25,3,1.0,1.0,1.0,proportional,True,transcript_proportional
-THoVjtIkeU$_$6,18,we,5.066666666666666,5.199999999999999,81067,83200,51,52,5066.666666666666,5199.999999999999,153,154,5100.0,5100.0,5133.333333333333,11,1,1.0,0.5,0.5,proportional,True,transcript_proportional
-THoVjtIkeU$_$6,19,have,5.199999999999999,5.466666666666667,83200,87467,52,55,5199.999999999999,5466.666666666667,156,163,5200.0,5400.0,5433.333333333333,25,3,1.0,1.0,1.0,proportional,True,transcript_proportional
-THoVjtIkeU$_$6,20,seen,5.466666666666667,5.733333333333333,87467,91733,55,58,5466.666666666667,5733.333333333333,165,172,5500.0,5700.0,5733.333333333333,25,3,1.0,1.0,1.0,proportional,True,transcript_proportional
-THoVjtIkeU$_$6,21,all,5.733333333333333,5.933333333333333,91733,94933,58,60,5733.333333333333,5933.333333333333,174,178,5800.0,5900.0,5933.333333333333,18,2,1.0,1.0,1.0,proportional,True,transcript_proportional
-THoVjtIkeU$_$6,22,around,5.933333333333333,6.333333333333333,94933,101333,60,64,5933.333333333333,6333.333333333333,180,190,6000.0,6300.0,6333.333333333333,38,4,1.0,0.8,0.8,proportional,True,transcript_proportional
-THoVjtIkeU$_$6,23,the,6.333333333333333,6.533333333333333,101333,104533,64,66,6333.333333333333,6533.333333333333,192,196,6400.0,6500.0,6533.333333333333,18,2,1.0,0.6666666666666666,0.6666666666666666,proportional,True,transcript_proportional
-THoVjtIkeU$_$6,24,world,6.533333333333333,6.866666666666667,104533,109867,66,69,6533.333333333333,6866.666666666667,198,205,6600.0,6800.0,6833.333333333333,31,3,1.0,0.75,0.75,proportional,True,transcript_proportional
-THoVjtIkeU$_$6,25,is,6.866666666666667,7.0,109867,112000,69,70,6866.666666666667,7000.0,207,208,6900.0,6900.0,6933.333333333333,11,1,1.0,0.5,0.5,proportional,True,transcript_proportional
-THoVjtIkeU$_$6,26,the,7.0,7.199999999999999,112000,115200,70,72,7000.0,7199.999999999999,210,214,7000.0,7100.0,7133.333333333333,18,2,1.0,1.0,1.0,proportional,True,transcript_proportional
-THoVjtIkeU$_$6,27,power,7.199999999999999,7.533333333333333,115200,120533,72,76,7199.999999999999,7533.333333333333,216,226,7200.0,7500.0,7533.333333333333,31,4,1.0,1.0,1.0,proportional,True,transcript_proportional
-THoVjtIkeU$_$6,28,of,7.533333333333333,7.666666666666666,120533,122667,76,77,7533.333333333333,7666.666666666666,228,229,7600.0,7600.0,7633.333333333333,11,1,1.0,0.5,0.5,proportional,True,transcript_proportional
-THoVjtIkeU$_$6,29,youth.,7.666666666666666,8.066666666666666,122667,127727,77,81,7666.666666666666,7982.9375,231,241,7700.0,8033.333333333333,8066.666666666666,30,4,0.7894736842105263,0.8,0.7894736842105263,proportional,True,transcript_proportional
-UuX1xuaiiE$_$1,0,^And,0.0,0.3387978142076503,0,5421,0,4,0.0,338.79781420765033,0,10,0.0,300.0,333.3333333333333,32,4,1.0,1.0,1.0,proportional,True,transcript_proportional
-UuX1xuaiiE$_$1,1,all,0.3387978142076503,0.5928961748633881,5421,9486,4,6,338.79781420765033,592.8961748633881,12,16,400.0,500.0,533.3333333333334,23,2,1.0,0.6666666666666666,0.6666666666666666,proportional,True,transcript_proportional
-UuX1xuaiiE$_$1,2,of,0.5928961748633881,0.7622950819672131,9486,12197,6,8,592.8961748633881,762.295081967213,18,22,600.0,700.0,733.3333333333334,15,2,1.0,1.0,1.0,proportional,True,transcript_proportional
-UuX1xuaiiE$_$1,3,them,0.7622950819672131,1.1010928961748634,12197,17617,8,12,762.295081967213,1101.0928961748634,24,34,800.0,1100.0,1133.3333333333333,32,4,1.0,1.0,1.0,proportional,True,transcript_proportional
-UuX1xuaiiE$_$1,4,are,1.1010928961748634,1.3551912568306013,17617,21683,12,14,1101.0928961748634,1355.1912568306013,36,40,1200.0,1300.0,1333.3333333333333,23,2,1.0,0.6666666666666666,0.6666666666666666,proportional,True,transcript_proportional
-UuX1xuaiiE$_$1,5,really,1.3551912568306013,1.8633879781420766,21683,29814,14,19,1355.1912568306013,1863.3879781420765,42,55,1400.0,1800.0,1833.3333333333333,49,5,1.0,0.8333333333333334,0.8333333333333334,proportional,True,transcript_proportional
-UuX1xuaiiE$_$1,6,being,1.8633879781420766,2.2868852459016393,29814,36590,19,23,1863.3879781420765,2286.8852459016393,57,67,1900.0,2200.0,2233.3333333333335,40,4,1.0,0.8,0.8,proportional,True,transcript_proportional
-UuX1xuaiiE$_$1,7,able,2.2868852459016393,2.62568306010929,36590,42011,23,27,2286.8852459016393,2625.68306010929,69,79,2300.0,2600.0,2633.3333333333335,32,4,1.0,1.0,1.0,proportional,True,transcript_proportional
-UuX1xuaiiE$_$1,8,to,2.62568306010929,2.7950819672131146,42011,44721,27,28,2625.68306010929,2795.0819672131147,81,82,2700.0,2700.0,2733.3333333333335,15,1,1.0,0.5,0.5,proportional,True,transcript_proportional
-UuX1xuaiiE$_$1,9,explore,2.7950819672131146,3.387978142076503,44721,54208,28,34,2795.0819672131147,3387.978142076503,84,100,2800.0,3300.0,3333.3333333333335,57,6,1.0,1.0,1.0,proportional,True,transcript_proportional
-UuX1xuaiiE$_$1,10,^these,3.387978142076503,3.8961748633879782,54208,62339,34,39,3387.978142076503,3896.1748633879783,102,115,3400.0,3800.0,3833.3333333333335,49,5,1.0,0.8333333333333334,0.8333333333333334,proportional,True,transcript_proportional
-UuX1xuaiiE$_$1,11,different,3.8961748633879782,4.658469945355192,62339,74536,39,47,3896.1748633879783,4658.469945355192,117,139,3900.0,4600.0,4633.333333333333,74,8,1.0,1.0,1.0,proportional,True,transcript_proportional
-UuX1xuaiiE$_$1,12,areas,4.658469945355192,5.081967213114754,74536,81311,47,51,4658.469945355192,5081.967213114754,141,151,4700.0,5000.0,5033.333333333333,40,4,1.0,0.8,0.8,proportional,True,transcript_proportional
-UuX1xuaiiE$_$1,13,in,5.081967213114754,5.25136612021858,81311,84022,51,53,5081.967213114754,5251.36612021858,153,157,5100.0,5200.0,5233.333333333333,15,2,1.0,1.0,1.0,proportional,True,transcript_proportional
-UuX1xuaiiE$_$1,14,depth,5.25136612021858,5.674863387978142,84022,90798,53,57,5251.36612021858,5674.863387978142,159,169,5300.0,5600.0,5633.333333333333,40,4,1.0,0.8,0.8,proportional,True,transcript_proportional
-UuX1xuaiiE$_$1,15,^in,5.674863387978142,5.92896174863388,90798,94863,57,60,5674.863387978142,5928.96174863388,171,178,5700.0,5900.0,5933.333333333333,23,3,1.0,1.0,1.0,proportional,True,transcript_proportional
-UuX1xuaiiE$_$1,16,a,5.92896174863388,6.013661202185793,94863,96219,60,61,5928.96174863388,6013.661202185794,180,181,6000.0,6000.0,6033.333333333333,6,1,1.0,1.0,1.0,proportional,True,transcript_proportional
-UuX1xuaiiE$_$1,17,way,6.013661202185793,6.267759562841531,96219,100284,61,63,6013.661202185794,6267.75956284153,183,187,6100.0,6200.0,6233.333333333333,23,2,1.0,0.6666666666666666,0.6666666666666666,proportional,True,transcript_proportional
-UuX1xuaiiE$_$1,18,that,6.267759562841531,6.60655737704918,100284,105705,63,67,6267.75956284153,6606.55737704918,189,199,6300.0,6600.0,6633.333333333333,32,4,1.0,1.0,1.0,proportional,True,transcript_proportional
-UuX1xuaiiE$_$1,19,really,6.60655737704918,7.114754098360656,105705,113836,67,72,6606.55737704918,7114.754098360656,201,214,6700.0,7100.0,7133.333333333333,49,5,1.0,0.8333333333333334,0.8333333333333334,proportional,True,transcript_proportional
-UuX1xuaiiE$_$1,20,wasn't,7.114754098360656,7.622950819672131,113836,121967,72,77,7114.754098360656,7622.950819672132,216,229,7200.0,7600.0,7633.333333333333,49,5,1.0,0.8333333333333334,0.8333333333333334,proportional,True,transcript_proportional
-UuX1xuaiiE$_$1,21,available,7.622950819672131,8.385245901639346,121967,134164,77,84,7622.950819672132,8385.245901639346,231,250,7700.0,8300.0,8333.333333333334,74,7,1.0,0.875,0.875,proportional,True,transcript_proportional
-UuX1xuaiiE$_$1,22,^before,8.385245901639346,8.978142076502733,134164,143650,84,90,8385.245901639346,8978.142076502732,252,268,8400.0,8900.0,8933.333333333334,57,6,1.0,1.0,1.0,proportional,True,transcript_proportional
-UuX1xuaiiE$_$1,23,the,8.978142076502733,9.23224043715847,143650,147716,90,93,8978.142076502732,9232.24043715847,270,277,9000.0,9200.0,9233.333333333334,23,3,1.0,1.0,1.0,proportional,True,transcript_proportional
-UuX1xuaiiE$_$1,24,center,9.23224043715847,9.740437158469947,147716,155847,93,98,9232.24043715847,9740.437158469946,279,292,9300.0,9700.0,9733.333333333334,49,5,1.0,0.8333333333333334,0.8333333333333334,proportional,True,transcript_proportional
-UuX1xuaiiE$_$1,25,was,9.740437158469947,9.994535519125684,155847,159913,98,100,9740.437158469946,9994.535519125684,294,298,9800.0,9900.0,9933.333333333334,23,2,1.0,0.6666666666666666,0.6666666666666666,proportional,True,transcript_proportional
-UuX1xuaiiE$_$1,26,here,9.994535519125684,10.333333333333334,159913,164280,100,104,9994.535519125684,10267.5,300,309,10000.0,10300.0,10333.333333333334,25,4,0.78125,1.0,0.78125,proportional,True,transcript_proportional
-UuX1xuaiiE$_$0,0,^it's,0.0,0.39361702127659576,0,6298,0,4,0.0,393.6170212765958,0,10,0.0,300.0,333.3333333333333,37,4,1.0,1.0,1.0,proportional,True,transcript_proportional
-UuX1xuaiiE$_$0,1,amazing,0.39361702127659576,0.9446808510638297,6298,15115,4,10,393.6170212765958,944.6808510638297,12,28,400.0,900.0,933.3333333333334,53,6,1.0,1.0,1.0,proportional,True,transcript_proportional
-UuX1xuaiiE$_$0,2,to,0.9446808510638297,1.102127659574468,15115,17634,10,12,944.6808510638297,1102.127659574468,30,34,1000.0,1100.0,1133.3333333333333,14,2,1.0,1.0,1.0,proportional,True,transcript_proportional
-UuX1xuaiiE$_$0,3,see,1.102127659574468,1.3382978723404255,17634,21413,12,14,1102.127659574468,1338.2978723404256,36,40,1200.0,1300.0,1333.3333333333333,22,2,1.0,0.6666666666666666,0.6666666666666666,proportional,True,transcript_proportional
-UuX1xuaiiE$_$0,4,their,1.3382978723404255,1.731914893617021,21413,27711,14,18,1338.2978723404256,1731.914893617021,42,52,1400.0,1700.0,1733.3333333333333,37,4,1.0,1.0,1.0,proportional,True,transcript_proportional
-UuX1xuaiiE$_$0,5,enthusiasm,1.731914893617021,2.5191489361702124,27711,40306,18,26,1731.914893617021,2519.1489361702124,54,76,1800.0,2500.0,2533.3333333333335,77,8,1.0,1.0,1.0,proportional,True,transcript_proportional
-UuX1xuaiiE$_$0,6,and,2.5191489361702124,2.75531914893617,40306,44085,26,28,2519.1489361702124,2755.31914893617,78,82,2600.0,2700.0,2733.3333333333335,22,2,1.0,0.6666666666666666,0.6666666666666666,proportional,True,transcript_proportional
-UuX1xuaiiE$_$0,7,their,2.75531914893617,3.148936170212766,44085,50383,28,32,2755.31914893617,3148.9361702127662,84,94,2800.0,3100.0,3133.3333333333335,37,4,1.0,1.0,1.0,proportional,True,transcript_proportional
-UuX1xuaiiE$_$0,8,passion,3.148936170212766,3.6999999999999997,50383,57214,32,37,3148.9361702127662,3575.875,96,108,3200.0,3600.0,3633.3333333333335,41,5,0.7735849056603774,0.8333333333333334,0.7735849056603774,proportional,True,transcript_proportional
-UuX1xuaiiE$_$3,0,My,0.0,0.24117647058823527,0,3859,0,3,0.0,241.17647058823528,0,7,0.0,200.0,233.33333333333334,22,3,1.0,1.0,1.0,proportional,True,transcript_proportional
-UuX1xuaiiE$_$3,1,goal,0.24117647058823527,0.7235294117647059,3859,11576,3,8,241.17647058823528,723.5294117647059,9,22,300.0,700.0,733.3333333333334,46,5,1.0,1.0,1.0,proportional,True,transcript_proportional
-UuX1xuaiiE$_$3,2,is,0.7235294117647059,0.9647058823529411,11576,15435,8,10,723.5294117647059,964.7058823529411,24,28,800.0,900.0,933.3333333333334,22,2,1.0,0.6666666666666666,0.6666666666666666,proportional,True,transcript_proportional
-UuX1xuaiiE$_$3,3,to,0.9647058823529411,1.2058823529411764,15435,19294,10,13,964.7058823529411,1205.8823529411764,30,37,1000.0,1200.0,1233.3333333333333,22,3,1.0,1.0,1.0,proportional,True,transcript_proportional
-UuX1xuaiiE$_$3,4,become,1.2058823529411764,1.9294117647058822,19294,30871,13,20,1205.8823529411764,1929.4117647058822,39,58,1300.0,1900.0,1933.3333333333333,70,7,1.0,0.875,0.875,proportional,True,transcript_proportional
-UuX1xuaiiE$_$3,5,a,1.9294117647058822,2.05,30871,32800,20,21,1929.4117647058822,2050.0,60,61,2000.0,2000.0,2033.3333333333333,10,1,1.0,0.5,0.5,proportional,True,transcript_proportional
-UuX1xuaiiE$_$3,6,human,2.05,2.6529411764705877,32800,42447,21,27,2050.0,2652.941176470588,63,79,2100.0,2600.0,2633.3333333333335,58,6,1.0,0.8571428571428571,0.8571428571428571,proportional,True,transcript_proportional
-UuX1xuaiiE$_$3,7,rights,2.6529411764705877,3.3764705882352937,42447,54024,27,34,2652.941176470588,3376.4705882352937,81,100,2700.0,3300.0,3333.3333333333335,70,7,1.0,0.875,0.875,proportional,True,transcript_proportional
-UuX1xuaiiE$_$3,8,lawyer,3.3764705882352937,4.1,54024,64614,34,41,3376.4705882352937,4038.3750000000005,102,121,3400.0,4000.0,4033.3333333333335,64,7,0.9142857142857143,0.875,0.875,proportional,True,transcript_proportional
-UuX1xuaiiE$_$6,0,I,0.0,0.07788461538461539,0,1246,0,1,0.0,77.88461538461539,0,1,0.0,0.0,33.333333333333336,6,1,1.0,1.0,1.0,proportional,True,transcript_proportional
-UuX1xuaiiE$_$6,1,ended,0.07788461538461539,0.46730769230769226,1246,7477,1,5,77.88461538461539,467.30769230769226,3,13,100.0,400.0,433.3333333333333,37,4,1.0,1.0,1.0,proportional,True,transcript_proportional
-UuX1xuaiiE$_$6,2,up,0.46730769230769226,0.6230769230769231,7477,9969,5,7,467.30769230769226,623.0769230769231,15,19,500.0,600.0,633.3333333333334,14,2,1.0,1.0,1.0,proportional,True,transcript_proportional
-UuX1xuaiiE$_$6,3,going,0.6230769230769231,1.0125,9969,16200,7,11,623.0769230769231,1012.5,21,31,700.0,1000.0,1033.3333333333333,37,4,1.0,1.0,1.0,proportional,True,transcript_proportional
-UuX1xuaiiE$_$6,4,to,1.0125,1.1682692307692308,16200,18692,11,12,1012.5,1168.269230769231,33,34,1100.0,1100.0,1133.3333333333333,14,1,1.0,0.5,0.5,proportional,True,transcript_proportional
-UuX1xuaiiE$_$6,5,work,1.1682692307692308,1.4798076923076924,18692,23677,12,15,1168.269230769231,1479.8076923076924,36,43,1200.0,1400.0,1433.3333333333333,29,3,1.0,0.75,0.75,proportional,True,transcript_proportional
-UuX1xuaiiE$_$6,6,for,1.4798076923076924,1.7134615384615384,23677,27415,15,18,1479.8076923076924,1713.4615384615383,45,52,1500.0,1700.0,1733.3333333333333,21,3,1.0,1.0,1.0,proportional,True,transcript_proportional
-UuX1xuaiiE$_$6,7,the,1.7134615384615384,1.9471153846153846,27415,31154,18,20,1713.4615384615383,1947.1153846153845,54,58,1800.0,1900.0,1933.3333333333333,21,2,1.0,0.6666666666666666,0.6666666666666666,proportional,True,transcript_proportional
-UuX1xuaiiE$_$6,8,US,1.9471153846153846,2.1028846153846152,31154,33646,20,22,1947.1153846153845,2102.8846153846152,60,64,2000.0,2100.0,2133.3333333333335,14,2,1.0,1.0,1.0,proportional,True,transcript_proportional
-UuX1xuaiiE$_$6,9,government,2.1028846153846152,2.881730769230769,33646,46108,22,29,2102.8846153846152,2881.730769230769,66,85,2200.0,2800.0,2833.3333333333335,76,7,1.0,0.875,0.875,proportional,True,transcript_proportional
-UuX1xuaiiE$_$6,10,as,2.881730769230769,3.0374999999999996,46108,48600,29,31,2881.730769230769,3037.4999999999995,87,91,2900.0,3000.0,3033.3333333333335,14,2,1.0,1.0,1.0,proportional,True,transcript_proportional
-UuX1xuaiiE$_$6,11,an,3.0374999999999996,3.1932692307692303,48600,51092,31,32,3037.4999999999995,3193.2692307692305,93,94,3100.0,3100.0,3133.3333333333335,14,1,1.0,0.5,0.5,proportional,True,transcript_proportional
-UuX1xuaiiE$_$6,12,intelligence,3.1932692307692303,4.127884615384615,51092,66046,32,42,3193.2692307692305,4127.884615384615,96,124,3200.0,4100.0,4133.333333333333,91,10,1.0,1.0,1.0,proportional,True,transcript_proportional
-UuX1xuaiiE$_$6,13,"analyst,",4.127884615384615,4.750961538461538,66046,76015,42,48,4127.884615384615,4750.961538461538,126,142,4200.0,4700.0,4733.333333333333,60,6,1.0,0.8571428571428571,0.8571428571428571,proportional,True,transcript_proportional
-UuX1xuaiiE$_$6,14,specializing,4.750961538461538,5.685576923076923,76015,90969,48,57,4750.961538461538,5685.576923076923,144,169,4800.0,5600.0,5633.333333333333,91,9,1.0,0.9,0.9,proportional,True,transcript_proportional
-UuX1xuaiiE$_$6,15,in,5.685576923076923,5.841346153846154,90969,93462,57,59,5685.576923076923,5841.346153846154,171,175,5700.0,5800.0,5833.333333333333,14,2,1.0,1.0,1.0,proportional,True,transcript_proportional
-UuX1xuaiiE$_$6,16,war,5.841346153846154,6.074999999999999,93462,97200,59,61,5841.346153846154,6074.999999999999,177,181,5900.0,6000.0,6033.333333333333,21,2,1.0,0.6666666666666666,0.6666666666666666,proportional,True,transcript_proportional
-UuX1xuaiiE$_$6,17,crimes,6.074999999999999,6.542307692307692,97200,104677,61,66,6074.999999999999,6542.307692307692,183,196,6100.0,6500.0,6533.333333333333,45,5,1.0,1.0,1.0,proportional,True,transcript_proportional
-UuX1xuaiiE$_$6,18,and,6.542307692307692,6.775961538461538,104677,108415,66,68,6542.307692307692,6775.961538461538,198,202,6600.0,6700.0,6733.333333333333,21,2,1.0,0.6666666666666666,0.6666666666666666,proportional,True,transcript_proportional
-UuX1xuaiiE$_$6,19,human,6.775961538461538,7.165384615384615,108415,114646,68,72,6775.961538461538,7165.384615384615,204,214,6800.0,7100.0,7133.333333333333,37,4,1.0,1.0,1.0,proportional,True,transcript_proportional
-UuX1xuaiiE$_$6,20,rights,7.165384615384615,7.632692307692308,114646,122123,72,77,7165.384615384615,7632.692307692308,216,229,7200.0,7600.0,7633.333333333333,45,5,1.0,1.0,1.0,proportional,True,transcript_proportional
-UuX1xuaiiE$_$6,21,issues,7.632692307692308,8.1,122123,127102,77,81,7632.692307692308,7943.875,231,240,7700.0,8066.666666666666,8099.999999999999,29,4,0.6444444444444445,0.8,0.6444444444444445,proportional,True,transcript_proportional
-a55Q6RWvTA$_$3,0,And if,0.0,0.4024242424242425,0,6439,0,5,0.0,402.4242424242425,0,13,0.0,400.0,433.3333333333333,38,5,1.0,1.0,1.0,proportional,True,transcript_proportional
-a55Q6RWvTA$_$3,1,you clip,0.4024242424242425,0.9658181818181819,6439,15453,5,10,402.4242424242425,965.8181818181819,15,28,500.0,900.0,933.3333333333334,54,5,1.0,0.8333333333333334,0.8333333333333334,proportional,True,transcript_proportional
-a55Q6RWvTA$_$3,2,"coupons, if",0.9658181818181819,1.7706666666666668,15453,28331,10,18,965.8181818181819,1770.6666666666667,30,52,1000.0,1700.0,1733.3333333333333,78,8,1.0,0.8888888888888888,0.8888888888888888,proportional,True,transcript_proportional
-a55Q6RWvTA$_$3,3,you don't,1.7706666666666668,2.414545454545455,28331,38633,18,25,1770.6666666666667,2414.545454545455,54,73,1800.0,2400.0,2433.3333333333335,62,7,1.0,1.0,1.0,proportional,True,transcript_proportional
-a55Q6RWvTA$_$3,4,go out,2.414545454545455,2.8169696969696973,38633,45072,25,29,2414.545454545455,2816.9696969696975,75,85,2500.0,2800.0,2833.3333333333335,38,4,1.0,0.8,0.8,proportional,True,transcript_proportional
-a55Q6RWvTA$_$3,5,for dinner,2.8169696969696973,3.5413333333333337,45072,56661,29,36,2816.9696969696975,3541.3333333333335,87,106,2900.0,3500.0,3533.3333333333335,70,7,1.0,0.875,0.875,proportional,True,transcript_proportional
-a55Q6RWvTA$_$3,6,and movies,3.5413333333333337,4.26569696969697,56661,68251,36,43,3541.3333333333335,4265.69696969697,108,127,3600.0,4200.0,4233.333333333333,70,7,1.0,0.875,0.875,proportional,True,transcript_proportional
-a55Q6RWvTA$_$3,7,and things,4.26569696969697,4.990060606060607,68251,79841,43,50,4265.69696969697,4990.060606060607,129,148,4300.0,4900.0,4933.333333333333,70,7,1.0,0.875,0.875,proportional,True,transcript_proportional
-a55Q6RWvTA$_$3,8,of that,4.990060606060607,5.472969696969698,79841,87568,50,55,4990.060606060607,5472.969696969698,150,163,5000.0,5400.0,5433.333333333333,46,5,1.0,1.0,1.0,proportional,True,transcript_proportional
-a55Q6RWvTA$_$3,9,nature and,5.472969696969698,6.197333333333334,87568,99157,55,62,5472.969696969698,6197.333333333334,165,184,5500.0,6100.0,6133.333333333333,70,7,1.0,0.875,0.875,proportional,True,transcript_proportional
-a55Q6RWvTA$_$3,10,try to,6.197333333333334,6.599757575757577,99157,105596,62,66,6197.333333333334,6599.757575757577,186,196,6200.0,6500.0,6533.333333333333,38,4,1.0,0.8,0.8,proportional,True,transcript_proportional
-a55Q6RWvTA$_$3,11,take up,6.599757575757577,7.082666666666667,105596,113323,66,71,6599.757575757577,7082.666666666667,198,211,6600.0,7000.0,7033.333333333333,46,5,1.0,1.0,1.0,proportional,True,transcript_proportional
-a55Q6RWvTA$_$3,12,things in,7.082666666666667,7.726545454545455,113323,123625,71,78,7082.666666666667,7726.545454545455,213,232,7100.0,7700.0,7733.333333333333,62,7,1.0,1.0,1.0,proportional,True,transcript_proportional
-a55Q6RWvTA$_$3,13,"life that,",7.726545454545455,8.450909090909093,123625,135215,78,85,7726.545454545455,8450.909090909094,234,253,7800.0,8400.0,8433.333333333334,70,7,1.0,0.875,0.875,proportional,True,transcript_proportional
-a55Q6RWvTA$_$3,14,"well, they",8.450909090909093,9.175272727272729,135215,146804,85,92,8450.909090909094,9175.272727272728,255,274,8500.0,9100.0,9133.333333333334,70,7,1.0,0.875,0.875,proportional,True,transcript_proportional
-a55Q6RWvTA$_$3,15,always,9.175272727272729,9.65818181818182,146804,154531,92,97,9175.272727272728,9658.18181818182,276,289,9200.0,9600.0,9633.333333333334,46,5,1.0,1.0,1.0,proportional,True,transcript_proportional
-a55Q6RWvTA$_$3,16,"say,",9.65818181818182,9.980121212121214,154531,159682,97,100,9658.18181818182,9980.121212121214,291,298,9700.0,9900.0,9933.333333333334,30,3,1.0,0.75,0.75,proportional,True,transcript_proportional
-a55Q6RWvTA$_$3,17,"""the",9.980121212121214,10.302060606060607,159682,164833,100,104,9980.121212121214,10302.060606060608,300,310,10000.0,10300.0,10333.333333333334,30,4,1.0,1.0,1.0,proportional,True,transcript_proportional
-a55Q6RWvTA$_$3,18,best,10.302060606060607,10.624,164833,169984,104,107,10302.060606060608,10624.0,312,319,10400.0,10600.0,10633.333333333334,30,3,1.0,0.75,0.75,proportional,True,transcript_proportional
-a55Q6RWvTA$_$3,19,things,10.624,11.106909090909094,169984,177711,107,112,10624.0,11106.909090909094,321,334,10700.0,11100.0,11133.333333333334,46,5,1.0,1.0,1.0,proportional,True,transcript_proportional
-a55Q6RWvTA$_$3,20,in,11.106909090909094,11.26787878787879,177711,180286,112,113,11106.909090909094,11267.87878787879,336,337,11200.0,11200.0,11233.333333333334,14,1,1.0,0.5,0.5,proportional,True,transcript_proportional
-a55Q6RWvTA$_$3,21,life,11.26787878787879,11.589818181818183,180286,185437,113,116,11267.87878787879,11589.818181818184,339,346,11300.0,11500.0,11533.333333333334,30,3,1.0,0.75,0.75,proportional,True,transcript_proportional
-a55Q6RWvTA$_$3,22,are,11.589818181818183,11.83127272727273,185437,189300,116,119,11589.818181818184,11831.27272727273,348,355,11600.0,11800.0,11833.333333333334,22,3,1.0,1.0,1.0,proportional,True,transcript_proportional
-a55Q6RWvTA$_$3,23,"free"".",11.83127272727273,12.31418181818182,189300,197027,119,124,11831.27272727273,12314.18181818182,357,370,11900.0,12300.0,12333.333333333334,46,5,1.0,1.0,1.0,proportional,True,transcript_proportional
-a55Q6RWvTA$_$3,24,Reading,12.31418181818182,12.87757575757576,197027,206041,124,129,12314.18181818182,12877.57575757576,372,385,12400.0,12800.0,12833.333333333334,54,5,1.0,0.8333333333333334,0.8333333333333334,proportional,True,transcript_proportional
-a55Q6RWvTA$_$3,25,a,12.87757575757576,12.958060606060608,206041,207329,129,130,12877.57575757576,12958.060606060608,387,388,12900.0,12900.0,12933.333333333334,6,1,1.0,1.0,1.0,proportional,True,transcript_proportional
-a55Q6RWvTA$_$3,26,"book,",12.958060606060608,13.36048484848485,207329,213768,130,134,12958.060606060608,13360.48484848485,390,400,13000.0,13300.0,13333.333333333334,38,4,1.0,0.8,0.8,proportional,True,transcript_proportional
-a55Q6RWvTA$_$3,27,going,13.36048484848485,13.762909090909094,213768,220207,134,138,13360.48484848485,13762.909090909094,402,412,13400.0,13700.0,13733.333333333334,38,4,1.0,0.8,0.8,proportional,True,transcript_proportional
-a55Q6RWvTA$_$3,28,for,13.762909090909094,14.004363636363639,220207,224070,138,141,13762.909090909094,14004.36363636364,414,421,13800.0,14000.0,14033.333333333334,22,3,1.0,1.0,1.0,proportional,True,transcript_proportional
-a55Q6RWvTA$_$3,29,a,14.004363636363639,14.084848484848488,224070,225358,141,141,14004.36363636364,14084.848484848488,-1,-1,,,,6,0,1.0,0.0,0.0,proportional,True,transcript_proportional
-a55Q6RWvTA$_$3,30,nice,14.084848484848488,14.406787878787881,225358,230509,141,145,14084.848484848488,14406.787878787882,423,433,14100.0,14400.0,14433.333333333334,30,4,1.0,1.0,1.0,proportional,True,transcript_proportional
-a55Q6RWvTA$_$3,31,"walk,",14.406787878787881,14.809212121212123,230509,236947,145,149,14406.787878787882,14809.212121212124,435,445,14500.0,14800.0,14833.333333333334,38,4,1.0,0.8,0.8,proportional,True,transcript_proportional
-a55Q6RWvTA$_$3,32,"and,",14.809212121212123,15.131151515151519,236947,242098,149,152,14809.212121212124,15131.15151515152,447,454,14900.0,15100.0,15133.333333333334,30,3,1.0,0.75,0.75,proportional,True,transcript_proportional
-a55Q6RWvTA$_$3,33,of,15.131151515151519,15.292121212121215,242098,244674,152,153,15131.15151515152,15292.121212121214,456,457,15200.0,15200.0,15233.333333333334,14,1,1.0,0.5,0.5,proportional,True,transcript_proportional
-a55Q6RWvTA$_$3,34,"course,",15.292121212121215,15.855515151515155,244674,253688,153,159,15292.121212121214,15855.515151515154,459,475,15300.0,15800.0,15833.333333333334,54,6,1.0,1.0,1.0,proportional,True,transcript_proportional
-a55Q6RWvTA$_$3,35,combining,15.855515151515155,16.57987878787879,253688,265278,159,166,15855.515151515154,16579.87878787879,477,496,15900.0,16500.0,16533.333333333332,70,7,1.0,0.875,0.875,proportional,True,transcript_proportional
-a55Q6RWvTA$_$3,36,exercise,16.57987878787879,17.223757575757578,265278,275580,166,173,16579.87878787879,17223.757575757576,498,517,16600.0,17200.0,17233.333333333332,62,7,1.0,1.0,1.0,proportional,True,transcript_proportional
-a55Q6RWvTA$_$3,37,and,17.223757575757578,17.465212121212126,275580,279443,173,175,17223.757575757576,17465.212121212127,519,523,17300.0,17400.0,17433.333333333332,22,2,1.0,0.6666666666666666,0.6666666666666666,proportional,True,transcript_proportional
-a55Q6RWvTA$_$3,38,various,17.465212121212126,18.028606060606066,279443,288458,175,181,17465.212121212127,18028.606060606067,525,541,17500.0,18000.0,18033.333333333332,54,6,1.0,1.0,1.0,proportional,True,transcript_proportional
-a55Q6RWvTA$_$3,39,things,18.028606060606066,18.51151515151515,288458,296184,181,186,18028.606060606067,18511.515151515152,543,556,18100.0,18500.0,18533.333333333332,46,5,1.0,1.0,1.0,proportional,True,transcript_proportional
-a55Q6RWvTA$_$3,40,of,18.51151515151515,18.672484848484853,296184,298760,186,187,18511.515151515152,18672.48484848485,558,559,18600.0,18600.0,18633.333333333332,14,1,1.0,0.5,0.5,proportional,True,transcript_proportional
-a55Q6RWvTA$_$3,41,that,18.672484848484853,18.994424242424245,298760,303911,187,190,18672.48484848485,18994.424242424244,561,568,18700.0,18900.0,18933.333333333332,30,3,1.0,0.75,0.75,proportional,True,transcript_proportional
-a55Q6RWvTA$_$3,42,nature,18.994424242424245,19.477333333333334,303911,311637,190,195,18994.424242424244,19477.333333333336,570,583,19000.0,19400.0,19433.333333333332,46,5,1.0,1.0,1.0,proportional,True,transcript_proportional
-a55Q6RWvTA$_$3,43,where,19.477333333333334,19.87975757575758,311637,318076,195,199,19477.333333333336,19879.75757575758,585,595,19500.0,19800.0,19833.333333333332,38,4,1.0,0.8,0.8,proportional,True,transcript_proportional
-a55Q6RWvTA$_$3,44,you're,19.87975757575758,20.36266666666667,318076,325803,199,204,19879.75757575758,20362.666666666668,597,610,19900.0,20300.0,20333.333333333332,46,5,1.0,1.0,1.0,proportional,True,transcript_proportional
-a55Q6RWvTA$_$3,45,not,20.36266666666667,20.604121212121214,325803,329666,204,207,20362.666666666668,20604.121212121216,612,619,20400.0,20600.0,20633.333333333332,22,3,1.0,1.0,1.0,proportional,True,transcript_proportional
-a55Q6RWvTA$_$3,46,spending,20.604121212121214,21.248,329666,339968,207,213,20604.121212121216,21248.0,621,637,20700.0,21200.0,21233.333333333332,62,6,1.0,0.8571428571428571,0.8571428571428571,proportional,True,transcript_proportional
-a55Q6RWvTA$_$3,47,money,21.248,21.650424242424247,339968,346407,213,217,21248.0,21650.424242424247,639,649,21300.0,21600.0,21633.333333333332,38,4,1.0,0.8,0.8,proportional,True,transcript_proportional
-a55Q6RWvTA$_$3,48,per,21.650424242424247,21.89187878787879,346407,350270,217,219,21650.424242424247,21891.87878787879,651,655,21700.0,21800.0,21833.333333333332,22,2,1.0,0.6666666666666666,0.6666666666666666,proportional,True,transcript_proportional
-a55Q6RWvTA$_$3,49,se.,21.89187878787879,22.133333333333336,350270,353333,219,222,21891.87878787879,22083.3125,657,664,21900.0,22100.0,22133.333333333332,17,3,0.7727272727272727,1.0,0.7727272727272727,proportional,True,transcript_proportional
-aNfi7CP8vM$_$7,0,Maybe,0.0,0.4207119741100323,0,6731,0,5,0.0,420.7119741100323,0,13,0.0,400.0,433.3333333333333,40,5,1.0,1.0,1.0,proportional,True,transcript_proportional
-aNfi7CP8vM$_$7,1,they,0.4207119741100323,0.7572815533980582,6731,12117,5,8,420.7119741100323,757.2815533980582,15,22,500.0,700.0,733.3333333333334,32,3,1.0,0.75,0.75,proportional,True,transcript_proportional
-aNfi7CP8vM$_$7,2,have,0.7572815533980582,1.093851132686084,12117,17502,8,11,757.2815533980582,1093.851132686084,24,31,800.0,1000.0,1033.3333333333333,32,3,1.0,0.75,0.75,proportional,True,transcript_proportional
-aNfi7CP8vM$_$7,3,no,1.093851132686084,1.2621359223300972,17502,20194,11,13,1093.851132686084,1262.1359223300972,33,37,1100.0,1200.0,1233.3333333333333,15,2,1.0,1.0,1.0,proportional,True,transcript_proportional
-aNfi7CP8vM$_$7,4,political,1.2621359223300972,2.0194174757281553,20194,32311,13,21,1262.1359223300972,2019.4174757281553,39,61,1300.0,2000.0,2033.3333333333333,74,8,1.0,1.0,1.0,proportional,True,transcript_proportional
-aNfi7CP8vM$_$7,5,party,2.0194174757281553,2.4401294498381874,32311,39042,21,25,2019.4174757281553,2440.129449838187,63,73,2100.0,2400.0,2433.3333333333335,40,4,1.0,0.8,0.8,proportional,True,transcript_proportional
-aNfi7CP8vM$_$7,6,"affiliation,",2.4401294498381874,3.449838187702265,39042,55197,25,35,2440.129449838187,3449.838187702265,75,103,2500.0,3400.0,3433.3333333333335,99,10,1.0,0.9090909090909091,0.9090909090909091,proportional,True,transcript_proportional
-aNfi7CP8vM$_$7,7,they're,3.449838187702265,4.038834951456311,55197,64621,35,41,3449.838187702265,4038.8349514563106,105,121,3500.0,4000.0,4033.3333333333335,57,6,1.0,1.0,1.0,proportional,True,transcript_proportional
-aNfi7CP8vM$_$7,8,not,4.038834951456311,4.29126213592233,64621,68660,41,43,4038.8349514563106,4291.26213592233,123,127,4100.0,4200.0,4233.333333333333,23,2,1.0,0.6666666666666666,0.6666666666666666,proportional,True,transcript_proportional
-aNfi7CP8vM$_$7,9,interested,4.29126213592233,5.132686084142394,68660,82123,43,52,4291.26213592233,5132.686084142394,129,154,4300.0,5100.0,5133.333333333333,82,9,1.0,1.0,1.0,proportional,True,transcript_proportional
-aNfi7CP8vM$_$7,10,in,5.132686084142394,5.300970873786408,82123,84816,52,54,5132.686084142394,5300.970873786408,156,160,5200.0,5300.0,5333.333333333333,15,2,1.0,1.0,1.0,proportional,True,transcript_proportional
-aNfi7CP8vM$_$7,11,"politics,",5.300970873786408,6.058252427184466,84816,96932,54,61,5300.970873786408,6058.252427184466,162,181,5400.0,6000.0,6033.333333333333,74,7,1.0,0.875,0.875,proportional,True,transcript_proportional
-aNfi7CP8vM$_$7,12,they,6.058252427184466,6.394822006472491,96932,102317,61,64,6058.252427184466,6394.822006472491,183,190,6100.0,6300.0,6333.333333333333,32,3,1.0,0.75,0.75,proportional,True,transcript_proportional
-aNfi7CP8vM$_$7,13,could,6.394822006472491,6.815533980582524,102317,109049,64,69,6394.822006472491,6815.533980582524,192,205,6400.0,6800.0,6833.333333333333,40,5,1.0,1.0,1.0,proportional,True,transcript_proportional
-aNfi7CP8vM$_$7,14,care,6.815533980582524,7.152103559870549,109049,114434,69,72,6815.533980582524,7152.103559870549,207,214,6900.0,7100.0,7133.333333333333,32,3,1.0,0.75,0.75,proportional,True,transcript_proportional
-aNfi7CP8vM$_$7,15,less,7.152103559870549,7.488673139158576,114434,119819,72,75,7152.103559870549,7488.673139158575,216,223,7200.0,7400.0,7433.333333333333,32,3,1.0,0.75,0.75,proportional,True,transcript_proportional
-aNfi7CP8vM$_$7,16,about,7.488673139158576,7.909385113268608,119819,126550,75,80,7488.673139158575,7909.385113268608,225,238,7500.0,7900.0,7933.333333333333,40,5,1.0,1.0,1.0,proportional,True,transcript_proportional
-aNfi7CP8vM$_$7,17,politics.,7.909385113268608,8.666666666666666,126550,136603,80,87,7909.385113268608,8537.6875,240,257,8000.0,8633.333333333332,8666.666666666666,61,7,0.8243243243243243,0.875,0.8243243243243243,proportional,True,transcript_proportional
-aqamKhZ1Ec$_$0,0,In,0.0,0.2972972972972973,0,4757,0,3,0.0,297.2972972972973,0,7,0.0,200.0,233.33333333333334,28,3,1.0,1.0,1.0,proportional,True,transcript_proportional
-aqamKhZ1Ec$_$0,1,"2008,",0.2972972972972973,1.0405405405405406,4757,16649,3,11,297.2972972972973,1040.5405405405406,9,31,300.0,1000.0,1033.3333333333333,72,8,1.0,1.0,1.0,proportional,True,transcript_proportional
-aqamKhZ1Ec$_$0,2,there,1.0405405405405406,1.7837837837837838,16649,28541,11,18,1040.5405405405406,1783.7837837837837,33,52,1100.0,1700.0,1733.3333333333333,72,7,1.0,0.875,0.875,proportional,True,transcript_proportional
-aqamKhZ1Ec$_$0,3,were,1.7837837837837838,2.3783783783783785,28541,38054,18,24,1783.7837837837837,2378.3783783783783,54,70,1800.0,2300.0,2333.3333333333335,57,6,1.0,1.0,1.0,proportional,True,transcript_proportional
-aqamKhZ1Ec$_$0,4,very,2.3783783783783785,2.972972972972973,38054,47568,24,30,2378.3783783783783,2972.972972972973,72,88,2400.0,2900.0,2933.3333333333335,57,6,1.0,1.0,1.0,proportional,True,transcript_proportional
-aqamKhZ1Ec$_$0,5,serious,2.972972972972973,4.013513513513513,47568,64216,30,41,2972.972972972973,4013.5135135135133,90,121,3000.0,4000.0,4033.3333333333335,102,11,1.0,1.0,1.0,proportional,True,transcript_proportional
-aqamKhZ1Ec$_$0,6,tribal,4.013513513513513,4.905405405405405,64216,78486,41,50,4013.5135135135133,4905.405405405405,123,148,4100.0,4900.0,4933.333333333333,87,9,1.0,1.0,1.0,proportional,True,transcript_proportional
-aqamKhZ1Ec$_$0,7,warfare,4.905405405405405,5.945945945945946,78486,95135,50,60,4905.405405405405,5945.945945945946,150,178,5000.0,5900.0,5933.333333333333,102,10,1.0,0.9090909090909091,0.9090909090909091,proportional,True,transcript_proportional
-aqamKhZ1Ec$_$0,8,in,5.945945945945946,6.243243243243243,95135,99892,60,63,5945.945945945946,6243.243243243243,180,187,6000.0,6200.0,6233.333333333333,28,3,1.0,1.0,1.0,proportional,True,transcript_proportional
-aqamKhZ1Ec$_$0,9,Kenya,6.243243243243243,6.986486486486487,99892,111784,63,70,6243.243243243243,6986.486486486487,189,208,6300.0,6900.0,6933.333333333333,72,7,1.0,0.875,0.875,proportional,True,transcript_proportional
-aqamKhZ1Ec$_$0,10,following,6.986486486486487,8.324324324324325,111784,133189,70,84,6986.486486486487,8324.324324324325,210,250,7000.0,8300.0,8333.333333333334,132,14,1.0,1.0,1.0,proportional,True,transcript_proportional
-aqamKhZ1Ec$_$0,11,a,8.324324324324325,8.472972972972974,133189,135568,84,85,8324.324324324325,8472.972972972973,252,253,8400.0,8400.0,8433.333333333334,13,1,1.0,0.5,0.5,proportional,True,transcript_proportional
-aqamKhZ1Ec$_$0,12,disputed,8.472972972972974,9.662162162162161,135568,154595,85,97,8472.972972972973,9662.162162162162,255,289,8500.0,9600.0,9633.333333333334,117,12,1.0,1.0,1.0,proportional,True,transcript_proportional
-aqamKhZ1Ec$_$0,13,election.,9.662162162162161,11.0,154595,174243,97,110,9662.162162162162,10890.1875,291,328,9700.0,10900.0,10933.333333333334,121,13,0.9166666666666666,0.9285714285714286,0.9166666666666666,proportional,True,transcript_proportional
-dxfTGcXJoc$_$1,0,For,0.0,0.2469387755102041,0,3951,0,3,0.0,246.9387755102041,0,7,0.0,200.0,233.33333333333334,23,3,1.0,1.0,1.0,proportional,True,transcript_proportional
-dxfTGcXJoc$_$1,1,the,0.2469387755102041,0.4938775510204082,3951,7902,3,5,246.9387755102041,493.8775510204082,9,13,300.0,400.0,433.3333333333333,23,2,1.0,0.6666666666666666,0.6666666666666666,proportional,True,transcript_proportional
-dxfTGcXJoc$_$1,2,10th,0.4938775510204082,0.8231292517006805,7902,13170,5,9,493.8775510204082,823.1292517006805,15,25,500.0,800.0,833.3333333333334,31,4,1.0,1.0,1.0,proportional,True,transcript_proportional
-dxfTGcXJoc$_$1,3,straight,0.8231292517006805,1.4816326530612247,13170,23706,9,15,823.1292517006805,1481.6326530612248,27,43,900.0,1400.0,1433.3333333333333,64,6,1.0,0.8571428571428571,0.8571428571428571,proportional,True,transcript_proportional
-dxfTGcXJoc$_$1,4,"year,",1.4816326530612247,1.893197278911565,23706,30291,15,19,1481.6326530612248,1893.197278911565,45,55,1500.0,1800.0,1833.3333333333333,39,4,1.0,0.8,0.8,proportional,True,transcript_proportional
-dxfTGcXJoc$_$1,5,some,1.893197278911565,2.222448979591837,30291,35559,19,23,1893.197278911565,2222.448979591837,57,67,1900.0,2200.0,2233.3333333333335,31,4,1.0,1.0,1.0,proportional,True,transcript_proportional
-dxfTGcXJoc$_$1,6,of,2.222448979591837,2.387074829931973,35559,38193,23,24,2222.448979591837,2387.074829931973,69,70,2300.0,2300.0,2333.3333333333335,14,1,1.0,0.5,0.5,proportional,True,transcript_proportional
-dxfTGcXJoc$_$1,7,Kentucky’s,2.387074829931973,3.210204081632654,38193,51363,24,33,2387.074829931973,3210.204081632654,72,97,2400.0,3200.0,3233.3333333333335,80,9,1.0,1.0,1.0,proportional,True,transcript_proportional
-dxfTGcXJoc$_$1,8,best,3.210204081632654,3.539455782312926,51363,56631,33,36,3210.204081632654,3539.4557823129257,99,106,3300.0,3500.0,3533.3333333333335,31,3,1.0,0.75,0.75,proportional,True,transcript_proportional
-dxfTGcXJoc$_$1,9,and,3.539455782312926,3.78639455782313,56631,60582,36,38,3539.4557823129257,3786.39455782313,108,112,3600.0,3700.0,3733.3333333333335,23,2,1.0,0.6666666666666666,0.6666666666666666,proportional,True,transcript_proportional
-dxfTGcXJoc$_$1,10,most,3.78639455782313,4.115646258503403,60582,65850,38,42,3786.39455782313,4115.646258503402,114,124,3800.0,4100.0,4133.333333333333,31,4,1.0,1.0,1.0,proportional,True,transcript_proportional
-dxfTGcXJoc$_$1,11,innovative,4.115646258503403,4.938775510204083,65850,79020,42,50,4115.646258503402,4938.775510204083,126,148,4200.0,4900.0,4933.333333333333,80,8,1.0,0.8888888888888888,0.8888888888888888,proportional,True,transcript_proportional
-dxfTGcXJoc$_$1,12,biotech,4.938775510204083,5.514965986394559,79020,88239,50,56,4938.775510204083,5514.965986394559,150,166,5000.0,5500.0,5533.333333333333,56,6,1.0,1.0,1.0,proportional,True,transcript_proportional
-dxfTGcXJoc$_$1,13,companies,5.514965986394559,6.255782312925172,88239,100093,56,63,5514.965986394559,6255.782312925172,168,187,5600.0,6200.0,6233.333333333333,72,7,1.0,0.875,0.875,proportional,True,transcript_proportional
-dxfTGcXJoc$_$1,14,and,6.255782312925172,6.502721088435375,100093,104044,63,66,6255.782312925172,6502.721088435374,189,196,6300.0,6500.0,6533.333333333333,23,3,1.0,1.0,1.0,proportional,True,transcript_proportional
-dxfTGcXJoc$_$1,15,technologies,6.502721088435375,7.490476190476192,104044,119848,66,75,6502.721088435374,7490.476190476193,198,223,6600.0,7400.0,7433.333333333333,97,9,1.0,0.9,0.9,proportional,True,transcript_proportional
-dxfTGcXJoc$_$1,16,were,7.490476190476192,7.8197278911564645,119848,125116,75,79,7490.476190476193,7819.7278911564645,225,235,7500.0,7800.0,7833.333333333333,31,4,1.0,1.0,1.0,proportional,True,transcript_proportional
-dxfTGcXJoc$_$1,17,on,7.8197278911564645,7.9843537414966,125116,127750,79,80,7819.7278911564645,7984.3537414965995,237,238,7900.0,7900.0,7933.333333333333,14,1,1.0,0.5,0.5,proportional,True,transcript_proportional
-dxfTGcXJoc$_$1,18,display,7.9843537414966,8.560544217687077,127750,136969,80,86,7984.3537414965995,8560.544217687077,240,256,8000.0,8500.0,8533.333333333334,56,6,1.0,1.0,1.0,proportional,True,transcript_proportional
-dxfTGcXJoc$_$1,19,at,8.560544217687077,8.725170068027213,136969,139603,86,88,8560.544217687077,8725.170068027213,258,262,8600.0,8700.0,8733.333333333334,14,2,1.0,1.0,1.0,proportional,True,transcript_proportional
-dxfTGcXJoc$_$1,20,the,8.725170068027213,8.972108843537416,139603,143554,88,90,8725.170068027213,8972.108843537417,264,268,8800.0,8900.0,8933.333333333334,23,2,1.0,0.6666666666666666,0.6666666666666666,proportional,True,transcript_proportional
-dxfTGcXJoc$_$1,21,annual,8.972108843537416,9.465986394557826,143554,151456,90,95,8972.108843537417,9465.986394557825,270,283,9000.0,9400.0,9433.333333333334,47,5,1.0,1.0,1.0,proportional,True,transcript_proportional
-dxfTGcXJoc$_$1,22,BIO,9.465986394557826,9.71292517006803,151456,155407,95,98,9465.986394557825,9712.925170068029,285,292,9500.0,9700.0,9733.333333333334,23,3,1.0,1.0,1.0,proportional,True,transcript_proportional
-dxfTGcXJoc$_$1,23,International,9.71292517006803,10.782993197278914,155407,172528,98,108,9712.925170068029,10782.993197278915,294,322,9800.0,10700.0,10733.333333333334,105,10,1.0,0.9090909090909091,0.9090909090909091,proportional,True,transcript_proportional
-dxfTGcXJoc$_$1,24,"Convention,",10.782993197278914,11.688435374149662,172528,187015,108,117,10782.993197278915,11688.435374149663,324,349,10800.0,11600.0,11633.333333333334,89,9,1.0,0.9,0.9,proportional,True,transcript_proportional
-dxfTGcXJoc$_$1,25,which,11.688435374149662,12.100000000000001,187015,193600,117,122,11688.435374149663,12100.000000000002,351,364,11700.0,12100.0,12133.333333333334,39,5,1.0,1.0,1.0,proportional,True,transcript_proportional
-dxfTGcXJoc$_$1,26,I,12.100000000000001,12.18231292517007,193600,194917,122,122,12100.000000000002,12182.31292517007,-1,-1,,,,6,0,1.0,0.0,0.0,proportional,True,transcript_proportional
-dxfTGcXJoc$_$1,27,and,12.18231292517007,12.429251700680274,194917,198868,122,125,12182.31292517007,12429.251700680274,366,373,12200.0,12400.0,12433.333333333334,23,3,1.0,1.0,1.0,proportional,True,transcript_proportional
-dxfTGcXJoc$_$1,28,other,12.429251700680274,12.840816326530616,198868,205453,125,129,12429.251700680274,12840.816326530616,375,385,12500.0,12800.0,12833.333333333334,39,4,1.0,0.8,0.8,proportional,True,transcript_proportional
-dxfTGcXJoc$_$1,29,state,12.840816326530616,13.252380952380955,205453,212038,129,133,12840.816326530616,13252.380952380956,387,397,12900.0,13200.0,13233.333333333334,39,4,1.0,0.8,0.8,proportional,True,transcript_proportional
-dxfTGcXJoc$_$1,30,officials,13.252380952380955,13.993197278911566,212038,223891,133,140,13252.380952380956,13993.197278911566,399,418,13300.0,13900.0,13933.333333333334,72,7,1.0,0.875,0.875,proportional,True,transcript_proportional
-dxfTGcXJoc$_$1,31,attended,13.993197278911566,14.651700680272112,223891,234427,140,147,13993.197278911566,14651.700680272112,420,439,14000.0,14600.0,14633.333333333334,64,7,1.0,1.0,1.0,proportional,True,transcript_proportional
-dxfTGcXJoc$_$1,32,this,14.651700680272112,14.980952380952385,234427,239695,147,150,14651.700680272112,14980.952380952385,441,448,14700.0,14900.0,14933.333333333334,31,3,1.0,0.75,0.75,proportional,True,transcript_proportional
-dxfTGcXJoc$_$1,33,week,14.980952380952385,15.310204081632657,239695,244963,150,154,14980.952380952385,15310.204081632657,450,460,15000.0,15300.0,15333.333333333334,31,4,1.0,1.0,1.0,proportional,True,transcript_proportional
-dxfTGcXJoc$_$1,34,in,15.310204081632657,15.474829931972792,244963,247597,154,155,15310.204081632657,15474.829931972792,462,463,15400.0,15400.0,15433.333333333334,14,1,1.0,0.5,0.5,proportional,True,transcript_proportional
-dxfTGcXJoc$_$1,35,Chicago.,15.474829931972792,16.133333333333336,247597,256290,155,161,15474.829931972792,16018.125000000002,465,481,15500.0,16033.333333333336,16066.66666666667,52,6,0.8125,0.8571428571428571,0.8125,proportional,True,transcript_proportional
-dxfTGcXJoc$_$0,0,This,0.0,0.36503703703703705,0,5841,0,4,0.0,365.03703703703707,0,10,0.0,300.0,333.3333333333333,35,4,1.0,1.0,1.0,proportional,True,transcript_proportional
-dxfTGcXJoc$_$0,1,is,0.36503703703703705,0.5475555555555557,5841,8761,4,6,365.03703703703707,547.5555555555557,12,16,400.0,500.0,533.3333333333334,16,2,1.0,1.0,1.0,proportional,True,transcript_proportional
-dxfTGcXJoc$_$0,2,Governor,0.5475555555555557,1.2776296296296297,8761,20442,6,13,547.5555555555557,1277.6296296296296,18,37,600.0,1200.0,1233.3333333333333,71,7,1.0,0.875,0.875,proportional,True,transcript_proportional
-dxfTGcXJoc$_$0,3,Steve,1.2776296296296297,1.733925925925926,20442,27743,13,18,1277.6296296296296,1733.925925925926,39,52,1300.0,1700.0,1733.3333333333333,44,5,1.0,1.0,1.0,proportional,True,transcript_proportional
-dxfTGcXJoc$_$0,4,Beshear,1.733925925925926,2.3727407407407406,27743,37964,18,24,1733.925925925926,2372.7407407407404,54,70,1800.0,2300.0,2333.3333333333335,62,6,1.0,0.8571428571428571,0.8571428571428571,proportional,True,transcript_proportional
-dxfTGcXJoc$_$0,5,...,2.3727407407407406,2.6465185185185187,37964,42344,24,27,2372.7407407407404,2646.5185185185187,72,79,2400.0,2600.0,2633.3333333333335,25,3,1.0,1.0,1.0,proportional,True,transcript_proportional
-dxfTGcXJoc$_$0,6,About,2.6465185185185187,3.102814814814815,42344,49645,27,32,2646.5185185185187,3102.8148148148152,81,94,2700.0,3100.0,3133.3333333333335,44,5,1.0,1.0,1.0,proportional,True,transcript_proportional
-dxfTGcXJoc$_$0,7,Kentucky,3.102814814814815,3.8328888888888892,49645,61326,32,39,3102.8148148148152,3832.888888888889,96,115,3200.0,3800.0,3833.3333333333335,71,7,1.0,0.875,0.875,proportional,True,transcript_proportional
-dxfTGcXJoc$_$0,8,Our,3.8328888888888892,4.106666666666667,61326,65707,39,42,3832.888888888889,4106.666666666667,117,124,3900.0,4100.0,4133.333333333333,25,3,1.0,1.0,1.0,proportional,True,transcript_proportional
-dxfTGcXJoc$_$0,9,state,4.106666666666667,4.562962962962963,65707,73007,42,46,4106.666666666667,4562.9629629629635,126,136,4200.0,4500.0,4533.333333333333,44,4,1.0,0.8,0.8,proportional,True,transcript_proportional
-dxfTGcXJoc$_$0,10,is,4.562962962962963,4.745481481481481,73007,75928,46,48,4562.9629629629635,4745.481481481481,138,142,4600.0,4700.0,4733.333333333333,16,2,1.0,1.0,1.0,proportional,True,transcript_proportional
-dxfTGcXJoc$_$0,11,home,4.745481481481481,5.110518518518519,75928,81768,48,52,4745.481481481481,5110.518518518518,144,154,4800.0,5100.0,5133.333333333333,35,4,1.0,1.0,1.0,proportional,True,transcript_proportional
-dxfTGcXJoc$_$0,12,to,5.110518518518519,5.293037037037037,81768,84689,52,53,5110.518518518518,5293.037037037037,156,157,5200.0,5200.0,5233.333333333333,16,1,1.0,0.5,0.5,proportional,True,transcript_proportional
-dxfTGcXJoc$_$0,13,more,5.293037037037037,5.658074074074075,84689,90529,53,57,5293.037037037037,5658.074074074075,159,169,5300.0,5600.0,5633.333333333333,35,4,1.0,1.0,1.0,proportional,True,transcript_proportional
-dxfTGcXJoc$_$0,14,than,5.658074074074075,6.0231111111111115,90529,96370,57,61,5658.074074074075,6023.111111111111,171,181,5700.0,6000.0,6033.333333333333,35,4,1.0,1.0,1.0,proportional,True,transcript_proportional
-dxfTGcXJoc$_$0,15,"1,500",6.0231111111111115,6.4794074074074075,96370,103671,61,65,6023.111111111111,6479.407407407408,183,193,6100.0,6400.0,6433.333333333333,44,4,1.0,0.8,0.8,proportional,True,transcript_proportional
-dxfTGcXJoc$_$0,16,bioscience,6.4794074074074075,7.392,103671,118272,65,74,6479.407407407408,7392.0,195,220,6500.0,7300.0,7333.333333333333,89,9,1.0,0.9,0.9,proportional,True,transcript_proportional
-dxfTGcXJoc$_$0,17,and,7.392,7.6657777777777785,118272,122652,74,77,7392.0,7665.777777777778,222,229,7400.0,7600.0,7633.333333333333,25,3,1.0,1.0,1.0,proportional,True,transcript_proportional
-dxfTGcXJoc$_$0,18,lifescience,7.6657777777777785,8.66962962962963,122652,138714,77,87,7665.777777777778,8669.629629629631,231,259,7700.0,8600.0,8633.333333333334,98,10,1.0,0.9090909090909091,0.9090909090909091,proportional,True,transcript_proportional
-dxfTGcXJoc$_$0,19,companies,8.66962962962963,9.490962962962962,138714,151855,87,95,8669.629629629631,9490.962962962962,261,283,8700.0,9400.0,9433.333333333334,80,8,1.0,0.8888888888888888,0.8888888888888888,proportional,True,transcript_proportional
-dxfTGcXJoc$_$0,20,and,9.490962962962962,9.764740740740743,151855,156236,95,98,9490.962962962962,9764.740740740743,285,292,9500.0,9700.0,9733.333333333334,25,3,1.0,1.0,1.0,proportional,True,transcript_proportional
-dxfTGcXJoc$_$0,21,more,9.764740740740743,10.129777777777779,156236,162076,98,102,9764.740740740743,10129.77777777778,294,304,9800.0,10100.0,10133.333333333334,35,4,1.0,1.0,1.0,proportional,True,transcript_proportional
-dxfTGcXJoc$_$0,22,than,10.129777777777779,10.494814814814816,162076,167917,102,105,10129.77777777778,10494.814814814816,306,313,10200.0,10400.0,10433.333333333334,35,3,1.0,0.75,0.75,proportional,True,transcript_proportional
-dxfTGcXJoc$_$0,23,"100,000",10.494814814814816,11.133629629629631,167917,178138,105,112,10494.814814814816,11133.629629629631,315,334,10500.0,11100.0,11133.333333333334,62,7,1.0,1.0,1.0,proportional,True,transcript_proportional
-dxfTGcXJoc$_$0,24,people,11.133629629629631,11.681185185185186,178138,186899,112,117,11133.629629629631,11681.185185185186,336,349,11200.0,11600.0,11633.333333333334,53,5,1.0,0.8333333333333334,0.8333333333333334,proportional,True,transcript_proportional
-dxfTGcXJoc$_$0,25,who,11.681185185185186,11.954962962962963,186899,191279,117,120,11681.185185185186,11954.962962962964,351,358,11700.0,11900.0,11933.333333333334,25,3,1.0,1.0,1.0,proportional,True,transcript_proportional
-dxfTGcXJoc$_$0,26,work,11.954962962962963,12.32,191279,197120,120,124,11954.962962962964,12320.0,360,370,12000.0,12300.0,12333.333333333334,35,4,1.0,1.0,1.0,proportional,True,transcript_proportional
-dxfTGcXJoc$_$0,27,for,12.32,12.59377777777778,197120,201500,124,126,12320.0,12593.77777777778,372,376,12400.0,12500.0,12533.333333333334,25,2,1.0,0.6666666666666666,0.6666666666666666,proportional,True,transcript_proportional
-dxfTGcXJoc$_$0,28,these,12.59377777777778,13.050074074074075,201500,208801,126,131,12593.77777777778,13050.074074074075,378,391,12600.0,13000.0,13033.333333333334,44,5,1.0,1.0,1.0,proportional,True,transcript_proportional
-dxfTGcXJoc$_$0,29,"firms,",13.050074074074075,13.59762962962963,208801,217562,131,136,13050.074074074075,13597.62962962963,393,406,13100.0,13500.0,13533.333333333334,53,5,1.0,0.8333333333333334,0.8333333333333334,proportional,True,transcript_proportional
-dxfTGcXJoc$_$0,30,in,13.59762962962963,13.78014814814815,217562,220482,136,138,13597.62962962963,13780.14814814815,408,412,13600.0,13700.0,13733.333333333334,16,2,1.0,1.0,1.0,proportional,True,transcript_proportional
-dxfTGcXJoc$_$0,31,areas,13.78014814814815,14.236444444444446,220482,227783,138,143,13780.14814814815,14236.444444444447,414,427,13800.0,14200.0,14233.333333333334,44,5,1.0,1.0,1.0,proportional,True,transcript_proportional
-dxfTGcXJoc$_$0,32,from,14.236444444444446,14.601481481481482,227783,233624,143,147,14236.444444444447,14601.481481481482,429,439,14300.0,14600.0,14633.333333333334,35,4,1.0,1.0,1.0,proportional,True,transcript_proportional
-dxfTGcXJoc$_$0,33,nutrigenomics,14.601481481481482,15.787851851851853,233624,252606,147,158,14601.481481481482,15787.851851851852,441,472,14700.0,15700.0,15733.333333333334,117,11,1.0,0.9166666666666666,0.9166666666666666,proportional,True,transcript_proportional
-dxfTGcXJoc$_$0,34,and,15.787851851851853,16.061629629629632,252606,256986,158,161,15787.851851851852,16061.629629629631,474,481,15800.0,16000.0,16033.333333333334,25,3,1.0,1.0,1.0,proportional,True,transcript_proportional
-dxfTGcXJoc$_$0,35,pharmaceuticals,16.061629629629632,17.430518518518518,256986,278888,161,175,16061.629629629631,17430.51851851852,483,523,16100.000000000002,17400.0,17433.333333333332,135,14,1.0,1.0,1.0,proportional,True,transcript_proportional
-dxfTGcXJoc$_$0,36,to,17.430518518518518,17.61303703703704,278888,281809,175,177,17430.51851851852,17613.03703703704,525,529,17500.0,17600.0,17633.333333333332,16,2,1.0,1.0,1.0,proportional,True,transcript_proportional
-dxfTGcXJoc$_$0,37,nanotechnology,17.61303703703704,18.890666666666668,281809,302251,177,189,17613.03703703704,18890.666666666668,531,565,17700.0,18800.0,18833.333333333332,126,12,1.0,0.9230769230769231,0.9230769230769231,proportional,True,transcript_proportional
-dxfTGcXJoc$_$0,38,and,18.890666666666668,19.164444444444445,302251,306631,189,192,18890.666666666668,19164.444444444445,567,574,18900.0,19100.0,19133.333333333332,25,3,1.0,1.0,1.0,proportional,True,transcript_proportional
-dxfTGcXJoc$_$0,39,medical,19.164444444444445,19.80325925925926,306631,316852,192,199,19164.444444444445,19803.25925925926,576,595,19200.0,19800.0,19833.333333333332,62,7,1.0,1.0,1.0,proportional,True,transcript_proportional
-dxfTGcXJoc$_$0,40,devices.,19.80325925925926,20.533333333333335,316852,326566,199,206,19803.25925925926,20410.375,597,615,19900.0,20500.0,20533.333333333332,59,7,0.8309859154929577,0.875,0.8309859154929577,proportional,True,transcript_proportional
-dxfTGcXJoc$_$2,0,An,0.0,0.16835016835016836,0,2694,0,2,0.0,168.35016835016836,0,4,0.0,100.0,133.33333333333334,15,2,1.0,1.0,1.0,proportional,True,transcript_proportional
-dxfTGcXJoc$_$2,1,estimated,0.16835016835016836,0.9259259259259259,2694,14815,2,10,168.35016835016836,925.925925925926,6,28,200.0,900.0,933.3333333333334,74,8,1.0,1.0,1.0,proportional,True,transcript_proportional
-dxfTGcXJoc$_$2,2,"20,000",0.9259259259259259,1.4309764309764312,14815,22896,10,15,925.925925925926,1430.9764309764312,30,43,1000.0,1400.0,1433.3333333333333,49,5,1.0,0.8333333333333334,0.8333333333333334,proportional,True,transcript_proportional
-dxfTGcXJoc$_$2,3,biotech,1.4309764309764312,2.0202020202020203,22896,32323,15,21,1430.9764309764312,2020.2020202020203,45,61,1500.0,2000.0,2033.3333333333333,57,6,1.0,1.0,1.0,proportional,True,transcript_proportional
-dxfTGcXJoc$_$2,4,"scientists,",2.0202020202020203,2.9461279461279464,32323,47138,21,30,2020.2020202020203,2946.1279461279464,63,88,2100.0,2900.0,2933.3333333333335,91,9,1.0,0.9,0.9,proportional,True,transcript_proportional
-dxfTGcXJoc$_$2,5,executives,2.9461279461279464,3.787878787878788,47138,60606,30,38,2946.1279461279464,3787.878787878788,90,112,3000.0,3700.0,3733.3333333333335,82,8,1.0,0.8888888888888888,0.8888888888888888,proportional,True,transcript_proportional
-dxfTGcXJoc$_$2,6,and,3.787878787878788,4.040404040404041,60606,64646,38,41,3787.878787878788,4040.4040404040406,114,121,3800.0,4000.0,4033.3333333333335,23,3,1.0,1.0,1.0,proportional,True,transcript_proportional
-dxfTGcXJoc$_$2,7,industry,4.040404040404041,4.713804713804714,64646,75421,41,48,4040.4040404040406,4713.804713804714,123,142,4100.0,4700.0,4733.333333333333,65,7,1.0,1.0,1.0,proportional,True,transcript_proportional
-dxfTGcXJoc$_$2,8,experts,4.713804713804714,5.303030303030303,75421,84848,48,54,4713.804713804714,5303.030303030303,144,160,4800.0,5300.0,5333.333333333333,57,6,1.0,1.0,1.0,proportional,True,transcript_proportional
-dxfTGcXJoc$_$2,9,from,5.303030303030303,5.63973063973064,84848,90236,54,57,5303.030303030303,5639.73063973064,162,169,5400.0,5600.0,5633.333333333333,32,3,1.0,0.75,0.75,proportional,True,transcript_proportional
-dxfTGcXJoc$_$2,10,more,5.63973063973064,5.9764309764309775,90236,95623,57,60,5639.73063973064,5976.430976430977,171,178,5700.0,5900.0,5933.333333333333,32,3,1.0,0.75,0.75,proportional,True,transcript_proportional
-dxfTGcXJoc$_$2,11,than,5.9764309764309775,6.313131313131313,95623,101010,60,64,5976.430976430977,6313.131313131313,180,190,6000.0,6300.0,6333.333333333333,32,4,1.0,1.0,1.0,proportional,True,transcript_proportional
-dxfTGcXJoc$_$2,12,50,6.313131313131313,6.481481481481482,101010,103704,64,65,6313.131313131313,6481.481481481482,192,193,6400.0,6400.0,6433.333333333333,15,1,1.0,0.5,0.5,proportional,True,transcript_proportional
-dxfTGcXJoc$_$2,13,nations,6.481481481481482,7.070707070707071,103704,113131,65,71,6481.481481481482,7070.707070707071,195,211,6500.0,7000.0,7033.333333333333,57,6,1.0,1.0,1.0,proportional,True,transcript_proportional
-dxfTGcXJoc$_$2,14,were,7.070707070707071,7.407407407407407,113131,118519,71,75,7070.707070707071,7407.407407407408,213,223,7100.0,7400.0,7433.333333333333,32,4,1.0,1.0,1.0,proportional,True,transcript_proportional
-dxfTGcXJoc$_$2,15,at,7.407407407407407,7.575757575757576,118519,121212,75,76,7407.407407407408,7575.757575757576,225,226,7500.0,7500.0,7533.333333333333,15,1,1.0,0.5,0.5,proportional,True,transcript_proportional
-dxfTGcXJoc$_$2,16,the,7.575757575757576,7.828282828282828,121212,125253,76,79,7575.757575757576,7828.282828282828,228,235,7600.0,7800.0,7833.333333333333,23,3,1.0,1.0,1.0,proportional,True,transcript_proportional
-dxfTGcXJoc$_$2,17,BIO,7.828282828282828,8.080808080808081,125253,129293,79,81,7828.282828282828,8080.808080808081,237,241,7900.0,8000.0,8033.333333333333,23,2,1.0,0.6666666666666666,0.6666666666666666,proportional,True,transcript_proportional
-dxfTGcXJoc$_$2,18,conference,8.080808080808081,8.922558922558922,129293,142761,81,90,8080.808080808081,8922.558922558923,243,268,8100.0,8900.0,8933.333333333334,82,9,1.0,1.0,1.0,proportional,True,transcript_proportional
-dxfTGcXJoc$_$2,19,to,8.922558922558922,9.090909090909092,142761,145455,90,91,8922.558922558923,9090.909090909092,270,271,9000.0,9000.0,9033.333333333334,15,1,1.0,0.5,0.5,proportional,True,transcript_proportional
-dxfTGcXJoc$_$2,20,learn,9.090909090909092,9.511784511784512,145455,152189,91,96,9090.909090909092,9511.784511784512,273,286,9100.0,9500.0,9533.333333333334,40,5,1.0,1.0,1.0,proportional,True,transcript_proportional
-dxfTGcXJoc$_$2,21,about,9.511784511784512,9.932659932659933,152189,158923,96,100,9511.784511784512,9932.659932659932,288,298,9600.0,9900.0,9933.333333333334,40,4,1.0,0.8,0.8,proportional,True,transcript_proportional
-dxfTGcXJoc$_$2,22,the,9.932659932659933,10.185185185185185,158923,162963,100,102,9932.659932659932,10185.185185185184,300,304,10000.0,10100.0,10133.333333333334,23,2,1.0,0.6666666666666666,0.6666666666666666,proportional,True,transcript_proportional
-dxfTGcXJoc$_$2,23,latest,10.185185185185185,10.690235690235692,162963,171044,102,107,10185.185185185184,10690.235690235691,306,319,10200.0,10600.0,10633.333333333334,49,5,1.0,0.8333333333333334,0.8333333333333334,proportional,True,transcript_proportional
-dxfTGcXJoc$_$2,24,scientific,10.690235690235692,11.531986531986533,171044,184512,107,116,10690.235690235691,11531.986531986533,321,346,10700.0,11500.0,11533.333333333334,82,9,1.0,1.0,1.0,proportional,True,transcript_proportional
-dxfTGcXJoc$_$2,25,"advances,",11.531986531986533,12.28956228956229,184512,196633,116,123,11531.986531986533,12289.562289562291,348,367,11600.0,12200.0,12233.333333333334,74,7,1.0,0.875,0.875,proportional,True,transcript_proportional
-dxfTGcXJoc$_$2,26,and,12.28956228956229,12.542087542087543,196633,200673,123,126,12289.562289562291,12542.087542087544,369,376,12300.0,12500.0,12533.333333333334,23,3,1.0,1.0,1.0,proportional,True,transcript_proportional
-dxfTGcXJoc$_$2,27,to,12.542087542087543,12.710437710437711,200673,203367,126,128,12542.087542087544,12710.43771043771,378,382,12600.0,12700.0,12733.333333333334,15,2,1.0,1.0,1.0,proportional,True,transcript_proportional
-dxfTGcXJoc$_$2,28,exchange,12.710437710437711,13.383838383838384,203367,214141,128,134,12710.43771043771,13383.838383838383,384,400,12800.0,13300.0,13333.333333333334,65,6,1.0,0.8571428571428571,0.8571428571428571,proportional,True,transcript_proportional
-dxfTGcXJoc$_$2,29,ideas,13.383838383838384,13.804713804713806,214141,220875,134,139,13383.838383838383,13804.713804713807,402,415,13400.0,13800.0,13833.333333333334,40,5,1.0,1.0,1.0,proportional,True,transcript_proportional
-dxfTGcXJoc$_$2,30,and,13.804713804713806,14.057239057239059,220875,224916,139,141,13804.713804713807,14057.23905723906,417,421,13900.0,14000.0,14033.333333333334,23,2,1.0,0.6666666666666666,0.6666666666666666,proportional,True,transcript_proportional
-dxfTGcXJoc$_$2,31,establish,14.057239057239059,14.814814814814815,224916,237037,141,149,14057.23905723906,14814.814814814816,423,445,14100.0,14800.0,14833.333333333334,74,8,1.0,1.0,1.0,proportional,True,transcript_proportional
-dxfTGcXJoc$_$2,32,business,14.814814814814815,15.48821548821549,237037,247811,149,155,14814.814814814816,15488.21548821549,447,463,14900.0,15400.0,15433.333333333334,65,6,1.0,0.8571428571428571,0.8571428571428571,proportional,True,transcript_proportional
-dxfTGcXJoc$_$2,33,relationships.,15.48821548821549,16.666666666666668,247811,266131,155,167,15488.21548821549,16633.1875,465,499,15500.0,16600.0,16633.333333333332,113,12,0.9741379310344828,1.0,0.9741379310344828,proportional,True,transcript_proportional
-dxfTGcXJoc$_$6,0,Kentucky’s,0.0,0.7860082304526749,0,12576,0,8,0.0,786.0082304526749,0,22,0.0,700.0,733.3333333333334,77,8,1.0,1.0,1.0,proportional,True,transcript_proportional
-dxfTGcXJoc$_$6,1,participation,0.7860082304526749,1.8078189300411522,12576,28925,8,19,786.0082304526749,1807.8189300411523,24,55,800.0,1800.0,1833.3333333333333,100,11,1.0,1.0,1.0,proportional,True,transcript_proportional
-dxfTGcXJoc$_$6,2,at,1.8078189300411522,1.9650205761316872,28925,31440,19,20,1807.8189300411523,1965.0205761316872,57,58,1900.0,1900.0,1933.3333333333333,14,1,1.0,0.5,0.5,proportional,True,transcript_proportional
-dxfTGcXJoc$_$6,3,the,1.9650205761316872,2.2008230452674895,31440,35213,20,23,1965.0205761316872,2200.8230452674893,60,67,2000.0,2200.0,2233.3333333333335,22,3,1.0,1.0,1.0,proportional,True,transcript_proportional
-dxfTGcXJoc$_$6,4,annual,2.2008230452674895,2.6724279835390945,35213,42759,23,27,2200.8230452674893,2672.4279835390944,69,79,2300.0,2600.0,2633.3333333333335,45,4,1.0,0.8,0.8,proportional,True,transcript_proportional
-dxfTGcXJoc$_$6,5,BIO,2.6724279835390945,2.908230452674897,42759,46532,27,30,2672.4279835390944,2908.230452674897,81,88,2700.0,2900.0,2933.3333333333335,22,3,1.0,1.0,1.0,proportional,True,transcript_proportional
-dxfTGcXJoc$_$6,6,International,2.908230452674897,3.9300411522633745,46532,62881,30,40,2908.230452674897,3930.0411522633744,90,118,3000.0,3900.0,3933.3333333333335,100,10,1.0,0.9090909090909091,0.9090909090909091,proportional,True,transcript_proportional
-dxfTGcXJoc$_$6,7,Convention,3.9300411522633745,4.716049382716049,62881,75457,40,48,3930.0411522633744,4716.049382716049,120,142,4000.0,4700.0,4733.333333333333,77,8,1.0,1.0,1.0,proportional,True,transcript_proportional
-dxfTGcXJoc$_$6,8,is,4.716049382716049,4.873251028806584,75457,77972,48,49,4716.049382716049,4873.251028806583,144,145,4800.0,4800.0,4833.333333333333,14,1,1.0,0.5,0.5,proportional,True,transcript_proportional
-dxfTGcXJoc$_$6,9,the,4.873251028806584,5.109053497942386,77972,81745,49,52,4873.251028806583,5109.0534979423865,147,154,4900.0,5100.0,5133.333333333333,22,3,1.0,1.0,1.0,proportional,True,transcript_proportional
-dxfTGcXJoc$_$6,10,primary,5.109053497942386,5.659259259259259,81745,90548,52,57,5109.0534979423865,5659.259259259259,156,169,5200.0,5600.0,5633.333333333333,53,5,1.0,0.8333333333333334,0.8333333333333334,proportional,True,transcript_proportional
-dxfTGcXJoc$_$6,11,means,5.659259259259259,6.052263374485596,90548,96836,57,61,5659.259259259259,6052.263374485597,171,181,5700.0,6000.0,6033.333333333333,37,4,1.0,1.0,1.0,proportional,True,transcript_proportional
-dxfTGcXJoc$_$6,12,by,6.052263374485596,6.209465020576132,96836,99351,61,63,6052.263374485597,6209.465020576132,183,187,6100.0,6200.0,6233.333333333333,14,2,1.0,1.0,1.0,proportional,True,transcript_proportional
-dxfTGcXJoc$_$6,13,which,6.209465020576132,6.602469135802469,99351,105640,63,67,6209.465020576132,6602.469135802469,189,199,6300.0,6600.0,6633.333333333333,37,4,1.0,1.0,1.0,proportional,True,transcript_proportional
-dxfTGcXJoc$_$6,14,our,6.602469135802469,6.838271604938272,105640,109412,67,69,6602.469135802469,6838.271604938272,201,205,6700.0,6800.0,6833.333333333333,22,2,1.0,0.6666666666666666,0.6666666666666666,proportional,True,transcript_proportional
-dxfTGcXJoc$_$6,15,high-tech,6.838271604938272,7.545679012345678,109412,120731,69,76,6838.271604938272,7545.679012345678,207,226,6900.0,7500.0,7533.333333333333,69,7,1.0,0.875,0.875,proportional,True,transcript_proportional
-dxfTGcXJoc$_$6,16,companies,7.545679012345678,8.253086419753087,120731,132049,76,83,7545.679012345678,8253.086419753086,228,247,7600.0,8200.0,8233.333333333334,69,7,1.0,0.875,0.875,proportional,True,transcript_proportional
-dxfTGcXJoc$_$6,17,and,8.253086419753087,8.488888888888887,132049,135822,83,85,8253.086419753086,8488.888888888887,249,253,8300.0,8400.0,8433.333333333334,22,2,1.0,0.6666666666666666,0.6666666666666666,proportional,True,transcript_proportional
-dxfTGcXJoc$_$6,18,institutions,8.488888888888887,9.432098765432098,135822,150914,85,95,8488.888888888887,9432.098765432098,255,283,8500.0,9400.0,9433.333333333334,92,10,1.0,1.0,1.0,proportional,True,transcript_proportional
-dxfTGcXJoc$_$6,19,can,9.432098765432098,9.6679012345679,150914,154686,95,97,9432.098765432098,9667.9012345679,285,289,9500.0,9600.0,9633.333333333334,22,2,1.0,0.6666666666666666,0.6666666666666666,proportional,True,transcript_proportional
-dxfTGcXJoc$_$6,20,reach,9.6679012345679,10.060905349794238,154686,160974,97,101,9667.9012345679,10060.905349794239,291,301,9700.0,10000.0,10033.333333333334,37,4,1.0,1.0,1.0,proportional,True,transcript_proportional
-dxfTGcXJoc$_$6,21,out,10.060905349794238,10.296707818930042,160974,164747,101,103,10060.905349794239,10296.707818930041,303,307,10100.0,10200.0,10233.333333333334,22,2,1.0,0.6666666666666666,0.6666666666666666,proportional,True,transcript_proportional
-dxfTGcXJoc$_$6,22,to,10.296707818930042,10.453909465020576,164747,167263,103,105,10296.707818930041,10453.909465020577,309,313,10300.0,10400.0,10433.333333333334,14,2,1.0,1.0,1.0,proportional,True,transcript_proportional
-dxfTGcXJoc$_$6,23,the,10.453909465020576,10.689711934156378,167263,171035,105,107,10453.909465020577,10689.711934156378,315,319,10500.0,10600.0,10633.333333333334,22,2,1.0,0.6666666666666666,0.6666666666666666,proportional,True,transcript_proportional
-dxfTGcXJoc$_$6,24,global,10.689711934156378,11.161316872427983,171035,178581,107,112,10689.711934156378,11161.316872427984,321,334,10700.0,11100.0,11133.333333333334,45,5,1.0,1.0,1.0,proportional,True,transcript_proportional
-dxfTGcXJoc$_$6,25,scientific,11.161316872427983,11.947325102880658,178581,191157,112,120,11161.316872427984,11947.325102880657,336,358,11200.0,11900.0,11933.333333333334,77,8,1.0,1.0,1.0,proportional,True,transcript_proportional
-dxfTGcXJoc$_$6,26,community.,11.947325102880658,12.733333333333333,191157,202055,120,128,11947.325102880657,12628.4375,360,381,12000.0,12700.0,12733.333333333334,66,8,0.8571428571428571,1.0,0.8571428571428571,proportional,True,transcript_proportional
-egA8-b7-3M$_$26,0,We're,0.0,0.4411764705882353,0,7059,0,5,0.0,441.1764705882353,0,13,0.0,400.0,433.3333333333333,42,5,1.0,1.0,1.0,proportional,True,transcript_proportional
-egA8-b7-3M$_$26,1,updating,0.4411764705882353,1.1470588235294117,7059,18353,5,12,441.1764705882353,1147.0588235294117,15,34,500.0,1100.0,1133.3333333333333,69,7,1.0,0.875,0.875,proportional,True,transcript_proportional
-egA8-b7-3M$_$26,2,it,1.1470588235294117,1.3235294117647058,18353,21176,12,14,1147.0588235294117,1323.5294117647059,36,40,1200.0,1300.0,1333.3333333333333,16,2,1.0,1.0,1.0,proportional,True,transcript_proportional
-egA8-b7-3M$_$26,3,all,1.3235294117647058,1.588235294117647,21176,25412,14,16,1323.5294117647059,1588.235294117647,42,46,1400.0,1500.0,1533.3333333333333,24,2,1.0,0.6666666666666666,0.6666666666666666,proportional,True,transcript_proportional
-egA8-b7-3M$_$26,4,the,1.588235294117647,1.8529411764705883,25412,29647,16,19,1588.235294117647,1852.9411764705883,48,55,1600.0,1800.0,1833.3333333333333,24,3,1.0,1.0,1.0,proportional,True,transcript_proportional
-egA8-b7-3M$_$26,5,time,1.8529411764705883,2.2058823529411766,29647,35294,19,23,1852.9411764705883,2205.8823529411766,57,67,1900.0,2200.0,2233.3333333333335,33,4,1.0,1.0,1.0,proportional,True,transcript_proportional
-egA8-b7-3M$_$26,6,and,2.2058823529411766,2.4705882352941178,35294,39529,23,25,2205.8823529411766,2470.5882352941176,69,73,2300.0,2400.0,2433.3333333333335,24,2,1.0,0.6666666666666666,0.6666666666666666,proportional,True,transcript_proportional
-egA8-b7-3M$_$26,7,looking,2.4705882352941178,3.088235294117647,39529,49412,25,31,2470.5882352941176,3088.2352941176473,75,91,2500.0,3000.0,3033.3333333333335,60,6,1.0,0.8571428571428571,0.8571428571428571,proportional,True,transcript_proportional
-egA8-b7-3M$_$26,8,forward,3.088235294117647,3.7058823529411766,49412,59294,31,38,3088.2352941176473,3705.8823529411766,93,112,3100.0,3700.0,3733.3333333333335,60,7,1.0,1.0,1.0,proportional,True,transcript_proportional
-egA8-b7-3M$_$26,9,to,3.7058823529411766,3.8823529411764706,59294,62118,38,39,3705.8823529411766,3882.3529411764707,114,115,3800.0,3800.0,3833.3333333333335,16,1,1.0,0.5,0.5,proportional,True,transcript_proportional
-egA8-b7-3M$_$26,10,your,3.8823529411764706,4.235294117647059,62118,67765,39,43,3882.3529411764707,4235.294117647059,117,127,3900.0,4200.0,4233.333333333333,33,4,1.0,1.0,1.0,proportional,True,transcript_proportional
-egA8-b7-3M$_$26,11,comments,4.235294117647059,4.9411764705882355,67765,79059,43,50,4235.294117647059,4941.176470588235,129,148,4300.0,4900.0,4933.333333333333,69,7,1.0,0.875,0.875,proportional,True,transcript_proportional
-egA8-b7-3M$_$26,12,on,4.9411764705882355,5.117647058823529,79059,81882,50,52,4941.176470588235,5117.647058823529,150,154,5000.0,5100.0,5133.333333333333,16,2,1.0,1.0,1.0,proportional,True,transcript_proportional
-egA8-b7-3M$_$26,13,our,5.117647058823529,5.382352941176471,81882,86118,52,54,5117.647058823529,5382.352941176471,156,160,5200.0,5300.0,5333.333333333333,24,2,1.0,0.6666666666666666,0.6666666666666666,proportional,True,transcript_proportional
-egA8-b7-3M$_$26,14,videos.,5.382352941176471,6.0,86118,94729,54,60,5382.352941176471,5920.5625,162,178,5400.0,5900.0,5933.333333333333,52,6,0.8666666666666667,0.8571428571428571,0.8571428571428571,proportional,True,transcript_proportional
-egA8-b7-3M$_$17,0,As,0.0,0.1963963963963964,0,3142,0,2,0.0,196.3963963963964,0,4,0.0,100.0,133.33333333333334,18,2,1.0,1.0,1.0,proportional,True,transcript_proportional
-egA8-b7-3M$_$17,1,you,0.1963963963963964,0.490990990990991,3142,7856,2,5,196.3963963963964,490.990990990991,6,13,200.0,400.0,433.3333333333333,27,3,1.0,1.0,1.0,proportional,True,transcript_proportional
-egA8-b7-3M$_$17,2,have,0.490990990990991,0.8837837837837839,7856,14141,5,9,490.990990990991,883.7837837837839,15,25,500.0,800.0,833.3333333333334,37,4,1.0,1.0,1.0,proportional,True,transcript_proportional
-egA8-b7-3M$_$17,3,more,0.8837837837837839,1.2765765765765766,14141,20425,9,13,883.7837837837839,1276.5765765765766,27,37,900.0,1200.0,1233.3333333333333,37,4,1.0,1.0,1.0,proportional,True,transcript_proportional
-egA8-b7-3M$_$17,4,"experience,",1.2765765765765766,2.3567567567567567,20425,37708,13,24,1276.5765765765766,2356.7567567567567,39,70,1300.0,2300.0,2333.3333333333335,106,11,1.0,1.0,1.0,proportional,True,transcript_proportional
-egA8-b7-3M$_$17,5,you,2.3567567567567567,2.651351351351351,37708,42422,24,27,2356.7567567567567,2651.3513513513512,72,79,2400.0,2600.0,2633.3333333333335,27,3,1.0,1.0,1.0,proportional,True,transcript_proportional
-egA8-b7-3M$_$17,6,have,2.651351351351351,3.044144144144144,42422,48706,27,31,2651.3513513513512,3044.144144144144,81,91,2700.0,3000.0,3033.3333333333335,37,4,1.0,1.0,1.0,proportional,True,transcript_proportional
-egA8-b7-3M$_$17,7,more,3.044144144144144,3.436936936936937,48706,54991,31,35,3044.144144144144,3436.936936936937,93,103,3100.0,3400.0,3433.3333333333335,37,4,1.0,1.0,1.0,proportional,True,transcript_proportional
-egA8-b7-3M$_$17,8,times,3.436936936936937,3.927927927927928,54991,62847,35,40,3436.936936936937,3927.927927927928,105,118,3500.0,3900.0,3933.3333333333335,47,5,1.0,1.0,1.0,proportional,True,transcript_proportional
-egA8-b7-3M$_$17,9,"exhibiting,",3.927927927927928,5.008108108108108,62847,80130,40,51,3927.927927927928,5008.108108108108,120,151,4000.0,5000.0,5033.333333333333,106,11,1.0,1.0,1.0,proportional,True,transcript_proportional
-egA8-b7-3M$_$17,10,you,5.008108108108108,5.302702702702702,80130,84843,51,54,5008.108108108108,5302.7027027027025,153,160,5100.0,5300.0,5333.333333333333,27,3,1.0,1.0,1.0,proportional,True,transcript_proportional
-egA8-b7-3M$_$17,11,get,5.302702702702702,5.597297297297297,84843,89557,54,56,5302.7027027027025,5597.2972972972975,162,166,5400.0,5500.0,5533.333333333333,27,2,1.0,0.6666666666666666,0.6666666666666666,proportional,True,transcript_proportional
-egA8-b7-3M$_$17,12,to,5.597297297297297,5.793693693693694,89557,92699,56,58,5597.2972972972975,5793.693693693694,168,172,5600.0,5700.0,5733.333333333333,18,2,1.0,1.0,1.0,proportional,True,transcript_proportional
-egA8-b7-3M$_$17,13,know,5.793693693693694,6.186486486486487,92699,98984,58,62,5793.693693693694,6186.486486486487,174,184,5800.0,6100.0,6133.333333333333,37,4,1.0,1.0,1.0,proportional,True,transcript_proportional
-egA8-b7-3M$_$17,14,more,6.186486486486487,6.579279279279279,98984,105268,62,66,6186.486486486487,6579.27927927928,186,196,6200.0,6500.0,6533.333333333333,37,4,1.0,1.0,1.0,proportional,True,transcript_proportional
-egA8-b7-3M$_$17,15,people.,6.579279279279279,7.266666666666667,105268,113524,66,73,6579.27927927928,7095.25,198,215,6600.0,7233.333333333333,7266.666666666666,50,7,0.746268656716418,1.0,0.746268656716418,proportional,True,transcript_proportional
-egA8-b7-3M$_$18,0,It,0.0,0.1608974358974359,0,2574,0,2,0.0,160.8974358974359,0,4,0.0,100.0,133.33333333333334,14,2,1.0,1.0,1.0,proportional,True,transcript_proportional
-egA8-b7-3M$_$18,1,becomes,0.1608974358974359,0.7240384615384616,2574,11585,2,8,160.8974358974359,724.0384615384617,6,22,200.0,700.0,733.3333333333334,54,6,1.0,1.0,1.0,proportional,True,transcript_proportional
-egA8-b7-3M$_$18,2,easier,0.7240384615384616,1.2067307692307692,11585,19308,8,13,724.0384615384617,1206.730769230769,24,37,800.0,1200.0,1233.3333333333333,46,5,1.0,1.0,1.0,proportional,True,transcript_proportional
-egA8-b7-3M$_$18,3,at,1.2067307692307692,1.3676282051282054,19308,21882,13,14,1206.730769230769,1367.6282051282053,39,40,1300.0,1300.0,1333.3333333333333,14,1,1.0,0.5,0.5,proportional,True,transcript_proportional
-egA8-b7-3M$_$18,4,each,1.3676282051282054,1.6894230769230771,21882,27031,14,17,1367.6282051282053,1689.4230769230771,42,49,1400.0,1600.0,1633.3333333333333,30,3,1.0,0.75,0.75,proportional,True,transcript_proportional
-egA8-b7-3M$_$18,5,one,1.6894230769230771,1.9307692307692308,27031,30892,17,20,1689.4230769230771,1930.7692307692307,51,58,1700.0,1900.0,1933.3333333333333,22,3,1.0,1.0,1.0,proportional,True,transcript_proportional
-egA8-b7-3M$_$18,6,of,1.9307692307692308,2.091666666666667,30892,33467,20,21,1930.7692307692307,2091.666666666667,60,61,2000.0,2000.0,2033.3333333333333,14,1,1.0,0.5,0.5,proportional,True,transcript_proportional
-egA8-b7-3M$_$18,7,these,2.091666666666667,2.4939102564102567,33467,39903,21,25,2091.666666666667,2493.910256410257,63,73,2100.0,2400.0,2433.3333333333335,38,4,1.0,0.8,0.8,proportional,True,transcript_proportional
-egA8-b7-3M$_$18,8,conferences,2.4939102564102567,3.3788461538461543,39903,54062,25,34,2493.910256410257,3378.8461538461543,75,100,2500.0,3300.0,3333.3333333333335,86,9,1.0,1.0,1.0,proportional,True,transcript_proportional
-egA8-b7-3M$_$18,9,to,3.3788461538461543,3.5397435897435896,54062,56636,34,36,3378.8461538461543,3539.7435897435894,102,106,3400.0,3500.0,3533.3333333333335,14,2,1.0,1.0,1.0,proportional,True,transcript_proportional
-egA8-b7-3M$_$18,10,connect,3.5397435897435896,4.102884615384616,56636,65646,36,42,3539.7435897435894,4102.884615384615,108,124,3600.0,4100.0,4133.333333333333,54,6,1.0,1.0,1.0,proportional,True,transcript_proportional
-egA8-b7-3M$_$18,11,with,4.102884615384616,4.424679487179487,65646,70795,42,45,4102.884615384615,4424.679487179487,126,133,4200.0,4400.0,4433.333333333333,30,3,1.0,0.75,0.75,proportional,True,transcript_proportional
-egA8-b7-3M$_$18,12,people,4.424679487179487,4.9073717948717945,70795,78518,45,50,4424.679487179487,4907.371794871795,135,148,4500.0,4900.0,4933.333333333333,46,5,1.0,1.0,1.0,proportional,True,transcript_proportional
-egA8-b7-3M$_$18,13,that,4.9073717948717945,5.229166666666667,78518,83667,50,53,4907.371794871795,5229.166666666667,150,157,5000.0,5200.0,5233.333333333333,30,3,1.0,0.75,0.75,proportional,True,transcript_proportional
-egA8-b7-3M$_$18,14,you've,5.229166666666667,5.711858974358975,83667,91390,53,58,5229.166666666667,5711.8589743589755,159,172,5300.0,5700.0,5733.333333333333,46,5,1.0,1.0,1.0,proportional,True,transcript_proportional
-egA8-b7-3M$_$18,15,met,5.711858974358975,5.953205128205128,91390,95251,58,60,5711.8589743589755,5953.205128205128,174,178,5800.0,5900.0,5933.333333333333,22,2,1.0,0.6666666666666666,0.6666666666666666,proportional,True,transcript_proportional
-egA8-b7-3M$_$18,16,or,5.953205128205128,6.114102564102565,95251,97826,60,62,5953.205128205128,6114.102564102564,180,184,6000.0,6100.0,6133.333333333333,14,2,1.0,1.0,1.0,proportional,True,transcript_proportional
-egA8-b7-3M$_$18,17,that,6.114102564102565,6.435897435897436,97826,102974,62,65,6114.102564102564,6435.8974358974365,186,193,6200.0,6400.0,6433.333333333333,30,3,1.0,0.75,0.75,proportional,True,transcript_proportional
-egA8-b7-3M$_$18,18,you're,6.435897435897436,6.918589743589744,102974,110697,65,70,6435.8974358974365,6918.589743589744,195,208,6500.0,6900.0,6933.333333333333,46,5,1.0,1.0,1.0,proportional,True,transcript_proportional
-egA8-b7-3M$_$18,19,doing,6.918589743589744,7.320833333333334,110697,117133,70,74,6918.589743589744,7320.833333333334,210,220,7000.0,7300.0,7333.333333333333,38,4,1.0,0.8,0.8,proportional,True,transcript_proportional
-egA8-b7-3M$_$18,20,business,7.320833333333334,7.964423076923078,117133,127431,74,80,7320.833333333334,7964.423076923078,222,238,7400.0,7900.0,7933.333333333333,62,6,1.0,0.8571428571428571,0.8571428571428571,proportional,True,transcript_proportional
-egA8-b7-3M$_$18,21,with.,7.964423076923078,8.366666666666667,127431,132252,80,84,7964.423076923078,8265.75,240,250,8000.0,8333.333333333334,8366.666666666668,28,4,0.7368421052631579,0.8,0.7368421052631579,proportional,True,transcript_proportional
-egA8-b7-3M$_$16,0,"Third,",0.0,0.49552238805970156,0,7928,0,5,0.0,495.52238805970154,0,13,0.0,400.0,433.3333333333333,48,5,1.0,1.0,1.0,proportional,True,transcript_proportional
-egA8-b7-3M$_$16,1,another,0.49552238805970156,1.07363184079602,7928,17178,5,11,495.52238805970154,1073.63184079602,15,31,500.0,1000.0,1033.3333333333333,56,6,1.0,1.0,1.0,proportional,True,transcript_proportional
-egA8-b7-3M$_$16,2,big,1.07363184079602,1.3213930348258707,17178,21142,11,14,1073.63184079602,1321.3930348258707,33,40,1100.0,1300.0,1333.3333333333333,23,3,1.0,1.0,1.0,proportional,True,transcript_proportional
-egA8-b7-3M$_$16,3,benefit,1.3213930348258707,1.899502487562189,21142,30392,14,19,1321.3930348258707,1899.5024875621891,42,55,1400.0,1800.0,1833.3333333333333,56,5,1.0,0.8333333333333334,0.8333333333333334,proportional,True,transcript_proportional
-egA8-b7-3M$_$16,4,of,1.899502487562189,2.064676616915423,30392,33035,19,21,1899.5024875621891,2064.676616915423,57,61,1900.0,2000.0,2033.3333333333333,15,2,1.0,1.0,1.0,proportional,True,transcript_proportional
-egA8-b7-3M$_$16,5,exhibiting,2.064676616915423,2.890547263681592,33035,46249,21,29,2064.676616915423,2890.547263681592,63,85,2100.0,2800.0,2833.3333333333335,81,8,1.0,0.8888888888888888,0.8888888888888888,proportional,True,transcript_proportional
-egA8-b7-3M$_$16,6,is,2.890547263681592,3.0557213930348257,46249,48892,29,31,2890.547263681592,3055.7213930348257,87,91,2900.0,3000.0,3033.3333333333335,15,2,1.0,1.0,1.0,proportional,True,transcript_proportional
-egA8-b7-3M$_$16,7,connecting,3.0557213930348257,3.881592039800995,48892,62105,31,39,3055.7213930348257,3881.592039800995,93,115,3100.0,3800.0,3833.3333333333335,81,8,1.0,0.8888888888888888,0.8888888888888888,proportional,True,transcript_proportional
-egA8-b7-3M$_$16,8,with,3.881592039800995,4.2119402985074625,62105,67391,39,43,3881.592039800995,4211.940298507462,117,127,3900.0,4200.0,4233.333333333333,31,4,1.0,1.0,1.0,proportional,True,transcript_proportional
-egA8-b7-3M$_$16,9,existing,4.2119402985074625,4.872636815920398,67391,77962,43,49,4211.940298507462,4872.636815920398,129,145,4300.0,4800.0,4833.333333333333,64,6,1.0,0.8571428571428571,0.8571428571428571,proportional,True,transcript_proportional
-egA8-b7-3M$_$16,10,clients.,4.872636815920398,5.533333333333333,77962,87728,49,56,4872.636815920398,5483.0,147,166,4900.0,5500.0,5533.333333333333,59,7,0.921875,1.0,0.921875,proportional,True,transcript_proportional
-egA8-b7-3M$_$13,0,What,0.0,0.30303030303030304,0,4848,0,4,0.0,303.03030303030306,0,10,0.0,300.0,333.3333333333333,28,4,1.0,1.0,1.0,proportional,True,transcript_proportional
-egA8-b7-3M$_$13,1,are,0.30303030303030304,0.5303030303030303,4848,8485,4,6,303.03030303030306,530.3030303030303,12,16,400.0,500.0,533.3333333333334,21,2,1.0,0.6666666666666666,0.6666666666666666,proportional,True,transcript_proportional
-egA8-b7-3M$_$13,2,you,0.5303030303030303,0.7575757575757577,8485,12121,6,8,530.3030303030303,757.5757575757577,18,22,600.0,700.0,733.3333333333334,21,2,1.0,0.6666666666666666,0.6666666666666666,proportional,True,transcript_proportional
-egA8-b7-3M$_$13,3,doing,0.7575757575757577,1.1363636363636365,12121,18182,8,12,757.5757575757577,1136.3636363636365,24,34,800.0,1100.0,1133.3333333333333,36,4,1.0,1.0,1.0,proportional,True,transcript_proportional
-egA8-b7-3M$_$13,4,that's,1.1363636363636365,1.5909090909090908,18182,25455,12,16,1136.3636363636365,1590.9090909090908,36,46,1200.0,1500.0,1533.3333333333333,43,4,1.0,0.8,0.8,proportional,True,transcript_proportional
-egA8-b7-3M$_$13,5,"different?""",1.5909090909090908,2.4242424242424243,25455,38788,16,25,1590.9090909090908,2424.2424242424245,48,73,1600.0,2400.0,2433.3333333333335,81,9,1.0,1.0,1.0,proportional,True,transcript_proportional
-egA8-b7-3M$_$13,6,They,2.4242424242424243,2.727272727272727,38788,43636,25,28,2424.2424242424245,2727.272727272727,75,82,2500.0,2700.0,2733.3333333333335,28,3,1.0,0.75,0.75,proportional,True,transcript_proportional
-egA8-b7-3M$_$13,7,always,2.727272727272727,3.1818181818181817,43636,50909,28,32,2727.272727272727,3181.8181818181815,84,94,2800.0,3100.0,3133.3333333333335,43,4,1.0,0.8,0.8,proportional,True,transcript_proportional
-egA8-b7-3M$_$13,8,want,3.1818181818181817,3.4848484848484853,50909,55758,32,35,3181.8181818181815,3484.8484848484854,96,103,3200.0,3400.0,3433.3333333333335,28,3,1.0,0.75,0.75,proportional,True,transcript_proportional
-egA8-b7-3M$_$13,9,an,3.4848484848484853,3.6363636363636362,55758,58182,35,37,3484.8484848484854,3636.363636363636,105,109,3500.0,3600.0,3633.3333333333335,13,2,1.0,1.0,1.0,proportional,True,transcript_proportional
-egA8-b7-3M$_$13,10,answer.,3.6363636363636362,4.166666666666667,58182,64382,37,42,3636.363636363636,4023.8750000000005,111,123,3700.0,4133.333333333334,4166.666666666667,37,5,0.7254901960784313,0.8333333333333334,0.7254901960784313,proportional,True,transcript_proportional
-egA8-b7-3M$_$1,0,I,0.0,0.0983974358974359,0,1574,0,1,0.0,98.3974358974359,0,1,0.0,0.0,33.333333333333336,8,1,1.0,1.0,1.0,proportional,True,transcript_proportional
-egA8-b7-3M$_$1,1,started,0.0983974358974359,0.7871794871794872,1574,12595,1,8,98.3974358974359,787.1794871794872,3,22,100.0,700.0,733.3333333333334,67,7,1.0,1.0,1.0,proportional,True,transcript_proportional
-egA8-b7-3M$_$1,2,a,0.7871794871794872,0.885576923076923,12595,14169,8,9,787.1794871794872,885.5769230769231,24,25,800.0,800.0,833.3333333333334,8,1,1.0,1.0,1.0,proportional,True,transcript_proportional
-egA8-b7-3M$_$1,3,successful,0.885576923076923,1.8695512820512818,14169,29913,9,19,885.5769230769231,1869.5512820512818,27,55,900.0,1800.0,1833.3333333333333,96,10,1.0,1.0,1.0,proportional,True,transcript_proportional
-egA8-b7-3M$_$1,4,Legal,1.8695512820512818,2.361538461538461,29913,37785,19,24,1869.5512820512818,2361.538461538461,57,70,1900.0,2300.0,2333.3333333333335,47,5,1.0,1.0,1.0,proportional,True,transcript_proportional
-egA8-b7-3M$_$1,5,Nurse,2.361538461538461,2.853525641025641,37785,45656,24,29,2361.538461538461,2853.5256410256407,72,85,2400.0,2800.0,2833.3333333333335,47,5,1.0,1.0,1.0,proportional,True,transcript_proportional
-egA8-b7-3M$_$1,6,Consulting,2.853525641025641,3.8374999999999995,45656,61400,29,39,2853.5256410256407,3837.4999999999995,87,115,2900.0,3800.0,3833.3333333333335,96,10,1.0,1.0,1.0,proportional,True,transcript_proportional
-egA8-b7-3M$_$1,7,Business,3.8374999999999995,4.6246794871794865,61400,73995,39,47,3837.4999999999995,4624.679487179486,117,139,3900.0,4600.0,4633.333333333333,77,8,1.0,1.0,1.0,proportional,True,transcript_proportional
-egA8-b7-3M$_$1,8,in,4.6246794871794865,4.821474358974358,73995,77144,47,49,4624.679487179486,4821.474358974358,141,145,4700.0,4800.0,4833.333333333333,18,2,1.0,1.0,1.0,proportional,True,transcript_proportional
-egA8-b7-3M$_$1,9,1989.,4.821474358974358,5.313461538461538,77144,85015,49,54,4821.474358974358,5313.461538461538,147,160,4900.0,5300.0,5333.333333333333,47,5,1.0,1.0,1.0,proportional,True,transcript_proportional
-egA8-b7-3M$_$1,10,I,5.313461538461538,5.411858974358974,85015,86590,54,55,5313.461538461538,5411.858974358974,162,163,5400.0,5400.0,5433.333333333333,8,1,1.0,1.0,1.0,proportional,True,transcript_proportional
-egA8-b7-3M$_$1,11,mentor,5.411858974358974,6.002243589743589,86590,96036,55,61,5411.858974358974,6002.243589743589,165,181,5500.0,6000.0,6033.333333333333,57,6,1.0,1.0,1.0,proportional,True,transcript_proportional
-egA8-b7-3M$_$1,12,nurses,6.002243589743589,6.5926282051282055,96036,105482,61,66,6002.243589743589,6592.628205128205,183,196,6100.0,6500.0,6533.333333333333,57,5,1.0,0.8333333333333334,0.8333333333333334,proportional,True,transcript_proportional
-egA8-b7-3M$_$1,13,who,6.5926282051282055,6.887820512820512,105482,110205,66,69,6592.628205128205,6887.820512820512,198,205,6600.0,6800.0,6833.333333333333,28,3,1.0,1.0,1.0,proportional,True,transcript_proportional
-egA8-b7-3M$_$1,14,want,6.887820512820512,7.281410256410256,110205,116503,69,73,6887.820512820512,7281.410256410256,207,217,6900.0,7200.0,7233.333333333333,37,4,1.0,1.0,1.0,proportional,True,transcript_proportional
-egA8-b7-3M$_$1,15,to,7.281410256410256,7.478205128205127,116503,119651,73,75,7281.410256410256,7478.205128205127,219,223,7300.0,7400.0,7433.333333333333,18,2,1.0,1.0,1.0,proportional,True,transcript_proportional
-egA8-b7-3M$_$1,16,become,7.478205128205127,8.068589743589742,119651,129097,75,81,7478.205128205127,8068.589743589742,225,241,7500.0,8000.0,8033.333333333333,57,6,1.0,1.0,1.0,proportional,True,transcript_proportional
-egA8-b7-3M$_$1,17,Legal,8.068589743589742,8.560576923076923,129097,136969,81,86,8068.589743589742,8560.576923076922,243,256,8100.0,8500.0,8533.333333333334,47,5,1.0,1.0,1.0,proportional,True,transcript_proportional
-egA8-b7-3M$_$1,18,Nurse,8.560576923076923,9.052564102564101,136969,144841,86,91,8560.576923076922,9052.564102564102,258,271,8600.0,9000.0,9033.333333333334,47,5,1.0,1.0,1.0,proportional,True,transcript_proportional
-egA8-b7-3M$_$1,19,Consultants.,9.052564102564101,10.233333333333333,144841,162500,91,103,9052.564102564102,10156.25,273,306,9100.0,10200.0,10233.333333333334,108,12,0.9310344827586207,1.0,0.9310344827586207,proportional,True,transcript_proportional
-egA8-b7-3M$_$6,0,First,0.0,0.45169082125603865,0,7227,0,5,0.0,451.69082125603865,0,13,0.0,400.0,433.3333333333333,43,5,1.0,1.0,1.0,proportional,True,transcript_proportional
-egA8-b7-3M$_$6,1,exhibiting,0.45169082125603865,1.355072463768116,7227,21681,5,14,451.69082125603865,1355.072463768116,15,40,500.0,1300.0,1333.3333333333333,88,9,1.0,0.9,0.9,proportional,True,transcript_proportional
-egA8-b7-3M$_$6,2,is,1.355072463768116,1.5357487922705315,21681,24572,14,16,1355.072463768116,1535.7487922705316,42,46,1400.0,1500.0,1533.3333333333333,16,2,1.0,1.0,1.0,proportional,True,transcript_proportional
-egA8-b7-3M$_$6,3,a,1.5357487922705315,1.626086956521739,24572,26017,16,17,1535.7487922705316,1626.086956521739,48,49,1600.0,1600.0,1633.3333333333333,7,1,1.0,1.0,1.0,proportional,True,transcript_proportional
-egA8-b7-3M$_$6,4,wonderful,1.626086956521739,2.439130434782609,26017,39026,17,25,1626.086956521739,2439.130434782609,51,73,1700.0,2400.0,2433.3333333333335,79,8,1.0,0.8888888888888888,0.8888888888888888,proportional,True,transcript_proportional
-egA8-b7-3M$_$6,5,opportunity,2.439130434782609,3.4328502415458937,39026,54926,25,35,2439.130434782609,3432.850241545894,75,103,2500.0,3400.0,3433.3333333333335,97,10,1.0,1.0,1.0,proportional,True,transcript_proportional
-egA8-b7-3M$_$6,6,to,3.4328502415458937,3.6135265700483092,54926,57816,35,37,3432.850241545894,3613.526570048309,105,109,3500.0,3600.0,3633.3333333333335,16,2,1.0,1.0,1.0,proportional,True,transcript_proportional
-egA8-b7-3M$_$6,7,network,3.6135265700483092,4.245893719806764,57816,67934,37,43,3613.526570048309,4245.893719806764,111,127,3700.0,4200.0,4233.333333333333,61,6,1.0,0.8571428571428571,0.8571428571428571,proportional,True,transcript_proportional
-egA8-b7-3M$_$6,8,with,4.245893719806764,4.607246376811593,67934,73716,43,47,4245.893719806764,4607.246376811593,129,139,4300.0,4600.0,4633.333333333333,34,4,1.0,1.0,1.0,proportional,True,transcript_proportional
-egA8-b7-3M$_$6,9,other,4.607246376811593,5.058937198067633,73716,80943,47,51,4607.246376811593,5058.937198067632,141,151,4700.0,5000.0,5033.333333333333,43,4,1.0,0.8,0.8,proportional,True,transcript_proportional
-egA8-b7-3M$_$6,10,legal,5.058937198067633,5.510628019323672,80943,88170,51,56,5058.937198067632,5510.628019323672,153,166,5100.0,5500.0,5533.333333333333,43,5,1.0,1.0,1.0,proportional,True,transcript_proportional
-egA8-b7-3M$_$6,11,vendors.,5.510628019323672,6.233333333333333,88170,98930,56,63,5510.628019323672,6183.125,168,187,5600.0,6200.0,6233.333333333333,65,7,0.9285714285714286,0.875,0.875,proportional,True,transcript_proportional
-egA8-b7-3M$_$9,0,"Secondly,",0.0,0.7728813559322033,0,12366,0,8,0.0,772.8813559322033,0,22,0.0,700.0,733.3333333333334,75,8,1.0,1.0,1.0,proportional,True,transcript_proportional
-egA8-b7-3M$_$9,1,another,0.7728813559322033,1.3740112994350282,12366,21984,8,14,772.8813559322033,1374.0112994350281,24,40,800.0,1300.0,1333.3333333333333,58,6,1.0,0.8571428571428571,0.8571428571428571,proportional,True,transcript_proportional
-egA8-b7-3M$_$9,2,goal,1.3740112994350282,1.7175141242937852,21984,27480,14,18,1374.0112994350281,1717.5141242937852,42,52,1400.0,1700.0,1733.3333333333333,32,4,1.0,1.0,1.0,proportional,True,transcript_proportional
-egA8-b7-3M$_$9,3,of,1.7175141242937852,1.8892655367231639,27480,30228,18,19,1717.5141242937852,1889.265536723164,54,55,1800.0,1800.0,1833.3333333333333,15,1,1.0,0.5,0.5,proportional,True,transcript_proportional
-egA8-b7-3M$_$9,4,exhibiting,1.8892655367231639,2.7480225988700564,30228,43968,19,28,1889.265536723164,2748.0225988700563,57,82,1900.0,2700.0,2733.3333333333335,84,9,1.0,1.0,1.0,proportional,True,transcript_proportional
-egA8-b7-3M$_$9,5,is,2.7480225988700564,2.9197740112994346,43968,46716,28,30,2748.0225988700563,2919.7740112994347,84,88,2800.0,2900.0,2933.3333333333335,15,2,1.0,1.0,1.0,proportional,True,transcript_proportional
-egA8-b7-3M$_$9,6,building,2.9197740112994346,3.6067796610169487,46716,57708,30,37,2919.7740112994347,3606.7796610169485,90,109,3000.0,3600.0,3633.3333333333335,67,7,1.0,1.0,1.0,proportional,True,transcript_proportional
-egA8-b7-3M$_$9,7,your,3.6067796610169487,3.950282485875706,57708,63205,37,40,3606.7796610169485,3950.282485875706,111,118,3700.0,3900.0,3933.3333333333335,32,3,1.0,0.75,0.75,proportional,True,transcript_proportional
-egA8-b7-3M$_$9,8,company,3.950282485875706,4.551412429378531,63205,72823,40,46,3950.282485875706,4551.412429378531,120,136,4000.0,4500.0,4533.333333333333,58,6,1.0,0.8571428571428571,0.8571428571428571,proportional,True,transcript_proportional
-egA8-b7-3M$_$9,9,image.,4.551412429378531,5.066666666666666,72823,78978,46,51,4551.412429378531,4936.125,138,150,4600.0,5033.333333333333,5066.666666666666,36,5,0.72,0.8333333333333334,0.72,proportional,True,transcript_proportional
-egA8-b7-3M$_$20,0,Now,0.0,0.25189873417721514,0,4030,0,3,0.0,251.89873417721515,0,7,0.0,200.0,233.33333333333334,23,3,1.0,1.0,1.0,proportional,True,transcript_proportional
-egA8-b7-3M$_$20,1,you've,0.25189873417721514,0.7556962025316455,4030,12091,3,8,251.89873417721515,755.6962025316454,9,22,300.0,700.0,733.3333333333334,48,5,1.0,0.8333333333333334,0.8333333333333334,proportional,True,transcript_proportional
-egA8-b7-3M$_$20,2,got,0.7556962025316455,1.0075949367088606,12091,16122,8,11,755.6962025316454,1007.5949367088606,24,31,800.0,1000.0,1033.3333333333333,23,3,1.0,1.0,1.0,proportional,True,transcript_proportional
-egA8-b7-3M$_$20,3,a,1.0075949367088606,1.091561181434599,16122,17465,11,11,1007.5949367088606,1091.561181434599,-1,-1,,,,6,0,1.0,0.0,0.0,proportional,True,transcript_proportional
-egA8-b7-3M$_$20,4,face,1.091561181434599,1.4274261603375527,17465,22839,11,15,1091.561181434599,1427.4261603375526,33,43,1100.0,1400.0,1433.3333333333333,32,4,1.0,1.0,1.0,proportional,True,transcript_proportional
-egA8-b7-3M$_$20,5,that,1.4274261603375527,1.7632911392405062,22839,28213,15,18,1427.4261603375526,1763.2911392405063,45,52,1500.0,1700.0,1733.3333333333333,32,3,1.0,0.75,0.75,proportional,True,transcript_proportional
-egA8-b7-3M$_$20,6,you,1.7632911392405062,2.015189873417721,28213,32243,18,21,1763.2911392405063,2015.1898734177212,54,61,1800.0,2000.0,2033.3333333333333,23,3,1.0,1.0,1.0,proportional,True,transcript_proportional
-egA8-b7-3M$_$20,7,can,2.015189873417721,2.267088607594937,32243,36273,21,23,2015.1898734177212,2267.088607594937,63,67,2100.0,2200.0,2233.3333333333335,23,2,1.0,0.6666666666666666,0.6666666666666666,proportional,True,transcript_proportional
-egA8-b7-3M$_$20,8,connect,2.267088607594937,2.8548523206751053,36273,45678,23,29,2267.088607594937,2854.852320675105,69,85,2300.0,2800.0,2833.3333333333335,57,6,1.0,1.0,1.0,proportional,True,transcript_proportional
-egA8-b7-3M$_$20,9,with,2.8548523206751053,3.190717299578059,45678,51051,29,32,2854.852320675105,3190.717299578059,87,94,2900.0,3100.0,3133.3333333333335,32,3,1.0,0.75,0.75,proportional,True,transcript_proportional
-egA8-b7-3M$_$20,10,a,3.190717299578059,3.274683544303797,51051,52395,32,33,3190.717299578059,3274.683544303797,96,97,3200.0,3200.0,3233.3333333333335,6,1,1.0,1.0,1.0,proportional,True,transcript_proportional
-egA8-b7-3M$_$20,11,"voice,",3.274683544303797,3.778481012658228,52395,60456,33,38,3274.683544303797,3778.481012658228,99,112,3300.0,3700.0,3733.3333333333335,48,5,1.0,0.8333333333333334,0.8333333333333334,proportional,True,transcript_proportional
-egA8-b7-3M$_$20,12,and,3.778481012658228,4.030379746835442,60456,64486,38,41,3778.481012658228,4030.3797468354423,114,121,3800.0,4000.0,4033.3333333333335,23,3,1.0,1.0,1.0,proportional,True,transcript_proportional
-egA8-b7-3M$_$20,13,that,4.030379746835442,4.366244725738396,64486,69860,41,44,4030.3797468354423,4366.244725738396,123,130,4100.0,4300.0,4333.333333333333,32,3,1.0,0.75,0.75,proportional,True,transcript_proportional
-egA8-b7-3M$_$20,14,makes,4.366244725738396,4.786075949367088,69860,76577,44,48,4366.244725738396,4786.0759493670885,132,142,4400.0,4700.0,4733.333333333333,40,4,1.0,0.8,0.8,proportional,True,transcript_proportional
-egA8-b7-3M$_$20,15,you,4.786075949367088,5.037974683544304,76577,80608,48,51,4786.0759493670885,5037.974683544304,144,151,4800.0,5000.0,5033.333333333333,23,3,1.0,1.0,1.0,proportional,True,transcript_proportional
-egA8-b7-3M$_$20,16,closer,5.037974683544304,5.5417721518987335,80608,88668,51,56,5037.974683544304,5541.772151898734,153,166,5100.0,5500.0,5533.333333333333,48,5,1.0,0.8333333333333334,0.8333333333333334,proportional,True,transcript_proportional
-egA8-b7-3M$_$20,17,to,5.5417721518987335,5.709704641350211,88668,91355,56,58,5541.772151898734,5709.70464135021,168,172,5600.0,5700.0,5733.333333333333,15,2,1.0,1.0,1.0,proportional,True,transcript_proportional
-egA8-b7-3M$_$20,18,that,5.709704641350211,6.045569620253164,91355,96729,58,61,5709.70464135021,6045.5696202531635,174,181,5800.0,6000.0,6033.333333333333,32,3,1.0,0.75,0.75,proportional,True,transcript_proportional
-egA8-b7-3M$_$20,19,client.,6.045569620253164,6.633333333333333,96729,103591,61,66,6045.5696202531635,6474.4375,183,196,6100.0,6600.0,6633.333333333333,41,5,0.7192982456140351,0.8333333333333334,0.7192982456140351,proportional,True,transcript_proportional
-iRBcNs9oI8$_$3,0,"Well,",0.0,0.9664827586206897,0,15464,0,10,0.0,966.4827586206897,0,28,0.0,900.9000000000001,934.2666666666668,95,10,1.0,1.0,1.0,proportional,True,transcript_proportional
-iRBcNs9oI8$_$3,1,it,0.9664827586206897,1.3530758620689654,15464,21649,10,14,966.4827586206897,1353.0758620689653,30,40,1000.9999999999999,1301.3,1334.6666666666665,37,4,1.0,1.0,1.0,proportional,True,transcript_proportional
-iRBcNs9oI8$_$3,2,is,1.3530758620689654,1.7396689655172415,21649,27835,14,18,1353.0758620689653,1739.6689655172415,42,52,1401.4,1701.7,1735.0666666666666,37,4,1.0,1.0,1.0,proportional,True,transcript_proportional
-iRBcNs9oI8$_$3,3,the,1.7396689655172415,2.3195586206896555,27835,37113,18,24,1739.6689655172415,2319.5586206896555,54,70,1801.8000000000002,2302.2999999999997,2335.6666666666665,56,6,1.0,1.0,1.0,proportional,True,transcript_proportional
-iRBcNs9oI8$_$3,4,secret,2.3195586206896555,3.479337931034483,37113,55669,24,35,2319.5586206896555,3479.337931034483,72,103,2402.4,3403.4,3436.766666666667,114,11,1.0,0.9166666666666666,0.9166666666666666,proportional,True,transcript_proportional
-iRBcNs9oI8$_$3,5,of,3.479337931034483,3.8659310344827587,55669,61855,35,39,3479.337931034483,3865.9310344827586,105,115,3503.5,3803.7999999999997,3837.1666666666665,37,4,1.0,1.0,1.0,proportional,True,transcript_proportional
-iRBcNs9oI8$_$3,6,power,3.8659310344827587,4.832413793103448,61855,77319,39,49,3865.9310344827586,4832.4137931034475,117,145,3903.9,4804.8,4838.166666666667,95,10,1.0,1.0,1.0,proportional,True,transcript_proportional
-iRBcNs9oI8$_$3,7,pose,4.832413793103448,5.6056,77319,88612,49,56,4832.4137931034475,5538.25,147,166,4904.9,5505.5,5538.866666666667,69,7,0.92,0.875,0.875,proportional,True,transcript_proportional
-iRBcNs9oI8$_$7,0,"Well,",0.0,0.4846111111111111,0,7754,0,5,0.0,484.6111111111111,0,13,0.0,400.4,433.76666666666665,46,5,1.0,1.0,1.0,proportional,True,transcript_proportional
-iRBcNs9oI8$_$7,1,for,0.4846111111111111,0.7753777777777777,7754,12406,5,8,484.6111111111111,775.3777777777777,15,22,500.49999999999994,700.7,734.0666666666667,27,3,1.0,1.0,1.0,proportional,True,transcript_proportional
-iRBcNs9oI8$_$7,2,"starters,",0.7753777777777777,1.6476777777777778,12406,26363,8,17,775.3777777777777,1647.6777777777777,24,49,800.8,1601.6,1634.9666666666665,85,9,1.0,1.0,1.0,proportional,True,transcript_proportional
-iRBcNs9oI8$_$7,3,let's,1.6476777777777778,2.1322888888888887,26363,34117,17,22,1647.6777777777777,2132.288888888889,51,64,1701.7,2102.1,2135.4666666666667,46,5,1.0,1.0,1.0,proportional,True,transcript_proportional
-iRBcNs9oI8$_$7,4,look,2.1322888888888887,2.5199777777777776,34117,40320,22,26,2132.288888888889,2519.9777777777776,66,76,2202.2,2502.5,2535.866666666667,37,4,1.0,1.0,1.0,proportional,True,transcript_proportional
-iRBcNs9oI8$_$7,5,at,2.5199777777777776,2.713822222222222,40320,43421,26,28,2519.9777777777776,2713.822222222222,78,82,2602.6,2702.7000000000003,2736.066666666667,17,2,1.0,1.0,1.0,proportional,True,transcript_proportional
-iRBcNs9oI8$_$7,6,the,2.713822222222222,3.0045888888888888,43421,48073,28,31,2713.822222222222,3004.588888888889,84,91,2802.8,3003.0,3036.366666666667,27,3,1.0,1.0,1.0,proportional,True,transcript_proportional
-iRBcNs9oI8$_$7,7,word,3.0045888888888888,3.3922777777777773,48073,54276,31,34,3004.588888888889,3392.2777777777774,93,100,3103.1,3303.3,3336.666666666667,37,3,1.0,0.75,0.75,proportional,True,transcript_proportional
-iRBcNs9oI8$_$7,8,"""power""",3.3922777777777773,4.070733333333333,54276,64092,34,41,3392.2777777777774,4005.75,102,120,3403.4,4037.3666666666663,4070.733333333333,59,7,0.8939393939393939,1.0,0.8939393939393939,proportional,True,transcript_proportional
-iRBcNs9oI8$_$6,0,What,0.0,0.7173833333333334,0,11478,0,8,0.0,717.3833333333333,0,22,0.0,700.7,734.0666666666667,70,8,1.0,1.0,1.0,proportional,True,transcript_proportional
-iRBcNs9oI8$_$6,1,is,0.7173833333333334,1.0760750000000001,11478,17217,8,11,717.3833333333333,1076.075,24,31,800.8,1000.9999999999999,1034.3666666666666,34,3,1.0,0.75,0.75,proportional,True,transcript_proportional
-iRBcNs9oI8$_$6,2,a,1.0760750000000001,1.2554208333333334,17217,20087,11,13,1076.075,1255.4208333333333,33,37,1101.1,1201.2,1234.5666666666666,16,2,1.0,1.0,1.0,proportional,True,transcript_proportional
-iRBcNs9oI8$_$6,3,power,1.2554208333333334,2.1521500000000002,20087,34434,13,22,1255.4208333333333,2152.15,39,64,1301.3,2102.1,2135.4666666666667,88,9,1.0,1.0,1.0,proportional,True,transcript_proportional
-iRBcNs9oI8$_$6,4,pose,2.1521500000000002,2.8695333333333335,34434,45127,22,29,2152.15,2820.4375,66,85,2202.2,2836.1666666666665,2869.5333333333333,65,7,0.9285714285714286,0.875,0.875,proportional,True,transcript_proportional
-iRBcNs9oI8$_$9,0,Power,0.0,0.7090416666666667,0,11345,0,8,0.0,709.0416666666666,0,22,0.0,700.7,734.0666666666667,69,8,1.0,1.0,1.0,proportional,True,transcript_proportional
-iRBcNs9oI8$_$9,1,is,0.7090416666666667,0.9926583333333333,11345,15883,8,10,709.0416666666666,992.6583333333333,24,28,800.8,900.9000000000001,934.2666666666668,26,2,1.0,0.6666666666666666,0.6666666666666666,proportional,True,transcript_proportional
-iRBcNs9oI8$_$9,2,similar,0.9926583333333333,1.9853166666666666,15883,31765,10,20,992.6583333333333,1985.3166666666666,30,58,1000.9999999999999,1901.8999999999999,1935.2666666666664,97,10,1.0,1.0,1.0,proportional,True,transcript_proportional
-iRBcNs9oI8$_$9,3,to,1.9853166666666666,2.2689333333333335,31765,36303,20,23,1985.3166666666666,2268.9333333333334,60,67,2001.9999999999998,2202.2,2235.5666666666666,26,3,1.0,1.0,1.0,proportional,True,transcript_proportional
-iRBcNs9oI8$_$9,4,strength,2.2689333333333335,3.4034,36303,53985,23,34,2268.9333333333334,3374.0625,69,100,2302.2999999999997,3303.3,3336.666666666667,109,11,0.9819819819819819,0.9166666666666666,0.9166666666666666,proportional,True,transcript_proportional
-iRBcNs9oI8$_$8,0,I've,0.0,0.4249859649122807,0,6800,0,5,0.0,424.9859649122807,0,13,0.0,400.4,433.76666666666665,41,5,1.0,1.0,1.0,proportional,True,transcript_proportional
-iRBcNs9oI8$_$8,1,drawn,0.4249859649122807,0.9562184210526314,6800,15299,5,10,424.9859649122807,956.2184210526315,15,28,500.49999999999994,900.9000000000001,934.2666666666668,51,5,1.0,0.8333333333333334,0.8333333333333334,proportional,True,transcript_proportional
-iRBcNs9oI8$_$8,2,this,0.9562184210526314,1.3812043859649121,15299,22099,10,14,956.2184210526315,1381.204385964912,30,40,1000.9999999999999,1301.3,1334.6666666666665,41,4,1.0,0.8,0.8,proportional,True,transcript_proportional
-iRBcNs9oI8$_$8,3,man,1.3812043859649121,1.6999438596491228,22099,27199,14,17,1381.204385964912,1699.9438596491227,42,49,1401.4,1601.6,1634.9666666666665,30,3,1.0,0.75,0.75,proportional,True,transcript_proportional
-iRBcNs9oI8$_$8,4,"here,",1.6999438596491228,2.2311763157894733,27199,35699,17,23,1699.9438596491227,2231.1763157894734,51,67,1701.7,2202.2,2235.5666666666666,51,6,1.0,1.0,1.0,proportional,True,transcript_proportional
-iRBcNs9oI8$_$8,5,and,2.2311763157894733,2.5499157894736837,35699,40799,23,26,2231.1763157894734,2549.9157894736836,69,76,2302.2999999999997,2502.5,2535.866666666667,30,3,1.0,0.75,0.75,proportional,True,transcript_proportional
-iRBcNs9oI8$_$8,6,if,2.5499157894736837,2.7624087719298243,40799,44199,26,28,2549.9157894736836,2762.408771929824,78,82,2602.6,2702.7000000000003,2736.066666666667,19,2,1.0,0.6666666666666666,0.6666666666666666,proportional,True,transcript_proportional
-iRBcNs9oI8$_$8,7,you,2.7624087719298243,3.0811482456140347,44199,49298,28,31,2762.408771929824,3081.1482456140347,84,91,2802.8,3003.0,3036.366666666667,30,3,1.0,0.75,0.75,proportional,True,transcript_proportional
-iRBcNs9oI8$_$8,8,can,3.0811482456140347,3.3998877192982455,49298,54398,31,34,3081.1482456140347,3399.8877192982454,93,100,3103.1,3303.3,3336.666666666667,30,3,1.0,0.75,0.75,proportional,True,transcript_proportional
-iRBcNs9oI8$_$8,9,"tell,",3.3998877192982455,3.9311201754385965,54398,62898,34,40,3399.8877192982454,3931.1201754385966,102,118,3403.4,3903.9,3937.266666666667,51,6,1.0,1.0,1.0,proportional,True,transcript_proportional
-iRBcNs9oI8$_$8,10,he,3.9311201754385965,4.143613157894737,62898,66298,40,42,3931.1201754385966,4143.613157894737,120,124,4003.9999999999995,4104.099999999999,4137.466666666666,19,2,1.0,0.6666666666666666,0.6666666666666666,proportional,True,transcript_proportional
-iRBcNs9oI8$_$8,11,has,4.143613157894737,4.462352631578947,66298,71398,42,45,4143.613157894737,4462.352631578947,126,133,4204.2,4404.4,4437.766666666666,30,3,1.0,0.75,0.75,proportional,True,transcript_proportional
-iRBcNs9oI8$_$8,12,a,4.462352631578947,4.568599122807018,71398,73098,45,46,4462.352631578947,4568.599122807018,135,136,4504.5,4504.5,4537.866666666667,9,1,1.0,0.5,0.5,proportional,True,transcript_proportional
-iRBcNs9oI8$_$8,13,lot,4.568599122807018,4.887338596491228,73098,78197,46,49,4568.599122807018,4887.338596491228,138,145,4604.599999999999,4804.8,4838.166666666667,30,3,1.0,0.75,0.75,proportional,True,transcript_proportional
-iRBcNs9oI8$_$8,14,of,4.887338596491228,5.099831578947367,78197,81597,49,51,4887.338596491228,5099.831578947367,147,151,4904.9,5005.0,5038.366666666667,19,2,1.0,0.6666666666666666,0.6666666666666666,proportional,True,transcript_proportional
-iRBcNs9oI8$_$8,15,big,5.099831578947367,5.418571052631579,81597,86697,51,55,5099.831578947367,5418.571052631579,153,163,5105.1,5405.400000000001,5438.766666666667,30,4,1.0,1.0,1.0,proportional,True,transcript_proportional
-iRBcNs9oI8$_$8,16,"muscles,",5.418571052631579,6.26854298245614,86697,100297,55,63,5418.571052631579,6268.54298245614,165,187,5505.5,6206.2,6239.566666666667,83,8,1.0,0.8888888888888888,0.8888888888888888,proportional,True,transcript_proportional
-iRBcNs9oI8$_$8,17,he,6.26854298245614,6.48103596491228,100297,103697,63,65,6268.54298245614,6481.03596491228,189,193,6306.3,6406.4,6439.766666666666,19,2,1.0,0.6666666666666666,0.6666666666666666,proportional,True,transcript_proportional
-iRBcNs9oI8$_$8,18,looks,6.48103596491228,7.012268421052631,103697,112196,65,71,6481.03596491228,7012.26842105263,195,211,6506.5,7007.0,7040.366666666667,51,6,1.0,1.0,1.0,proportional,True,transcript_proportional
-iRBcNs9oI8$_$8,19,very,7.012268421052631,7.437254385964912,112196,118996,71,75,7012.26842105263,7437.254385964912,213,223,7107.1,7407.4,7440.766666666666,41,4,1.0,0.8,0.8,proportional,True,transcript_proportional
-iRBcNs9oI8$_$8,20,strong,7.437254385964912,8.074733333333333,118996,128417,75,81,7437.254385964912,8026.0625,225,241,7507.5,8041.366666666667,8074.733333333334,57,6,0.9193548387096774,0.8571428571428571,0.8571428571428571,proportional,True,transcript_proportional
-lzEya4AM_4$_$5,0,If,0.0,0.17829457364341086,0,2853,0,2,0.0,178.29457364341087,0,4,0.0,100.0,133.33333333333334,16,2,1.0,1.0,1.0,proportional,True,transcript_proportional
-lzEya4AM_4$_$5,1,it,0.17829457364341086,0.35658914728682173,2853,5705,2,4,178.29457364341087,356.58914728682174,6,10,200.0,300.0,333.3333333333333,16,2,1.0,1.0,1.0,proportional,True,transcript_proportional
-lzEya4AM_4$_$5,2,falls,0.35658914728682173,0.8023255813953488,5705,12837,4,9,356.58914728682174,802.3255813953488,12,25,400.0,800.0,833.3333333333334,43,5,1.0,1.0,1.0,proportional,True,transcript_proportional
-lzEya4AM_4$_$5,3,into,0.8023255813953488,1.1589147286821706,12837,18543,9,12,802.3255813953488,1158.9147286821706,27,34,900.0,1100.0,1133.3333333333333,34,3,1.0,0.75,0.75,proportional,True,transcript_proportional
-lzEya4AM_4$_$5,4,oh,1.1589147286821706,1.3372093023255813,18543,21395,12,14,1158.9147286821706,1337.2093023255813,36,40,1200.0,1300.0,1333.3333333333333,16,2,1.0,1.0,1.0,proportional,True,transcript_proportional
-lzEya4AM_4$_$5,5,any,1.3372093023255813,1.6046511627906976,21395,25674,14,17,1337.2093023255813,1604.6511627906975,42,49,1400.0,1600.0,1633.3333333333333,25,3,1.0,1.0,1.0,proportional,True,transcript_proportional
-lzEya4AM_4$_$5,6,of,1.6046511627906976,1.7829457364341086,25674,28527,17,18,1604.6511627906975,1782.9457364341085,51,52,1700.0,1700.0,1733.3333333333333,16,1,1.0,0.5,0.5,proportional,True,transcript_proportional
-lzEya4AM_4$_$5,7,those,1.7829457364341086,2.228682170542636,28527,35659,18,23,1782.9457364341085,2228.682170542636,54,67,1800.0,2200.0,2233.3333333333335,43,5,1.0,1.0,1.0,proportional,True,transcript_proportional
-lzEya4AM_4$_$5,8,three,2.228682170542636,2.6744186046511627,35659,42791,23,27,2228.682170542636,2674.4186046511627,69,79,2300.0,2600.0,2633.3333333333335,43,4,1.0,0.8,0.8,proportional,True,transcript_proportional
-lzEya4AM_4$_$5,9,"categories,",2.6744186046511627,3.6550387596899228,42791,58481,27,37,2674.4186046511627,3655.0387596899227,81,109,2700.0,3600.0,3633.3333333333335,96,10,1.0,1.0,1.0,proportional,True,transcript_proportional
-lzEya4AM_4$_$5,10,inducing,3.6550387596899228,4.3682170542635665,58481,69891,37,44,3655.0387596899227,4368.217054263567,111,130,3700.0,4300.0,4333.333333333333,69,7,1.0,0.875,0.875,proportional,True,transcript_proportional
-lzEya4AM_4$_$5,11,nausea,4.3682170542635665,4.903100775193798,69891,78450,44,50,4368.217054263567,4903.100775193799,132,148,4400.0,4900.0,4933.333333333333,51,6,1.0,1.0,1.0,proportional,True,transcript_proportional
-lzEya4AM_4$_$5,12,and,4.903100775193798,5.170542635658915,78450,82729,50,52,4903.100775193799,5170.542635658915,150,154,5000.0,5100.0,5133.333333333333,25,2,1.0,0.6666666666666666,0.6666666666666666,proportional,True,transcript_proportional
-lzEya4AM_4$_$5,13,vomiting,5.170542635658915,5.883720930232558,82729,94140,52,59,5170.542635658915,5883.720930232558,156,175,5200.0,5800.0,5833.333333333333,69,7,1.0,0.875,0.875,proportional,True,transcript_proportional
-lzEya4AM_4$_$5,14,would,5.883720930232558,6.329457364341086,94140,101271,59,64,5883.720930232558,6329.457364341086,177,190,5900.0,6300.0,6333.333333333333,43,5,1.0,1.0,1.0,proportional,True,transcript_proportional
-lzEya4AM_4$_$5,15,be,6.329457364341086,6.507751937984497,101271,104124,64,66,6329.457364341086,6507.751937984497,192,196,6400.0,6500.0,6533.333333333333,16,2,1.0,1.0,1.0,proportional,True,transcript_proportional
-lzEya4AM_4$_$5,16,your,6.507751937984497,6.8643410852713185,104124,109829,66,69,6507.751937984497,6864.341085271319,198,205,6600.0,6800.0,6833.333333333333,34,3,1.0,0.75,0.75,proportional,True,transcript_proportional
-lzEya4AM_4$_$5,17,next,6.8643410852713185,7.22093023255814,109829,115535,69,73,6864.341085271319,7220.93023255814,207,217,6900.0,7200.0,7233.333333333333,34,4,1.0,1.0,1.0,proportional,True,transcript_proportional
-lzEya4AM_4$_$5,18,step.,7.22093023255814,7.666666666666667,115535,121116,73,77,7220.93023255814,7569.75,219,229,7300.0,7633.333333333334,7666.666666666667,33,4,0.7674418604651163,0.8,0.7674418604651163,proportional,True,transcript_proportional
-lzEya4AM_4$_$6,0,If,0.0,0.15878136200716844,0,2541,0,2,0.0,158.78136200716844,0,4,0.0,100.0,133.33333333333334,14,2,1.0,1.0,1.0,proportional,True,transcript_proportional
-lzEya4AM_4$_$6,1,the,0.15878136200716844,0.39695340501792115,2541,6351,2,4,158.78136200716844,396.95340501792117,6,10,200.0,300.0,333.3333333333333,22,2,1.0,0.6666666666666666,0.6666666666666666,proportional,True,transcript_proportional
-lzEya4AM_4$_$6,2,product,0.39695340501792115,0.9526881720430107,6351,15243,4,10,396.95340501792117,952.6881720430107,12,28,400.0,900.0,933.3333333333334,54,6,1.0,1.0,1.0,proportional,True,transcript_proportional
-lzEya4AM_4$_$6,3,or,0.9526881720430107,1.1114695340501792,15243,17784,10,12,952.6881720430107,1111.4695340501792,30,34,1000.0,1100.0,1133.3333333333333,14,2,1.0,1.0,1.0,proportional,True,transcript_proportional
-lzEya4AM_4$_$6,4,poison,1.1114695340501792,1.5878136200716846,17784,25405,12,16,1111.4695340501792,1587.8136200716847,36,46,1200.0,1500.0,1533.3333333333333,46,4,1.0,0.8,0.8,proportional,True,transcript_proportional
-lzEya4AM_4$_$6,5,is,1.5878136200716846,1.746594982078853,25405,27946,16,18,1587.8136200716847,1746.594982078853,48,52,1600.0,1700.0,1733.3333333333333,14,2,1.0,1.0,1.0,proportional,True,transcript_proportional
-lzEya4AM_4$_$6,6,some,1.746594982078853,2.0641577060931895,27946,33027,18,21,1746.594982078853,2064.1577060931895,54,61,1800.0,2000.0,2033.3333333333333,30,3,1.0,0.75,0.75,proportional,True,transcript_proportional
-lzEya4AM_4$_$6,7,type,2.0641577060931895,2.381720430107527,33027,38108,21,24,2064.1577060931895,2381.720430107527,63,70,2100.0,2300.0,2333.3333333333335,30,3,1.0,0.75,0.75,proportional,True,transcript_proportional
-lzEya4AM_4$_$6,8,of,2.381720430107527,2.540501792114695,38108,40648,24,26,2381.720430107527,2540.501792114695,72,76,2400.0,2500.0,2533.3333333333335,14,2,1.0,1.0,1.0,proportional,True,transcript_proportional
-lzEya4AM_4$_$6,9,petroleum,2.540501792114695,3.255017921146953,40648,52080,26,33,2540.501792114695,3255.017921146953,78,97,2600.0,3200.0,3233.3333333333335,69,7,1.0,0.875,0.875,proportional,True,transcript_proportional
-lzEya4AM_4$_$6,10,product,3.255017921146953,3.810752688172043,52080,60972,33,39,3255.017921146953,3810.752688172043,99,115,3300.0,3800.0,3833.3333333333335,54,6,1.0,1.0,1.0,proportional,True,transcript_proportional
-lzEya4AM_4$_$6,11,or,3.810752688172043,3.969534050179211,60972,63513,39,40,3810.752688172043,3969.5340501792107,117,118,3900.0,3900.0,3933.3333333333335,14,1,1.0,0.5,0.5,proportional,True,transcript_proportional
-lzEya4AM_4$_$6,12,corrosive,3.969534050179211,4.684050179211469,63513,74945,40,47,3969.5340501792107,4684.050179211469,120,139,4000.0,4600.0,4633.333333333333,69,7,1.0,0.875,0.875,proportional,True,transcript_proportional
-lzEya4AM_4$_$6,13,"product,",4.684050179211469,5.319175627240143,74945,85107,47,54,4684.050179211469,5319.175627240143,141,160,4700.0,5300.0,5333.333333333333,62,7,1.0,1.0,1.0,proportional,True,transcript_proportional
-lzEya4AM_4$_$6,14,you,5.319175627240143,5.557347670250895,85107,88918,54,56,5319.175627240143,5557.347670250895,162,166,5400.0,5500.0,5533.333333333333,22,2,1.0,0.6666666666666666,0.6666666666666666,proportional,True,transcript_proportional
-lzEya4AM_4$_$6,15,would,5.557347670250895,5.954301075268817,88918,95269,56,60,5557.347670250895,5954.301075268817,168,178,5600.0,5900.0,5933.333333333333,38,4,1.0,1.0,1.0,proportional,True,transcript_proportional
-lzEya4AM_4$_$6,16,not,5.954301075268817,6.19247311827957,95269,99080,60,62,5954.301075268817,6192.4731182795695,180,184,6000.0,6100.0,6133.333333333333,22,2,1.0,0.6666666666666666,0.6666666666666666,proportional,True,transcript_proportional
-lzEya4AM_4$_$6,17,attempt,6.19247311827957,6.748207885304659,99080,107971,62,68,6192.4731182795695,6748.207885304659,186,202,6200.0,6700.0,6733.333333333333,54,6,1.0,1.0,1.0,proportional,True,transcript_proportional
-lzEya4AM_4$_$6,18,to,6.748207885304659,6.906989247311827,107971,110512,68,70,6748.207885304659,6906.989247311827,204,208,6800.0,6900.0,6933.333333333333,14,2,1.0,1.0,1.0,proportional,True,transcript_proportional
-lzEya4AM_4$_$6,19,induce,6.906989247311827,7.383333333333333,110512,118133,70,74,6906.989247311827,7383.333333333333,210,220,7000.0,7300.0,7333.333333333333,46,4,1.0,0.8,0.8,proportional,True,transcript_proportional
-lzEya4AM_4$_$6,20,vomiting,7.383333333333333,8.018458781362007,118133,128295,74,81,7383.333333333333,8018.458781362007,222,241,7400.0,8000.0,8033.333333333333,62,7,1.0,1.0,1.0,proportional,True,transcript_proportional
-lzEya4AM_4$_$6,21,and,8.018458781362007,8.256630824372758,128295,132106,81,83,8018.458781362007,8256.630824372758,243,247,8100.0,8200.0,8233.333333333334,22,2,1.0,0.6666666666666666,0.6666666666666666,proportional,True,transcript_proportional
-lzEya4AM_4$_$6,22,"nausea,",8.256630824372758,8.81236559139785,132106,140998,83,89,8256.630824372758,8812.36559139785,249,265,8300.0,8800.0,8833.333333333334,54,6,1.0,1.0,1.0,proportional,True,transcript_proportional
-lzEya4AM_4$_$6,23,as,8.81236559139785,8.971146953405018,140998,143538,89,90,8812.36559139785,8971.146953405017,267,268,8900.0,8900.0,8933.333333333334,14,1,1.0,0.5,0.5,proportional,True,transcript_proportional
-lzEya4AM_4$_$6,24,as,8.971146953405018,9.129928315412185,143538,146079,90,92,8971.146953405017,9129.928315412184,270,274,9000.0,9100.0,9133.333333333334,14,2,1.0,1.0,1.0,proportional,True,transcript_proportional
-lzEya4AM_4$_$6,25,the,9.129928315412185,9.368100358422938,146079,149890,92,94,9129.928315412184,9368.100358422938,276,280,9200.0,9300.0,9333.333333333334,22,2,1.0,0.6666666666666666,0.6666666666666666,proportional,True,transcript_proportional
-lzEya4AM_4$_$6,26,product,9.368100358422938,9.923835125448027,149890,158781,94,100,9368.100358422938,9923.835125448028,282,298,9400.0,9900.0,9933.333333333334,54,6,1.0,1.0,1.0,proportional,True,transcript_proportional
-lzEya4AM_4$_$6,27,burned,9.923835125448027,10.400179211469533,158781,166403,100,105,9923.835125448028,10400.179211469533,300,313,10000.0,10400.0,10433.333333333334,46,5,1.0,1.0,1.0,proportional,True,transcript_proportional
-lzEya4AM_4$_$6,28,on,10.400179211469533,10.558960573476702,166403,168943,105,106,10400.179211469533,10558.960573476701,315,316,10500.0,10500.0,10533.333333333334,14,1,1.0,0.5,0.5,proportional,True,transcript_proportional
-lzEya4AM_4$_$6,29,the,10.558960573476702,10.797132616487454,168943,172754,106,108,10558.960573476701,10797.132616487454,318,322,10600.0,10700.0,10733.333333333334,22,2,1.0,0.6666666666666666,0.6666666666666666,proportional,True,transcript_proportional
-lzEya4AM_4$_$6,30,way,10.797132616487454,11.035304659498207,172754,176565,108,111,10797.132616487454,11035.304659498208,324,331,10800.0,11000.0,11033.333333333334,22,3,1.0,1.0,1.0,proportional,True,transcript_proportional
-lzEya4AM_4$_$6,31,down,11.035304659498207,11.352867383512544,176565,181646,111,114,11035.304659498208,11352.867383512545,333,340,11100.0,11300.0,11333.333333333334,30,3,1.0,0.75,0.75,proportional,True,transcript_proportional
-lzEya4AM_4$_$6,32,it,11.352867383512544,11.511648745519713,181646,184186,114,116,11352.867383512545,11511.648745519713,342,346,11400.0,11500.0,11533.333333333334,14,2,1.0,1.0,1.0,proportional,True,transcript_proportional
-lzEya4AM_4$_$6,33,could,11.511648745519713,11.908602150537634,184186,190538,116,120,11511.648745519713,11908.602150537634,348,358,11600.0,11900.0,11933.333333333334,38,4,1.0,1.0,1.0,proportional,True,transcript_proportional
-lzEya4AM_4$_$6,34,cause,11.908602150537634,12.305555555555554,190538,196889,120,124,11908.602150537634,12305.555555555553,360,370,12000.0,12300.0,12333.333333333334,38,4,1.0,1.0,1.0,proportional,True,transcript_proportional
-lzEya4AM_4$_$6,35,damage,12.305555555555554,12.781899641577061,196889,204510,124,128,12305.555555555553,12781.899641577062,372,382,12400.0,12700.0,12733.333333333334,46,4,1.0,0.8,0.8,proportional,True,transcript_proportional
-lzEya4AM_4$_$6,36,and,12.781899641577061,13.020071684587812,204510,208321,128,131,12781.899641577062,13020.071684587812,384,391,12800.0,13000.0,13033.333333333334,22,3,1.0,1.0,1.0,proportional,True,transcript_proportional
-lzEya4AM_4$_$6,37,burning,13.020071684587812,13.575806451612904,208321,217213,131,136,13020.071684587812,13575.806451612903,393,406,13100.0,13500.0,13533.333333333334,54,5,1.0,0.8333333333333334,0.8333333333333334,proportional,True,transcript_proportional
-lzEya4AM_4$_$6,38,on,13.575806451612904,13.73458781362007,217213,219753,136,138,13575.806451612903,13734.58781362007,408,412,13600.0,13700.0,13733.333333333334,14,2,1.0,1.0,1.0,proportional,True,transcript_proportional
-lzEya4AM_4$_$6,39,the,13.73458781362007,13.972759856630825,219753,223564,138,140,13734.58781362007,13972.759856630824,414,418,13800.0,13900.0,13933.333333333334,22,2,1.0,0.6666666666666666,0.6666666666666666,proportional,True,transcript_proportional
-lzEya4AM_4$_$6,40,way,13.972759856630825,14.210931899641576,223564,227375,140,143,13972.759856630824,14210.931899641575,420,427,14000.0,14200.0,14233.333333333334,22,3,1.0,1.0,1.0,proportional,True,transcript_proportional
-lzEya4AM_4$_$6,41,back,14.210931899641576,14.528494623655913,227375,232456,143,146,14210.931899641575,14528.494623655914,429,436,14300.0,14500.0,14533.333333333334,30,3,1.0,0.75,0.75,proportional,True,transcript_proportional
-lzEya4AM_4$_$6,42,up.,14.528494623655913,14.766666666666666,232456,235846,146,148,14528.494623655914,14740.375,438,442,14600.0,14700.0,14733.333333333334,19,2,0.8636363636363636,0.6666666666666666,0.6666666666666666,proportional,True,transcript_proportional
-mJ2ud6oKI8$_$1,0,There,0.0,0.6325763888888889,0,10121,0,7,0.0,632.5763888888889,0,19,0.0,600.6,633.9666666666667,61,7,1.0,1.0,1.0,proportional,True,transcript_proportional
-mJ2ud6oKI8$_$1,1,are,0.6325763888888889,1.0121222222222224,10121,16194,7,11,632.5763888888889,1012.1222222222224,21,31,700.7,1000.9999999999999,1034.3666666666666,36,4,1.0,1.0,1.0,proportional,True,transcript_proportional
-mJ2ud6oKI8$_$1,2,a,1.0121222222222224,1.1386375,16194,18218,11,12,1012.1222222222224,1138.6375,33,34,1101.1,1101.1,1134.4666666666665,11,1,1.0,0.5,0.5,proportional,True,transcript_proportional
-mJ2ud6oKI8$_$1,3,dozen,1.1386375,1.771213888888889,18218,28339,12,18,1138.6375,1771.2138888888892,36,52,1201.2,1701.7,1735.0666666666666,61,6,1.0,0.8571428571428571,0.8571428571428571,proportional,True,transcript_proportional
-mJ2ud6oKI8$_$1,4,or,1.771213888888889,2.0242444444444447,28339,32388,18,21,1771.2138888888892,2024.2444444444448,54,61,1801.8000000000002,2001.9999999999998,2035.3666666666663,23,3,1.0,1.0,1.0,proportional,True,transcript_proportional
-mJ2ud6oKI8$_$1,5,more,2.0242444444444447,2.5303055555555556,32388,40485,21,26,2024.2444444444448,2530.3055555555557,63,76,2102.1,2502.5,2535.866666666667,49,5,1.0,0.8333333333333334,0.8333333333333334,proportional,True,transcript_proportional
-mJ2ud6oKI8$_$1,6,hands,2.5303055555555556,3.162881944444445,40485,50606,26,32,2530.3055555555557,3162.881944444445,78,94,2602.6,3103.1,3136.4666666666667,61,6,1.0,0.8571428571428571,0.8571428571428571,proportional,True,transcript_proportional
-mJ2ud6oKI8$_$1,7,on,3.162881944444445,3.4159125000000006,50606,54655,32,35,3162.881944444445,3415.9125000000004,96,103,3203.2,3403.4,3436.766666666667,23,3,1.0,1.0,1.0,proportional,True,transcript_proportional
-mJ2ud6oKI8$_$1,8,techniques,3.4159125000000006,4.681065277777778,54655,74897,35,47,3415.9125000000004,4681.065277777778,105,139,3503.5,4604.599999999999,4637.966666666666,125,12,1.0,0.9230769230769231,0.9230769230769231,proportional,True,transcript_proportional
-mJ2ud6oKI8$_$1,9,that,4.681065277777778,5.187126388888889,74897,82994,47,52,4681.065277777778,5187.126388888889,141,154,4704.7,5105.1,5138.466666666667,49,5,1.0,0.8333333333333334,0.8333333333333334,proportional,True,transcript_proportional
-mJ2ud6oKI8$_$1,10,we,5.187126388888889,5.440156944444445,82994,87043,52,55,5187.126388888889,5440.156944444445,156,163,5205.2,5405.400000000001,5438.766666666667,23,3,1.0,1.0,1.0,proportional,True,transcript_proportional
-mJ2ud6oKI8$_$1,11,can,5.440156944444445,5.819702777777778,87043,93115,55,59,5440.156944444445,5819.702777777778,165,175,5505.5,5805.799999999999,5839.166666666666,36,4,1.0,1.0,1.0,proportional,True,transcript_proportional
-mJ2ud6oKI8$_$1,12,do,5.819702777777778,6.072733333333335,93115,96873,59,61,5819.702777777778,6054.5625,177,181,5905.9,6006.0,6039.366666666667,21,2,0.9130434782608695,0.6666666666666666,0.6666666666666666,proportional,True,transcript_proportional
-mJ2ud6oKI8$_$2,0,So,0.0,0.15015,0,2402,0,2,0.0,150.15,0,4,0.0,100.1,133.46666666666667,13,2,1.0,1.0,1.0,proportional,True,transcript_proportional
-mJ2ud6oKI8$_$2,1,physical,0.15015,0.75075,2402,12012,2,8,150.15,750.75,6,22,200.2,700.7,734.0666666666667,58,6,1.0,0.8571428571428571,0.8571428571428571,proportional,True,transcript_proportional
-mJ2ud6oKI8$_$2,2,therapists,0.75075,1.5015,12012,24024,8,15,750.75,1501.5,24,43,800.8,1401.4,1434.7666666666667,73,7,1.0,0.875,0.875,proportional,True,transcript_proportional
-mJ2ud6oKI8$_$2,3,and,1.5015,1.726725,24024,27628,15,18,1501.5,1726.7250000000001,45,52,1501.5,1701.7,1735.0666666666666,21,3,1.0,1.0,1.0,proportional,True,transcript_proportional
-mJ2ud6oKI8$_$2,4,chiropractors,1.726725,2.7027,27628,43243,18,27,1726.7250000000001,2702.7000000000003,54,79,1801.8000000000002,2602.6,2635.9666666666667,96,9,1.0,0.9,0.9,proportional,True,transcript_proportional
-mJ2ud6oKI8$_$2,5,will,2.7027,3.003,43243,48048,27,30,2702.7000000000003,3003.0,81,88,2702.7000000000003,2902.8999999999996,2936.2666666666664,28,3,1.0,0.75,0.75,proportional,True,transcript_proportional
-mJ2ud6oKI8$_$2,6,do,3.003,3.15315,48048,50450,30,32,3003.0,3153.15,90,94,3003.0,3103.1,3136.4666666666667,13,2,1.0,1.0,1.0,proportional,True,transcript_proportional
-mJ2ud6oKI8$_$2,7,joint,3.15315,3.5285250000000006,50450,56456,32,36,3153.15,3528.5250000000005,96,106,3203.2,3503.5,3536.866666666667,36,4,1.0,1.0,1.0,proportional,True,transcript_proportional
-mJ2ud6oKI8$_$2,8,manipulations,3.5285250000000006,4.5045,56456,72072,36,45,3528.5250000000005,4504.5,108,133,3603.6000000000004,4404.4,4437.766666666666,96,9,1.0,0.9,0.9,proportional,True,transcript_proportional
-mJ2ud6oKI8$_$2,9,and,4.5045,4.729725,72072,75676,45,48,4504.5,4729.725,135,142,4504.5,4704.7,4738.066666666667,21,3,1.0,1.0,1.0,proportional,True,transcript_proportional
-mJ2ud6oKI8$_$2,10,mobilizations,4.729725,5.7057,75676,91227,48,57,4729.725,5701.6875,144,169,4804.8,5605.6,5638.966666666667,95,9,0.9895833333333334,0.9,0.9,proportional,True,transcript_proportional
-mJ2ud6oKI8$_$6,0,They,0.0,0.4967925925925926,0,7949,0,5,0.0,496.7925925925926,0,13,0.0,400.4,433.76666666666665,48,5,1.0,1.0,1.0,proportional,True,transcript_proportional
-mJ2ud6oKI8$_$6,1,are,0.4967925925925926,0.869387037037037,7949,13910,5,9,496.7925925925926,869.387037037037,15,25,500.49999999999994,800.8,834.1666666666666,35,4,1.0,1.0,1.0,proportional,True,transcript_proportional
-mJ2ud6oKI8$_$6,2,all,0.869387037037037,1.2419814814814816,13910,19872,9,13,869.387037037037,1241.9814814814815,27,37,900.9000000000001,1201.2,1234.5666666666666,35,4,1.0,1.0,1.0,proportional,True,transcript_proportional
-mJ2ud6oKI8$_$6,3,very,1.2419814814814816,1.738774074074074,19872,27820,13,18,1241.9814814814815,1738.774074074074,39,52,1301.3,1701.7,1735.0666666666666,48,5,1.0,1.0,1.0,proportional,True,transcript_proportional
-mJ2ud6oKI8$_$6,4,safe,1.738774074074074,2.2355666666666667,27820,35650,18,23,1738.774074074074,2228.125,54,67,1801.8000000000002,2202.2,2235.5666666666666,47,5,0.9791666666666666,1.0,0.9791666666666666,proportional,True,transcript_proportional
-mJ2ud6oKI8$_$9,0,It's,0.0,0.308,0,4928,0,4,0.0,308.0,0,10,0.0,300.3,333.6666666666667,29,4,1.0,1.0,1.0,proportional,True,transcript_proportional
-mJ2ud6oKI8$_$9,1,safe,0.308,0.616,4928,9856,4,7,308.0,616.0,12,19,400.4,600.6,633.9666666666667,29,3,1.0,0.75,0.75,proportional,True,transcript_proportional
-mJ2ud6oKI8$_$9,2,and,0.616,0.847,9856,13552,7,9,616.0,847.0,21,25,700.7,800.8,834.1666666666666,21,2,1.0,0.6666666666666666,0.6666666666666666,proportional,True,transcript_proportional
-mJ2ud6oKI8$_$9,3,the,0.847,1.078,13552,17248,9,11,847.0,1078.0,27,31,900.9000000000001,1000.9999999999999,1034.3666666666666,21,2,1.0,0.6666666666666666,0.6666666666666666,proportional,True,transcript_proportional
-mJ2ud6oKI8$_$9,4,person,1.078,1.5399999999999998,17248,24640,11,16,1078.0,1539.9999999999998,33,46,1101.1,1501.5,1534.8666666666666,44,5,1.0,1.0,1.0,proportional,True,transcript_proportional
-mJ2ud6oKI8$_$9,5,will,1.5399999999999998,1.848,24640,29568,16,19,1539.9999999999998,1848.0,48,55,1601.6,1801.8000000000002,1835.1666666666667,29,3,1.0,0.75,0.75,proportional,True,transcript_proportional
-mJ2ud6oKI8$_$9,6,feel,1.848,2.156,29568,34496,19,22,1848.0,2156.0,57,64,1901.8999999999999,2102.1,2135.4666666666667,29,3,1.0,0.75,0.75,proportional,True,transcript_proportional
-mJ2ud6oKI8$_$9,7,better,2.156,2.618,34496,41888,22,27,2156.0,2618.0,66,79,2202.2,2602.6,2635.9666666666667,44,5,1.0,1.0,1.0,proportional,True,transcript_proportional
-mJ2ud6oKI8$_$9,8,later,2.618,3.0029999999999997,41888,48048,27,30,2618.0,3002.9999999999995,81,88,2702.7000000000003,2902.8999999999996,2936.2666666666664,37,3,1.0,0.75,0.75,proportional,True,transcript_proportional
-mJ2ud6oKI8$_$9,9,"on,",3.0029999999999997,3.234,48048,51744,30,33,3002.9999999999995,3234.0,90,97,3003.0,3203.2,3236.5666666666666,21,3,1.0,1.0,1.0,proportional,True,transcript_proportional
-mJ2ud6oKI8$_$9,10,but,3.234,3.465,51744,55440,33,35,3234.0,3465.0,99,103,3303.3,3403.4,3436.766666666667,21,2,1.0,0.6666666666666666,0.6666666666666666,proportional,True,transcript_proportional
-mJ2ud6oKI8$_$9,11,it's,3.465,3.7729999999999997,55440,60368,35,38,3465.0,3772.9999999999995,105,112,3503.5,3703.7,3737.0666666666666,29,3,1.0,0.75,0.75,proportional,True,transcript_proportional
-mJ2ud6oKI8$_$9,12,sort,3.7729999999999997,4.0809999999999995,60368,65296,38,41,3772.9999999999995,4080.9999999999995,114,121,3803.7999999999997,4003.9999999999995,4037.3666666666663,29,3,1.0,0.75,0.75,proportional,True,transcript_proportional
-mJ2ud6oKI8$_$9,13,of,4.0809999999999995,4.235,65296,67760,41,43,4080.9999999999995,4235.0,123,127,4104.099999999999,4204.2,4237.566666666667,13,2,1.0,1.0,1.0,proportional,True,transcript_proportional
-mJ2ud6oKI8$_$9,14,like,4.235,4.542999999999999,67760,72688,43,46,4235.0,4542.999999999999,129,136,4304.299999999999,4504.5,4537.866666666667,29,3,1.0,0.75,0.75,proportional,True,transcript_proportional
-mJ2ud6oKI8$_$9,15,flossing,4.542999999999999,5.159,72688,82544,46,52,4542.999999999999,5159.0,138,154,4604.599999999999,5105.1,5138.466666666667,60,6,1.0,0.8571428571428571,0.8571428571428571,proportional,True,transcript_proportional
-mJ2ud6oKI8$_$9,16,your,5.159,5.467,82544,87472,52,55,5159.0,5467.0,156,163,5205.2,5405.400000000001,5438.766666666667,29,3,1.0,0.75,0.75,proportional,True,transcript_proportional
-mJ2ud6oKI8$_$9,17,teeth,5.467,5.851999999999999,87472,93632,55,59,5467.0,5851.999999999999,165,175,5505.5,5805.799999999999,5839.166666666666,37,4,1.0,1.0,1.0,proportional,True,transcript_proportional
-mJ2ud6oKI8$_$9,18,for,5.851999999999999,6.083,93632,97328,59,61,5851.999999999999,6083.0,177,181,5905.9,6006.0,6039.366666666667,21,2,1.0,0.6666666666666666,0.6666666666666666,proportional,True,transcript_proportional
-mJ2ud6oKI8$_$9,19,the,6.083,6.313999999999999,97328,101024,61,64,6083.0,6313.999999999999,183,190,6106.099999999999,6306.3,6339.666666666667,21,3,1.0,1.0,1.0,proportional,True,transcript_proportional
-mJ2ud6oKI8$_$9,20,first,6.313999999999999,6.698999999999999,101024,107184,64,67,6313.999999999999,6698.999999999999,192,199,6406.4,6606.6,6639.966666666667,37,3,1.0,0.75,0.75,proportional,True,transcript_proportional
-mJ2ud6oKI8$_$9,21,time,6.698999999999999,7.007,107184,110541,67,70,6698.999999999999,6908.8125,201,208,6706.7,6973.633333333333,7007.0,19,3,0.6551724137931034,0.75,0.6551724137931034,proportional,True,transcript_proportional
-mJ2ud6oKI8$_$8,0,Sometimes,0.0,0.6825886363636363,0,10921,0,7,0.0,682.5886363636363,0,19,0.0,600.6,633.9666666666667,66,7,1.0,1.0,1.0,proportional,True,transcript_proportional
-mJ2ud6oKI8$_$8,1,we,0.6825886363636363,0.834275,10921,13348,7,9,682.5886363636363,834.275,21,25,700.7,800.8,834.1666666666666,13,2,1.0,1.0,1.0,proportional,True,transcript_proportional
-mJ2ud6oKI8$_$8,2,have,0.834275,1.1376477272727274,13348,18202,9,12,834.275,1137.6477272727275,27,34,900.9000000000001,1101.1,1134.4666666666665,28,3,1.0,0.75,0.75,proportional,True,transcript_proportional
-mJ2ud6oKI8$_$8,3,to,1.1376477272727274,1.289334090909091,18202,20629,12,13,1137.6477272727275,1289.334090909091,36,37,1201.2,1201.2,1234.5666666666666,13,1,1.0,0.5,0.5,proportional,True,transcript_proportional
-mJ2ud6oKI8$_$8,4,stretch,1.289334090909091,1.8202363636363637,20629,29124,13,19,1289.334090909091,1820.2363636363636,39,55,1301.3,1801.8000000000002,1835.1666666666667,51,6,1.0,1.0,1.0,proportional,True,transcript_proportional
-mJ2ud6oKI8$_$8,5,that,1.8202363636363637,2.123609090909091,29124,33978,19,22,1820.2363636363636,2123.609090909091,57,64,1901.8999999999999,2102.1,2135.4666666666667,28,3,1.0,0.75,0.75,proportional,True,transcript_proportional
-mJ2ud6oKI8$_$8,6,joint,2.123609090909091,2.5028250000000005,33978,40045,22,26,2123.609090909091,2502.8250000000007,66,76,2202.2,2502.5,2535.866666666667,36,4,1.0,1.0,1.0,proportional,True,transcript_proportional
-mJ2ud6oKI8$_$8,7,that,2.5028250000000005,2.8061977272727274,40045,44899,26,29,2502.8250000000007,2806.197727272727,78,85,2602.6,2802.8,2836.166666666667,28,3,1.0,0.75,0.75,proportional,True,transcript_proportional
-mJ2ud6oKI8$_$8,8,is,2.8061977272727274,2.957884090909091,44899,47326,29,30,2806.197727272727,2957.884090909091,87,88,2902.8999999999996,2902.8999999999996,2936.2666666666664,13,1,1.0,0.5,0.5,proportional,True,transcript_proportional
-mJ2ud6oKI8$_$8,9,already,2.957884090909091,3.488786363636364,47326,55821,30,35,2957.884090909091,3488.786363636364,90,103,3003.0,3403.4,3436.766666666667,51,5,1.0,0.8333333333333334,0.8333333333333334,proportional,True,transcript_proportional
-mJ2ud6oKI8$_$8,10,irritated,3.488786363636364,4.171375,55821,66742,35,42,3488.786363636364,4171.375,105,124,3503.5,4104.099999999999,4137.466666666666,66,7,1.0,1.0,1.0,proportional,True,transcript_proportional
-mqbVkbCndg$_$0,0,"How,",0.0,0.43333333333333335,0,6933,0,5,0.0,433.33333333333337,0,13,0.0,400.0,433.3333333333333,41,5,1.0,1.0,1.0,proportional,True,transcript_proportional
-mqbVkbCndg$_$0,1,at,0.43333333333333335,0.65,6933,10400,5,7,433.33333333333337,650.0,15,19,500.0,600.0,633.3333333333334,20,2,1.0,0.6666666666666666,0.6666666666666666,proportional,True,transcript_proportional
-mqbVkbCndg$_$0,2,a,0.65,0.7583333333333333,10400,12133,7,8,650.0,758.3333333333333,21,22,700.0,700.0,733.3333333333334,9,1,1.0,0.5,0.5,proportional,True,transcript_proportional
-mqbVkbCndg$_$0,3,particular,0.7583333333333333,1.8416666666666666,12133,29467,8,19,758.3333333333333,1841.6666666666665,24,55,800.0,1800.0,1833.3333333333333,106,11,1.0,1.0,1.0,proportional,True,transcript_proportional
-mqbVkbCndg$_$0,4,moment,1.8416666666666666,2.4916666666666667,29467,39867,19,25,1841.6666666666665,2491.6666666666665,57,73,1900.0,2400.0,2433.3333333333335,63,6,1.0,0.8571428571428571,0.8571428571428571,proportional,True,transcript_proportional
-mqbVkbCndg$_$0,5,in,2.4916666666666667,2.7083333333333335,39867,43333,25,28,2491.6666666666665,2708.3333333333335,75,82,2500.0,2700.0,2733.3333333333335,20,3,1.0,1.0,1.0,proportional,True,transcript_proportional
-mqbVkbCndg$_$0,6,time—our,2.7083333333333335,3.575,43333,57200,28,36,2708.3333333333335,3575.0,84,106,2800.0,3500.0,3533.3333333333335,85,8,1.0,0.8888888888888888,0.8888888888888888,proportional,True,transcript_proportional
-mqbVkbCndg$_$0,7,moment,3.575,4.225,57200,67600,36,43,3575.0,4225.0,108,127,3600.0,4200.0,4233.333333333333,63,7,1.0,1.0,1.0,proportional,True,transcript_proportional
-mqbVkbCndg$_$0,8,in,4.225,4.441666666666666,67600,71067,43,45,4225.0,4441.666666666666,129,133,4300.0,4400.0,4433.333333333333,20,2,1.0,0.6666666666666666,0.6666666666666666,proportional,True,transcript_proportional
-mqbVkbCndg$_$0,9,time—are,4.441666666666666,5.308333333333334,71067,84933,45,54,4441.666666666666,5308.333333333334,135,160,4500.0,5300.0,5333.333333333333,85,9,1.0,1.0,1.0,proportional,True,transcript_proportional
-mqbVkbCndg$_$0,10,they,5.308333333333334,5.741666666666666,84933,91867,54,58,5308.333333333334,5741.666666666666,162,172,5400.0,5700.0,5733.333333333333,41,4,1.0,0.8,0.8,proportional,True,transcript_proportional
-mqbVkbCndg$_$0,11,limited,5.741666666666666,6.5,91867,102168,58,65,5741.666666666666,6385.5,174,193,5800.0,6400.0,6433.333333333333,62,7,0.8378378378378378,0.875,0.8378378378378378,proportional,True,transcript_proportional
-t217m2on-s$_$2,0,But,0.0,0.3469387755102041,0,5551,0,4,0.0,346.9387755102041,0,10,0.0,300.0,333.3333333333333,33,4,1.0,1.0,1.0,proportional,True,transcript_proportional
-t217m2on-s$_$2,1,a,0.3469387755102041,0.46258503401360546,5551,7401,4,5,346.9387755102041,462.5850340136055,12,13,400.0,400.0,433.3333333333333,10,1,1.0,0.5,0.5,proportional,True,transcript_proportional
-t217m2on-s$_$2,2,good,0.46258503401360546,0.9251700680272109,7401,14803,5,10,462.5850340136055,925.170068027211,15,28,500.0,900.0,933.3333333333334,44,5,1.0,1.0,1.0,proportional,True,transcript_proportional
-t217m2on-s$_$2,3,thing,0.9251700680272109,1.5034013605442178,14803,24054,10,16,925.170068027211,1503.4013605442178,30,46,1000.0,1500.0,1533.3333333333333,56,6,1.0,1.0,1.0,proportional,True,transcript_proportional
-t217m2on-s$_$2,4,to,1.5034013605442178,1.7346938775510203,24054,27755,16,18,1503.4013605442178,1734.6938775510203,48,52,1600.0,1700.0,1733.3333333333333,21,2,1.0,0.6666666666666666,0.6666666666666666,proportional,True,transcript_proportional
-t217m2on-s$_$2,5,do,1.7346938775510203,1.9659863945578233,27755,31456,18,20,1734.6938775510203,1965.9863945578234,54,58,1800.0,1900.0,1933.3333333333333,21,2,1.0,0.6666666666666666,0.6666666666666666,proportional,True,transcript_proportional
-t217m2on-s$_$2,6,is,1.9659863945578233,2.197278911564626,31456,35156,20,22,1965.9863945578234,2197.278911564626,60,64,2000.0,2100.0,2133.3333333333335,21,2,1.0,0.6666666666666666,0.6666666666666666,proportional,True,transcript_proportional
-t217m2on-s$_$2,7,"yawning,",2.197278911564626,3.122448979591837,35156,49959,22,32,2197.278911564626,3122.448979591837,66,94,2200.0,3100.0,3133.3333333333335,91,10,1.0,1.0,1.0,proportional,True,transcript_proportional
-t217m2on-s$_$2,8,chewing,3.122448979591837,3.9319727891156466,49959,62912,32,40,3122.448979591837,3931.9727891156467,96,118,3200.0,3900.0,3933.3333333333335,79,8,1.0,0.8888888888888888,0.8888888888888888,proportional,True,transcript_proportional
-t217m2on-s$_$2,9,gum,3.9319727891156466,4.278911564625851,62912,68463,40,43,3931.9727891156467,4278.911564625851,120,127,4000.0,4200.0,4233.333333333333,33,3,1.0,0.75,0.75,proportional,True,transcript_proportional
-t217m2on-s$_$2,10,is,4.278911564625851,4.510204081632653,68463,72163,43,46,4278.911564625851,4510.2040816326535,129,136,4300.0,4500.0,4533.333333333333,21,3,1.0,1.0,1.0,proportional,True,transcript_proportional
-t217m2on-s$_$2,11,effective.,4.510204081632653,5.666666666666667,72163,90083,46,57,4510.2040816326535,5630.1875,138,169,4600.0,5600.0,5633.333333333333,110,11,0.9649122807017544,0.9166666666666666,0.9166666666666666,proportional,True,transcript_proportional
-t217m2on-s$_$7,0,If,0.0,0.17081260364842454,0,2733,0,2,0.0,170.81260364842456,0,4,0.0,100.0,133.33333333333334,15,2,1.0,1.0,1.0,proportional,True,transcript_proportional
-t217m2on-s$_$7,1,you,0.17081260364842454,0.4270315091210614,2733,6833,2,5,170.81260364842456,427.0315091210614,6,13,200.0,400.0,433.3333333333333,24,3,1.0,1.0,1.0,proportional,True,transcript_proportional
-t217m2on-s$_$7,2,find,0.4270315091210614,0.7686567164179104,6833,12299,5,8,427.0315091210614,768.6567164179105,15,22,500.0,700.0,733.3333333333334,32,3,1.0,0.75,0.75,proportional,True,transcript_proportional
-t217m2on-s$_$7,3,that,0.7686567164179104,1.1102819237147596,12299,17765,8,12,768.6567164179105,1110.2819237147596,24,34,800.0,1100.0,1133.3333333333333,32,4,1.0,1.0,1.0,proportional,True,transcript_proportional
-t217m2on-s$_$7,4,your,1.1102819237147596,1.4519071310116087,17765,23231,12,15,1110.2819237147596,1451.9071310116087,36,43,1200.0,1400.0,1433.3333333333333,32,3,1.0,0.75,0.75,proportional,True,transcript_proportional
-t217m2on-s$_$7,5,ears,1.4519071310116087,1.7935323383084578,23231,28697,15,18,1451.9071310116087,1793.5323383084578,45,52,1500.0,1700.0,1733.3333333333333,32,3,1.0,0.75,0.75,proportional,True,transcript_proportional
-t217m2on-s$_$7,6,consistently,1.7935323383084578,2.818407960199005,28697,45095,18,29,1793.5323383084578,2818.4079601990047,54,85,1800.0,2800.0,2833.3333333333335,100,11,1.0,1.0,1.0,proportional,True,transcript_proportional
-t217m2on-s$_$7,7,do,2.818407960199005,2.9892205638474296,45095,47828,29,30,2818.4079601990047,2989.2205638474297,87,88,2900.0,2900.0,2933.3333333333335,15,1,1.0,0.5,0.5,proportional,True,transcript_proportional
-t217m2on-s$_$7,8,this,2.9892205638474296,3.3308457711442787,47828,53294,30,34,2989.2205638474297,3330.845771144279,90,100,3000.0,3300.0,3333.3333333333335,32,4,1.0,1.0,1.0,proportional,True,transcript_proportional
-t217m2on-s$_$7,9,and,3.3308457711442787,3.5870646766169156,53294,57393,34,36,3330.845771144279,3587.0646766169157,102,106,3400.0,3500.0,3533.3333333333335,24,2,1.0,0.6666666666666666,0.6666666666666666,proportional,True,transcript_proportional
-t217m2on-s$_$7,10,you,3.5870646766169156,3.843283582089552,57393,61493,36,39,3587.0646766169157,3843.283582089552,108,115,3600.0,3800.0,3833.3333333333335,24,3,1.0,1.0,1.0,proportional,True,transcript_proportional
-t217m2on-s$_$7,11,can't,3.843283582089552,4.270315091210613,61493,68325,39,43,3843.283582089552,4270.315091210613,117,127,3900.0,4200.0,4233.333333333333,41,4,1.0,0.8,0.8,proportional,True,transcript_proportional
-t217m2on-s$_$7,12,pop,4.270315091210613,4.52653399668325,68325,72425,43,46,4270.315091210613,4526.533996683251,129,136,4300.0,4500.0,4533.333333333333,24,3,1.0,1.0,1.0,proportional,True,transcript_proportional
-t217m2on-s$_$7,13,them,4.52653399668325,4.8681592039801,72425,77891,46,49,4526.533996683251,4868.1592039801,138,145,4600.0,4800.0,4833.333333333333,32,3,1.0,0.75,0.75,proportional,True,transcript_proportional
-t217m2on-s$_$7,14,"often,",4.8681592039801,5.380597014925373,77891,86090,49,54,4868.1592039801,5380.597014925373,147,160,4900.0,5300.0,5333.333333333333,49,5,1.0,0.8333333333333334,0.8333333333333334,proportional,True,transcript_proportional
-t217m2on-s$_$7,15,you'll,5.380597014925373,5.893034825870647,86090,94289,54,59,5380.597014925373,5893.034825870646,162,175,5400.0,5800.0,5833.333333333333,49,5,1.0,0.8333333333333334,0.8333333333333334,proportional,True,transcript_proportional
-t217m2on-s$_$7,16,definitely,5.893034825870647,6.74709784411277,94289,107954,59,68,5893.034825870646,6747.09784411277,177,202,5900.0,6700.0,6733.333333333333,83,9,1.0,1.0,1.0,proportional,True,transcript_proportional
-t217m2on-s$_$7,17,need,6.74709784411277,7.08872305140962,107954,113420,68,71,6747.09784411277,7088.72305140962,204,211,6800.0,7000.0,7033.333333333333,32,3,1.0,0.75,0.75,proportional,True,transcript_proportional
-t217m2on-s$_$7,18,to,7.08872305140962,7.259535655058044,113420,116153,71,73,7088.72305140962,7259.535655058044,213,217,7100.0,7200.0,7233.333333333333,15,2,1.0,1.0,1.0,proportional,True,transcript_proportional
-t217m2on-s$_$7,19,see,7.259535655058044,7.51575456053068,116153,120252,73,76,7259.535655058044,7515.75456053068,219,226,7300.0,7500.0,7533.333333333333,24,3,1.0,1.0,1.0,proportional,True,transcript_proportional
-t217m2on-s$_$7,20,a,7.51575456053068,7.6011608623548925,120252,121619,76,77,7515.75456053068,7601.160862354893,228,229,7600.0,7600.0,7633.333333333333,7,1,1.0,1.0,1.0,proportional,True,transcript_proportional
-t217m2on-s$_$7,21,physician,7.6011608623548925,8.369817578772803,121619,133917,77,84,7601.160862354893,8369.817578772803,231,250,7700.0,8300.0,8333.333333333334,75,7,1.0,0.875,0.875,proportional,True,transcript_proportional
-t217m2on-s$_$7,22,regarding,8.369817578772803,9.138474295190713,133917,146216,84,92,8369.817578772803,9138.474295190714,252,274,8400.0,9100.0,9133.333333333334,75,8,1.0,1.0,1.0,proportional,True,transcript_proportional
-t217m2on-s$_$7,23,those,9.138474295190713,9.565505804311774,146216,153048,92,96,9138.474295190714,9565.505804311775,276,286,9200.0,9500.0,9533.333333333334,41,4,1.0,0.8,0.8,proportional,True,transcript_proportional
-t217m2on-s$_$7,24,"things,",9.565505804311774,10.163349917081261,153048,162614,96,102,9565.505804311775,10163.349917081261,288,304,9600.0,10100.0,10133.333333333334,58,6,1.0,1.0,1.0,proportional,True,transcript_proportional
-t217m2on-s$_$7,25,it,10.163349917081261,10.334162520729686,162614,165347,102,104,10163.349917081261,10334.162520729686,306,310,10200.0,10300.0,10333.333333333334,15,2,1.0,1.0,1.0,proportional,True,transcript_proportional
-t217m2on-s$_$7,26,could,10.334162520729686,10.761194029850746,165347,172179,104,108,10334.162520729686,10761.194029850745,312,322,10400.0,10700.0,10733.333333333334,41,4,1.0,0.8,0.8,proportional,True,transcript_proportional
-t217m2on-s$_$7,27,be,10.761194029850746,10.93200663349917,172179,174912,108,110,10761.194029850745,10932.006633499172,324,328,10800.0,10900.0,10933.333333333334,15,2,1.0,1.0,1.0,proportional,True,transcript_proportional
-t217m2on-s$_$7,28,something,10.93200663349917,11.700663349917082,174912,187211,110,118,10932.006633499172,11700.663349917082,330,352,11000.0,11700.0,11733.333333333334,75,8,1.0,1.0,1.0,proportional,True,transcript_proportional
-t217m2on-s$_$7,29,more,11.700663349917082,12.042288557213931,187211,192677,118,121,11700.663349917082,12042.288557213931,354,361,11800.0,12000.0,12033.333333333334,32,3,1.0,0.75,0.75,proportional,True,transcript_proportional
-t217m2on-s$_$7,30,of,12.042288557213931,12.213101160862356,192677,195410,121,123,12042.288557213931,12213.101160862356,363,367,12100.0,12200.0,12233.333333333334,15,2,1.0,1.0,1.0,proportional,True,transcript_proportional
-t217m2on-s$_$7,31,a,12.213101160862356,12.298507462686567,195410,196776,123,123,12213.101160862356,12298.507462686568,-1,-1,,,,7,0,1.0,0.0,0.0,proportional,True,transcript_proportional
-t217m2on-s$_$7,32,nasal,12.298507462686567,12.72553897180763,196776,203609,123,128,12298.507462686568,12725.53897180763,369,382,12300.0,12700.0,12733.333333333334,41,5,1.0,1.0,1.0,proportional,True,transcript_proportional
-t217m2on-s$_$7,33,infection,12.72553897180763,13.49419568822554,203609,215907,128,135,12725.53897180763,13494.19568822554,384,403,12800.0,13400.0,13433.333333333334,75,7,1.0,0.875,0.875,proportional,True,transcript_proportional
-t217m2on-s$_$7,34,or,13.49419568822554,13.665008291873965,215907,218640,135,137,13494.19568822554,13665.008291873964,405,409,13500.0,13600.0,13633.333333333334,15,2,1.0,1.0,1.0,proportional,True,transcript_proportional
-t217m2on-s$_$7,35,a,13.665008291873965,13.750414593698176,218640,220007,137,138,13665.008291873964,13750.414593698177,411,412,13700.0,13700.0,13733.333333333334,7,1,1.0,1.0,1.0,proportional,True,transcript_proportional
-t217m2on-s$_$7,36,sinus,13.750414593698176,14.17744610281924,220007,226839,138,142,13750.414593698177,14177.44610281924,414,424,13800.0,14100.0,14133.333333333334,41,4,1.0,0.8,0.8,proportional,True,transcript_proportional
-t217m2on-s$_$7,37,infection,14.17744610281924,14.946102819237149,226839,239138,142,150,14177.44610281924,14946.102819237149,426,448,14200.0,14900.0,14933.333333333334,75,8,1.0,1.0,1.0,proportional,True,transcript_proportional
-t217m2on-s$_$7,38,that,14.946102819237149,15.287728026533998,239138,244604,150,153,14946.102819237149,15287.728026533998,450,457,15000.0,15200.0,15233.333333333334,32,3,1.0,0.75,0.75,proportional,True,transcript_proportional
-t217m2on-s$_$7,39,he,15.287728026533998,15.458540630182423,244604,247337,153,155,15287.728026533998,15458.540630182422,459,463,15300.0,15400.0,15433.333333333334,15,2,1.0,1.0,1.0,proportional,True,transcript_proportional
-t217m2on-s$_$7,40,would,15.458540630182423,15.885572139303482,247337,254169,155,159,15458.540630182422,15885.572139303482,465,475,15500.0,15800.0,15833.333333333334,41,4,1.0,0.8,0.8,proportional,True,transcript_proportional
-t217m2on-s$_$7,41,need,15.885572139303482,16.227197346600335,254169,259635,159,163,15885.572139303482,16227.197346600335,477,487,15900.0,16200.0,16233.333333333334,32,4,1.0,1.0,1.0,proportional,True,transcript_proportional
-t217m2on-s$_$7,42,to,16.227197346600335,16.398009950248756,259635,262368,163,164,16227.197346600335,16398.009950248757,489,490,16300.0,16300.0,16333.333333333334,15,1,1.0,0.5,0.5,proportional,True,transcript_proportional
-t217m2on-s$_$7,43,deal,16.398009950248756,16.739635157545607,262368,267834,164,168,16398.009950248757,16739.635157545606,492,502,16400.0,16700.0,16733.333333333332,32,4,1.0,1.0,1.0,proportional,True,transcript_proportional
-t217m2on-s$_$7,44,with.,16.739635157545607,17.166666666666668,267834,272422,168,172,16739.635157545606,17026.375,504,512,16800.0,17133.333333333332,17166.666666666664,27,4,0.6585365853658537,0.8,0.6585365853658537,proportional,True,transcript_proportional
-tANM6ETl_M$_$3,0,The,0.0,0.2148936170212766,0,3438,0,3,0.0,214.8936170212766,0,7,0.0,200.0,233.33333333333334,19,3,1.0,1.0,1.0,proportional,True,transcript_proportional
-tANM6ETl_M$_$3,1,first,0.2148936170212766,0.573049645390071,3438,9169,3,6,214.8936170212766,573.049645390071,9,16,300.0,500.0,533.3333333333334,34,3,1.0,0.75,0.75,proportional,True,transcript_proportional
-tANM6ETl_M$_$3,2,place,0.573049645390071,0.9312056737588652,9169,14899,6,10,573.049645390071,931.2056737588653,18,28,600.0,900.0,933.3333333333334,34,4,1.0,1.0,1.0,proportional,True,transcript_proportional
-tANM6ETl_M$_$3,3,is,0.9312056737588652,1.074468085106383,14899,17191,10,11,931.2056737588653,1074.4680851063831,30,31,1000.0,1000.0,1033.3333333333333,12,1,1.0,0.5,0.5,proportional,True,transcript_proportional
-tANM6ETl_M$_$3,4,either,1.074468085106383,1.5042553191489363,17191,24068,11,16,1074.4680851063831,1504.2553191489362,33,46,1100.0,1500.0,1533.3333333333333,41,5,1.0,1.0,1.0,proportional,True,transcript_proportional
-tANM6ETl_M$_$3,5,you,1.5042553191489363,1.7191489361702128,24068,27506,16,18,1504.2553191489362,1719.148936170213,48,52,1600.0,1700.0,1733.3333333333333,19,2,1.0,0.6666666666666666,0.6666666666666666,proportional,True,transcript_proportional
-tANM6ETl_M$_$3,6,have,1.7191489361702128,2.0056737588652482,27506,32091,18,21,1719.148936170213,2005.6737588652481,54,61,1800.0,2000.0,2033.3333333333333,27,3,1.0,1.0,1.0,proportional,True,transcript_proportional
-tANM6ETl_M$_$3,7,a,2.0056737588652482,2.077304964539007,32091,33237,21,21,2005.6737588652481,2077.304964539007,-1,-1,,,,5,0,1.0,0.0,0.0,proportional,True,transcript_proportional
-tANM6ETl_M$_$3,8,"prospect,",2.077304964539007,2.721985815602837,33237,43552,21,28,2077.304964539007,2721.9858156028367,63,82,2100.0,2700.0,2733.3333333333335,62,7,1.0,1.0,1.0,proportional,True,transcript_proportional
-tANM6ETl_M$_$3,9,or,2.721985815602837,2.8652482269503543,43552,45844,28,29,2721.9858156028367,2865.2482269503544,84,85,2800.0,2800.0,2833.3333333333335,12,1,1.0,0.5,0.5,proportional,True,transcript_proportional
-tANM6ETl_M$_$3,10,a,2.8652482269503543,2.936879432624113,45844,46990,29,30,2865.2482269503544,2936.879432624113,87,88,2900.0,2900.0,2933.3333333333335,5,1,1.0,1.0,1.0,proportional,True,transcript_proportional
-tANM6ETl_M$_$3,11,customer,2.936879432624113,3.5099290780141845,46990,56159,30,36,2936.879432624113,3509.9290780141846,90,106,3000.0,3500.0,3533.3333333333335,55,6,1.0,1.0,1.0,proportional,True,transcript_proportional
-tANM6ETl_M$_$3,12,who's,3.5099290780141845,3.868085106382979,56159,61889,36,39,3509.9290780141846,3868.085106382979,108,115,3600.0,3800.0,3833.3333333333335,34,3,1.0,0.75,0.75,proportional,True,transcript_proportional
-tANM6ETl_M$_$3,13,never,3.868085106382979,4.226241134751773,61889,67620,39,43,3868.085106382979,4226.241134751774,117,127,3900.0,4200.0,4233.333333333333,34,4,1.0,1.0,1.0,proportional,True,transcript_proportional
-tANM6ETl_M$_$3,14,done,4.226241134751773,4.512765957446808,67620,72204,43,46,4226.241134751774,4512.765957446808,129,136,4300.0,4500.0,4533.333333333333,27,3,1.0,1.0,1.0,proportional,True,transcript_proportional
-tANM6ETl_M$_$3,15,it,4.512765957446808,4.656028368794327,72204,74496,46,47,4512.765957446808,4656.0283687943265,138,139,4600.0,4600.0,4633.333333333333,12,1,1.0,0.5,0.5,proportional,True,transcript_proportional
-tANM6ETl_M$_$3,16,"before,",4.656028368794327,5.157446808510638,74496,82519,47,52,4656.0283687943265,5157.446808510638,141,154,4700.0,5100.0,5133.333333333333,48,5,1.0,0.8333333333333334,0.8333333333333334,proportional,True,transcript_proportional
-tANM6ETl_M$_$3,17,or,5.157446808510638,5.300709219858156,82519,84811,52,54,5157.446808510638,5300.709219858156,156,160,5200.0,5300.0,5333.333333333333,12,2,1.0,1.0,1.0,proportional,True,transcript_proportional
-tANM6ETl_M$_$3,18,they've,5.300709219858156,5.8021276595744675,84811,92834,54,59,5300.709219858156,5802.1276595744675,162,175,5400.0,5800.0,5833.333333333333,48,5,1.0,0.8333333333333334,0.8333333333333334,proportional,True,transcript_proportional
-tANM6ETl_M$_$3,19,never,5.8021276595744675,6.160283687943263,92834,98565,59,62,5802.1276595744675,6160.283687943263,177,184,5900.0,6100.0,6133.333333333333,34,3,1.0,0.75,0.75,proportional,True,transcript_proportional
-tANM6ETl_M$_$3,20,tried,6.160283687943263,6.518439716312057,98565,104295,62,66,6160.283687943263,6518.439716312057,186,196,6200.0,6500.0,6533.333333333333,34,4,1.0,1.0,1.0,proportional,True,transcript_proportional
-tANM6ETl_M$_$3,21,it.,6.518439716312057,6.733333333333334,104295,105658,66,67,6518.439716312057,6603.625,198,199,6633.333333333334,6633.333333333334,6666.666666666667,7,1,0.3684210526315789,0.3333333333333333,0.3333333333333333,proportional,True,transcript_proportional
-tPCytz4rww$_$11,0,Make,0.0,0.2767932489451477,0,4429,0,3,0.0,276.7932489451477,0,7,0.0,200.0,233.33333333333334,26,3,1.0,1.0,1.0,proportional,True,transcript_proportional
-tPCytz4rww$_$11,1,sure,0.2767932489451477,0.5535864978902953,4429,8857,3,6,276.7932489451477,553.5864978902954,9,16,300.0,500.0,533.3333333333334,26,3,1.0,1.0,1.0,proportional,True,transcript_proportional
-tPCytz4rww$_$11,2,that,0.5535864978902953,0.8303797468354429,8857,13286,6,9,553.5864978902954,830.3797468354429,18,25,600.0,800.0,833.3333333333334,26,3,1.0,1.0,1.0,proportional,True,transcript_proportional
-tPCytz4rww$_$11,3,your,0.8303797468354429,1.1071729957805907,13286,17715,9,12,830.3797468354429,1107.1729957805908,27,34,900.0,1100.0,1133.3333333333333,26,3,1.0,1.0,1.0,proportional,True,transcript_proportional
-tPCytz4rww$_$11,4,using,1.1071729957805907,1.4531645569620253,17715,23251,12,15,1107.1729957805908,1453.1645569620252,36,43,1200.0,1400.0,1433.3333333333333,33,3,1.0,0.75,0.75,proportional,True,transcript_proportional
-tPCytz4rww$_$11,5,comps,1.4531645569620253,1.7991561181434599,23251,28786,15,18,1453.1645569620252,1799.15611814346,45,52,1500.0,1700.0,1733.3333333333333,33,3,1.0,0.75,0.75,proportional,True,transcript_proportional
-tPCytz4rww$_$11,6,that,1.7991561181434599,2.0759493670886076,28786,33215,18,21,1799.15611814346,2075.9493670886077,54,61,1800.0,2000.0,2033.3333333333333,26,3,1.0,1.0,1.0,proportional,True,transcript_proportional
-tPCytz4rww$_$11,7,are,2.0759493670886076,2.2835443037974685,33215,36537,21,23,2075.9493670886077,2283.5443037974687,63,67,2100.0,2200.0,2233.3333333333335,19,2,1.0,0.6666666666666666,0.6666666666666666,proportional,True,transcript_proportional
-tPCytz4rww$_$11,8,not,2.2835443037974685,2.491139240506329,36537,39858,23,25,2283.5443037974687,2491.139240506329,69,73,2300.0,2400.0,2433.3333333333335,19,2,1.0,0.6666666666666666,0.6666666666666666,proportional,True,transcript_proportional
-tPCytz4rww$_$11,9,"larger,",2.491139240506329,2.9755274261603377,39858,47608,25,30,2491.139240506329,2975.5274261603377,75,88,2500.0,2900.0,2933.3333333333335,46,5,1.0,1.0,1.0,proportional,True,transcript_proportional
-tPCytz4rww$_$11,10,no,2.9755274261603377,3.1139240506329116,47608,49823,30,32,2975.5274261603377,3113.9240506329115,90,94,3000.0,3100.0,3133.3333333333335,12,2,1.0,1.0,1.0,proportional,True,transcript_proportional
-tPCytz4rww$_$11,11,larger,3.1139240506329116,3.529113924050633,49823,56466,32,36,3113.9240506329115,3529.113924050633,96,106,3200.0,3500.0,3533.3333333333335,40,4,1.0,0.8,0.8,proportional,True,transcript_proportional
-tPCytz4rww$_$11,12,than,3.529113924050633,3.8059071729957807,56466,60895,36,39,3529.113924050633,3805.907172995781,108,115,3600.0,3800.0,3833.3333333333335,26,3,1.0,1.0,1.0,proportional,True,transcript_proportional
-tPCytz4rww$_$11,13,twelve,3.8059071729957807,4.221097046413503,60895,67538,39,43,3805.907172995781,4221.0970464135025,117,127,3900.0,4200.0,4233.333333333333,40,4,1.0,0.8,0.8,proportional,True,transcript_proportional
-tPCytz4rww$_$11,14,hundred,4.221097046413503,4.7054852320675105,67538,75288,43,48,4221.0970464135025,4705.485232067511,129,142,4300.0,4700.0,4733.333333333333,46,5,1.0,1.0,1.0,proportional,True,transcript_proportional
-tPCytz4rww$_$11,15,square,4.7054852320675105,5.120675105485232,75288,81931,48,52,4705.485232067511,5120.675105485232,144,154,4800.0,5100.0,5133.333333333333,40,4,1.0,0.8,0.8,proportional,True,transcript_proportional
-tPCytz4rww$_$11,16,feet.,5.120675105485232,5.466666666666667,81931,86058,52,55,5120.675105485232,5378.625,156,163,5200.0,5400.0,5433.333333333333,24,3,0.7272727272727273,0.75,0.7272727272727273,proportional,True,transcript_proportional
-tPCytz4rww$_$10,0,Say,0.0,0.26481481481481484,0,4237,0,3,0.0,264.81481481481484,0,7,0.0,200.0,233.33333333333334,24,3,1.0,1.0,1.0,proportional,True,transcript_proportional
-tPCytz4rww$_$10,1,twenty,0.26481481481481484,0.7944444444444444,4237,12711,3,8,264.81481481481484,794.4444444444443,9,22,300.0,700.0,733.3333333333334,51,5,1.0,0.8333333333333334,0.8333333333333334,proportional,True,transcript_proportional
-tPCytz4rww$_$10,2,percent,0.7944444444444444,1.4123456790123456,12711,22598,8,15,794.4444444444443,1412.3456790123457,24,43,800.0,1400.0,1433.3333333333333,60,7,1.0,1.0,1.0,proportional,True,transcript_proportional
-tPCytz4rww$_$10,3,so,1.4123456790123456,1.5888888888888888,22598,25422,15,16,1412.3456790123457,1588.8888888888887,45,46,1500.0,1500.0,1533.3333333333333,16,1,1.0,0.5,0.5,proportional,True,transcript_proportional
-tPCytz4rww$_$10,4,if,1.5888888888888888,1.765432098765432,25422,28247,16,18,1588.8888888888887,1765.4320987654319,48,52,1600.0,1700.0,1733.3333333333333,16,2,1.0,1.0,1.0,proportional,True,transcript_proportional
-tPCytz4rww$_$10,5,you've,1.765432098765432,2.2950617283950616,28247,36721,18,23,1765.4320987654319,2295.0617283950614,54,67,1800.0,2200.0,2233.3333333333335,51,5,1.0,0.8333333333333334,0.8333333333333334,proportional,True,transcript_proportional
-tPCytz4rww$_$10,6,got,2.2950617283950616,2.5598765432098762,36721,40958,23,26,2295.0617283950614,2559.876543209876,69,76,2300.0,2500.0,2533.3333333333335,24,3,1.0,1.0,1.0,proportional,True,transcript_proportional
-tPCytz4rww$_$10,7,a,2.5598765432098762,2.6481481481481484,40958,42370,26,27,2559.876543209876,2648.1481481481483,78,79,2600.0,2600.0,2633.3333333333335,7,1,1.0,1.0,1.0,proportional,True,transcript_proportional
-tPCytz4rww$_$10,8,thousand,2.6481481481481484,3.354320987654321,42370,53669,27,34,2648.1481481481483,3354.320987654321,81,100,2700.0,3300.0,3333.3333333333335,69,7,1.0,0.875,0.875,proportional,True,transcript_proportional
-tPCytz4rww$_$10,9,square,3.354320987654321,3.88395061728395,53669,62143,34,39,3354.320987654321,3883.95061728395,102,115,3400.0,3800.0,3833.3333333333335,51,5,1.0,0.8333333333333334,0.8333333333333334,proportional,True,transcript_proportional
-tPCytz4rww$_$10,10,foot,3.88395061728395,4.237037037037037,62143,67793,39,43,3883.95061728395,4237.037037037037,117,127,3900.0,4200.0,4233.333333333333,33,4,1.0,1.0,1.0,proportional,True,transcript_proportional
-tPCytz4rww$_$10,11,condo.,4.237037037037037,4.766666666666667,67793,74861,43,48,4237.037037037037,4678.8125,129,142,4300.0,4733.333333333333,4766.666666666666,42,5,0.8235294117647058,0.8333333333333334,0.8235294117647058,proportional,True,transcript_proportional
-tPCytz4rww$_$12,0,No,0.0,0.17661691542288557,0,2826,0,2,0.0,176.61691542288557,0,4,0.0,100.0,133.33333333333334,16,2,1.0,1.0,1.0,proportional,True,transcript_proportional
-tPCytz4rww$_$12,1,less,0.17661691542288557,0.5298507462686567,2826,8478,2,6,176.61691542288557,529.8507462686567,6,16,200.0,500.0,533.3333333333334,33,4,1.0,1.0,1.0,proportional,True,transcript_proportional
-tPCytz4rww$_$12,2,than,0.5298507462686567,0.8830845771144279,8478,14129,6,9,529.8507462686567,883.0845771144279,18,25,600.0,800.0,833.3333333333334,33,3,1.0,0.75,0.75,proportional,True,transcript_proportional
-tPCytz4rww$_$12,3,eight,0.8830845771144279,1.3246268656716418,14129,21194,9,14,883.0845771144279,1324.6268656716418,27,40,900.0,1300.0,1333.3333333333333,42,5,1.0,1.0,1.0,proportional,True,transcript_proportional
-tPCytz4rww$_$12,4,hundred,1.3246268656716418,1.9427860696517416,21194,31085,14,20,1324.6268656716418,1942.7860696517416,42,58,1400.0,1900.0,1933.3333333333333,60,6,1.0,0.8571428571428571,0.8571428571428571,proportional,True,transcript_proportional
-tPCytz4rww$_$12,5,squire,1.9427860696517416,2.4726368159203984,31085,39562,20,25,1942.7860696517416,2472.6368159203985,60,73,2000.0,2400.0,2433.3333333333335,51,5,1.0,0.8333333333333334,0.8333333333333334,proportional,True,transcript_proportional
-tPCytz4rww$_$12,6,feet,2.4726368159203984,2.825870646766169,39562,45214,25,29,2472.6368159203985,2825.870646766169,75,85,2500.0,2800.0,2833.3333333333335,33,4,1.0,1.0,1.0,proportional,True,transcript_proportional
-tPCytz4rww$_$12,7,and,2.825870646766169,3.090796019900498,45214,49453,29,31,2825.870646766169,3090.796019900498,87,91,2900.0,3000.0,3033.3333333333335,24,2,1.0,0.6666666666666666,0.6666666666666666,proportional,True,transcript_proportional
-tPCytz4rww$_$12,8,going,3.090796019900498,3.5323383084577116,49453,56517,31,36,3090.796019900498,3532.3383084577117,93,106,3100.0,3500.0,3533.3333333333335,42,5,1.0,1.0,1.0,proportional,True,transcript_proportional
-tPCytz4rww$_$12,9,to,3.5323383084577116,3.708955223880597,56517,59343,36,38,3532.3383084577117,3708.9552238805973,108,112,3600.0,3700.0,3733.3333333333335,16,2,1.0,1.0,1.0,proportional,True,transcript_proportional
-tPCytz4rww$_$12,10,similar,3.708955223880597,4.327114427860697,59343,69234,38,44,3708.9552238805973,4327.114427860697,114,130,3800.0,4300.0,4333.333333333333,60,6,1.0,0.8571428571428571,0.8571428571428571,proportional,True,transcript_proportional
-tPCytz4rww$_$12,11,"in,",4.327114427860697,4.592039800995025,69234,73473,44,46,4327.114427860697,4592.039800995025,132,136,4400.0,4500.0,4533.333333333333,24,2,1.0,0.6666666666666666,0.6666666666666666,proportional,True,transcript_proportional
-tPCytz4rww$_$12,12,similar,4.592039800995025,5.210199004975125,73473,83363,46,53,4592.039800995025,5210.199004975125,138,157,4600.0,5200.0,5233.333333333333,60,7,1.0,1.0,1.0,proportional,True,transcript_proportional
-tPCytz4rww$_$12,13,with,5.210199004975125,5.563432835820896,83363,89015,53,56,5210.199004975125,5563.432835820896,159,166,5300.0,5500.0,5533.333333333333,33,3,1.0,0.75,0.75,proportional,True,transcript_proportional
-tPCytz4rww$_$12,14,bedrooms,5.563432835820896,6.269900497512438,89015,100318,56,63,5563.432835820896,6269.900497512438,168,187,5600.0,6200.0,6233.333333333333,69,7,1.0,0.875,0.875,proportional,True,transcript_proportional
-tPCytz4rww$_$12,15,and,6.269900497512438,6.534825870646767,100318,104557,63,66,6269.900497512438,6534.825870646767,189,196,6300.0,6500.0,6533.333333333333,24,3,1.0,1.0,1.0,proportional,True,transcript_proportional
-tPCytz4rww$_$12,16,bathrooms,6.534825870646767,7.329601990049752,104557,117274,66,74,6534.825870646767,7329.601990049752,198,220,6600.0,7300.0,7333.333333333333,77,8,1.0,1.0,1.0,proportional,True,transcript_proportional
-tPCytz4rww$_$12,17,as,7.329601990049752,7.506218905472637,117274,120100,74,76,7329.601990049752,7506.218905472637,222,226,7400.0,7500.0,7533.333333333333,16,2,1.0,1.0,1.0,proportional,True,transcript_proportional
-tPCytz4rww$_$12,18,well,7.506218905472637,7.859452736318408,120100,125751,76,79,7506.218905472637,7859.452736318408,228,235,7600.0,7800.0,7833.333333333333,33,3,1.0,0.75,0.75,proportional,True,transcript_proportional
-tPCytz4rww$_$12,19,and,7.859452736318408,8.124378109452737,125751,129990,79,82,7859.452736318408,8124.378109452737,237,244,7900.0,8100.0,8133.333333333333,24,3,1.0,1.0,1.0,proportional,True,transcript_proportional
-tPCytz4rww$_$12,20,hopefully,8.124378109452737,8.919154228855723,129990,142706,82,90,8124.378109452737,8919.154228855723,246,268,8200.0,8900.0,8933.333333333334,77,8,1.0,1.0,1.0,proportional,True,transcript_proportional
-tPCytz4rww$_$12,21,the,8.919154228855723,9.18407960199005,142706,146945,90,92,8919.154228855723,9184.07960199005,270,274,9000.0,9100.0,9133.333333333334,24,2,1.0,0.6666666666666666,0.6666666666666666,proportional,True,transcript_proportional
-tPCytz4rww$_$12,22,complexes,9.18407960199005,9.978855721393035,146945,159662,92,100,9184.07960199005,9978.855721393036,276,298,9200.0,9900.0,9933.333333333334,77,8,1.0,1.0,1.0,proportional,True,transcript_proportional
-tPCytz4rww$_$12,23,have,9.978855721393035,10.332089552238806,159662,165313,100,104,9978.855721393036,10332.089552238805,300,310,10000.0,10300.0,10333.333333333334,33,4,1.0,1.0,1.0,proportional,True,transcript_proportional
-tPCytz4rww$_$12,24,similar,10.332089552238806,10.950248756218906,165313,175204,104,110,10332.089552238805,10950.248756218907,312,328,10400.0,10900.0,10933.333333333334,60,6,1.0,0.8571428571428571,0.8571428571428571,proportional,True,transcript_proportional
-tPCytz4rww$_$12,25,amenities.,10.950248756218906,11.833333333333334,175204,187780,110,118,10950.248756218907,11736.25,330,352,11000.0,11733.333333333332,11766.666666666666,77,8,0.8953488372093024,0.8888888888888888,0.8888888888888888,proportional,True,transcript_proportional
-tPCytz4rww$_$16,0,So,0.0,0.2440677966101695,0,3905,0,3,0.0,244.0677966101695,0,7,0.0,200.0,233.33333333333334,22,3,1.0,1.0,1.0,proportional,True,transcript_proportional
-tPCytz4rww$_$16,1,make,0.2440677966101695,0.7322033898305085,3905,11715,3,8,244.0677966101695,732.2033898305085,9,22,300.0,700.0,733.3333333333334,47,5,1.0,1.0,1.0,proportional,True,transcript_proportional
-tPCytz4rww$_$16,2,sure,0.7322033898305085,1.2203389830508475,11715,19525,8,13,732.2033898305085,1220.3389830508474,24,37,800.0,1200.0,1233.3333333333333,47,5,1.0,1.0,1.0,proportional,True,transcript_proportional
-tPCytz4rww$_$16,3,to,1.2203389830508475,1.464406779661017,19525,23431,13,15,1220.3389830508474,1464.406779661017,39,43,1300.0,1400.0,1433.3333333333333,22,2,1.0,0.6666666666666666,0.6666666666666666,proportional,True,transcript_proportional
-tPCytz4rww$_$16,4,get,1.464406779661017,1.8305084745762712,23431,29288,15,19,1464.406779661017,1830.5084745762713,45,55,1500.0,1800.0,1833.3333333333333,35,4,1.0,1.0,1.0,proportional,True,transcript_proportional
-tPCytz4rww$_$16,5,a,1.8305084745762712,1.952542372881356,29288,31241,19,20,1830.5084745762713,1952.542372881356,57,58,1900.0,1900.0,1933.3333333333333,10,1,1.0,0.5,0.5,proportional,True,transcript_proportional
-tPCytz4rww$_$16,6,through,1.952542372881356,2.806779661016949,31241,44908,20,29,1952.542372881356,2806.779661016949,60,85,2000.0,2800.0,2833.3333333333335,83,9,1.0,1.0,1.0,proportional,True,transcript_proportional
-tPCytz4rww$_$16,7,or,2.806779661016949,3.0508474576271185,44908,48814,29,31,2806.779661016949,3050.8474576271187,87,91,2900.0,3000.0,3033.3333333333335,22,2,1.0,0.6666666666666666,0.6666666666666666,proportional,True,transcript_proportional
-tPCytz4rww$_$16,8,to,3.0508474576271185,3.294915254237288,48814,52719,31,33,3050.8474576271187,3294.915254237288,93,97,3100.0,3200.0,3233.3333333333335,22,2,1.0,0.6666666666666666,0.6666666666666666,proportional,True,transcript_proportional
-tPCytz4rww$_$16,9,do,3.294915254237288,3.538983050847458,52719,56624,33,36,3294.915254237288,3538.983050847458,99,106,3300.0,3500.0,3533.3333333333335,22,3,1.0,1.0,1.0,proportional,True,transcript_proportional
-tPCytz4rww$_$16,10,a,3.538983050847458,3.6610169491525424,56624,58576,36,37,3538.983050847458,3661.0169491525426,108,109,3600.0,3600.0,3633.3333333333335,10,1,1.0,0.5,0.5,proportional,True,transcript_proportional
-tPCytz4rww$_$16,11,through,3.6610169491525424,4.515254237288136,58576,72244,37,46,3661.0169491525426,4515.254237288136,111,136,3700.0,4500.0,4533.333333333333,83,9,1.0,1.0,1.0,proportional,True,transcript_proportional
-tPCytz4rww$_$16,12,cleaning,4.515254237288136,5.491525423728813,72244,87864,46,55,4515.254237288136,5491.525423728813,138,163,4600.0,5400.0,5433.333333333333,96,9,1.0,0.9,0.9,proportional,True,transcript_proportional
-tPCytz4rww$_$16,13,of,5.491525423728813,5.735593220338983,87864,91769,55,58,5491.525423728813,5735.593220338983,165,172,5500.0,5700.0,5733.333333333333,22,3,1.0,1.0,1.0,proportional,True,transcript_proportional
-tPCytz4rww$_$16,14,the,5.735593220338983,6.101694915254237,91769,97627,58,62,5735.593220338983,6101.6949152542375,174,184,5800.0,6100.0,6133.333333333333,35,4,1.0,1.0,1.0,proportional,True,transcript_proportional
-tPCytz4rww$_$16,15,property.,6.101694915254237,7.2,97627,114227,62,72,6101.6949152542375,7139.1875,186,214,6200.0,7100.0,7133.333333333333,102,10,0.9444444444444444,0.9090909090909091,0.9090909090909091,proportional,True,transcript_proportional
-tPCytz4rww$_$18,0,Do,0.0,0.1868544600938967,0,2990,0,2,0.0,186.8544600938967,0,4,0.0,100.0,133.33333333333334,17,2,1.0,1.0,1.0,proportional,True,transcript_proportional
-tPCytz4rww$_$18,1,so,0.1868544600938967,0.3737089201877934,2990,5979,2,4,186.8544600938967,373.7089201877934,6,10,200.0,300.0,333.3333333333333,17,2,1.0,1.0,1.0,proportional,True,transcript_proportional
-tPCytz4rww$_$18,2,and,0.3737089201877934,0.6539906103286385,5979,10464,4,7,373.7089201877934,653.9906103286385,12,19,400.0,600.0,633.3333333333334,26,3,1.0,1.0,1.0,proportional,True,transcript_proportional
-tPCytz4rww$_$18,3,as,0.6539906103286385,0.8408450704225352,10464,13454,7,9,653.9906103286385,840.8450704225352,21,25,700.0,800.0,833.3333333333334,17,2,1.0,1.0,1.0,proportional,True,transcript_proportional
-tPCytz4rww$_$18,4,well,0.8408450704225352,1.2145539906103284,13454,19433,9,13,840.8450704225352,1214.5539906103284,27,37,900.0,1200.0,1233.3333333333333,35,4,1.0,1.0,1.0,proportional,True,transcript_proportional
-tPCytz4rww$_$18,5,you'll,1.2145539906103284,1.7751173708920187,19433,28402,13,18,1214.5539906103284,1775.1173708920187,39,52,1300.0,1700.0,1733.3333333333333,54,5,1.0,0.8333333333333334,0.8333333333333334,proportional,True,transcript_proportional
-tPCytz4rww$_$18,6,also,1.7751173708920187,2.148826291079812,28402,34381,18,22,1775.1173708920187,2148.826291079812,54,64,1800.0,2100.0,2133.3333333333335,35,4,1.0,1.0,1.0,proportional,True,transcript_proportional
-tPCytz4rww$_$18,7,want,2.148826291079812,2.5225352112676056,34381,40361,22,26,2148.826291079812,2522.5352112676055,66,76,2200.0,2500.0,2533.3333333333335,35,4,1.0,1.0,1.0,proportional,True,transcript_proportional
-tPCytz4rww$_$18,8,to,2.5225352112676056,2.709389671361502,40361,43350,26,28,2522.5352112676055,2709.389671361502,78,82,2600.0,2700.0,2733.3333333333335,17,2,1.0,1.0,1.0,proportional,True,transcript_proportional
-tPCytz4rww$_$18,9,remove,2.709389671361502,3.2699530516431925,43350,52319,28,33,2709.389671361502,3269.9530516431923,84,97,2800.0,3200.0,3233.3333333333335,54,5,1.0,0.8333333333333334,0.8333333333333334,proportional,True,transcript_proportional
-tPCytz4rww$_$18,10,any,3.2699530516431925,3.5502347417840374,52319,56804,33,36,3269.9530516431923,3550.2347417840374,99,106,3300.0,3500.0,3533.3333333333335,26,3,1.0,1.0,1.0,proportional,True,transcript_proportional
-tPCytz4rww$_$18,11,clutter,3.5502347417840374,4.204225352112676,56804,67268,36,43,3550.2347417840374,4204.225352112676,108,127,3600.0,4200.0,4233.333333333333,63,7,1.0,1.0,1.0,proportional,True,transcript_proportional
-tPCytz4rww$_$18,12,from,4.204225352112676,4.577934272300469,67268,73247,43,46,4204.225352112676,4577.934272300469,129,136,4300.0,4500.0,4533.333333333333,35,3,1.0,0.75,0.75,proportional,True,transcript_proportional
-tPCytz4rww$_$18,13,that,4.577934272300469,4.9516431924882625,73247,79226,46,50,4577.934272300469,4951.643192488263,138,148,4600.0,4900.0,4933.333333333333,35,4,1.0,1.0,1.0,proportional,True,transcript_proportional
-tPCytz4rww$_$18,14,you've,4.9516431924882625,5.512206572769952,79226,88195,50,56,4951.643192488263,5512.206572769952,150,166,5000.0,5500.0,5533.333333333333,54,6,1.0,1.0,1.0,proportional,True,transcript_proportional
-tPCytz4rww$_$18,15,accumulated.,5.512206572769952,6.633333333333333,88195,105101,56,67,5512.206572769952,6568.8125,168,199,5600.0,6600.0,6633.333333333333,104,11,0.9454545454545454,0.9166666666666666,0.9166666666666666,proportional,True,transcript_proportional
-vxjVxOeScU$_$4,0,You're,0.0,0.5300970873786407,0,8482,0,6,0.0,530.0970873786407,0,16,0.0,500.0,533.3333333333334,51,6,1.0,1.0,1.0,proportional,True,transcript_proportional
-vxjVxOeScU$_$4,1,going,0.5300970873786407,0.9718446601941747,8482,15550,6,10,530.0970873786407,971.8446601941747,18,28,600.0,900.0,933.3333333333334,42,4,1.0,0.8,0.8,proportional,True,transcript_proportional
-vxjVxOeScU$_$4,2,to,0.9718446601941747,1.1485436893203884,15550,18377,10,12,971.8446601941747,1148.5436893203885,30,34,1000.0,1100.0,1133.3333333333333,16,2,1.0,1.0,1.0,proportional,True,transcript_proportional
-vxjVxOeScU$_$4,3,talk,1.1485436893203884,1.5019417475728154,18377,24031,12,16,1148.5436893203885,1501.9417475728153,36,46,1200.0,1500.0,1533.3333333333333,33,4,1.0,1.0,1.0,proportional,True,transcript_proportional
-vxjVxOeScU$_$4,4,about,1.5019417475728154,1.9436893203883494,24031,31099,16,20,1501.9417475728153,1943.6893203883494,48,58,1600.0,1900.0,1933.3333333333333,42,4,1.0,0.8,0.8,proportional,True,transcript_proportional
-vxjVxOeScU$_$4,5,their,1.9436893203883494,2.385436893203883,31099,38167,20,24,1943.6893203883494,2385.4368932038833,60,70,2000.0,2300.0,2333.3333333333335,42,4,1.0,0.8,0.8,proportional,True,transcript_proportional
-vxjVxOeScU$_$4,6,"life,",2.385436893203883,2.827184466019417,38167,45235,24,29,2385.4368932038833,2827.1844660194174,72,85,2400.0,2800.0,2833.3333333333335,42,5,1.0,1.0,1.0,proportional,True,transcript_proportional
-vxjVxOeScU$_$4,7,their,2.827184466019417,3.268932038834951,45235,52303,29,33,2827.1844660194174,3268.932038834951,87,97,2900.0,3200.0,3233.3333333333335,42,4,1.0,0.8,0.8,proportional,True,transcript_proportional
-vxjVxOeScU$_$4,8,marriage,3.268932038834951,3.9757281553398056,52303,63612,33,40,3268.932038834951,3975.7281553398057,99,118,3300.0,3900.0,3933.3333333333335,69,7,1.0,0.875,0.875,proportional,True,transcript_proportional
-vxjVxOeScU$_$4,9,and,3.9757281553398056,4.240776699029126,63612,67852,40,43,3975.7281553398057,4240.776699029126,120,127,4000.0,4200.0,4233.333333333333,25,3,1.0,1.0,1.0,proportional,True,transcript_proportional
-vxjVxOeScU$_$4,10,usually,4.240776699029126,4.859223300970874,67852,77748,43,49,4240.776699029126,4859.223300970874,129,145,4300.0,4800.0,4833.333333333333,60,6,1.0,0.8571428571428571,0.8571428571428571,proportional,True,transcript_proportional
-vxjVxOeScU$_$4,11,how,4.859223300970874,5.124271844660194,77748,81988,49,52,4859.223300970874,5124.271844660194,147,154,4900.0,5100.0,5133.333333333333,25,3,1.0,1.0,1.0,proportional,True,transcript_proportional
-vxjVxOeScU$_$4,12,amazing,5.124271844660194,5.742718446601942,81988,91883,52,58,5124.271844660194,5742.718446601942,156,172,5200.0,5700.0,5733.333333333333,60,6,1.0,0.8571428571428571,0.8571428571428571,proportional,True,transcript_proportional
-vxjVxOeScU$_$4,13,it,5.742718446601942,5.919417475728155,91883,94711,58,60,5742.718446601942,5919.417475728154,174,178,5800.0,5900.0,5933.333333333333,16,2,1.0,1.0,1.0,proportional,True,transcript_proportional
-vxjVxOeScU$_$4,14,is,5.919417475728155,6.096116504854368,94711,97538,60,61,5919.417475728154,6096.116504854368,180,181,6000.0,6000.0,6033.333333333333,16,1,1.0,0.5,0.5,proportional,True,transcript_proportional
-vxjVxOeScU$_$4,15,that,6.096116504854368,6.449514563106796,97538,103192,61,65,6096.116504854368,6449.514563106795,183,193,6100.0,6400.0,6433.333333333333,33,4,1.0,1.0,1.0,proportional,True,transcript_proportional
-vxjVxOeScU$_$4,16,they've,6.449514563106796,7.067961165048544,103192,113087,65,71,6449.514563106795,7067.961165048544,195,211,6500.0,7000.0,7033.333333333333,60,6,1.0,0.8571428571428571,0.8571428571428571,proportional,True,transcript_proportional
-vxjVxOeScU$_$4,17,stayed,7.067961165048544,7.598058252427185,113087,121569,71,76,7067.961165048544,7598.058252427185,213,226,7100.0,7500.0,7533.333333333333,51,5,1.0,0.8333333333333334,0.8333333333333334,proportional,True,transcript_proportional
-vxjVxOeScU$_$4,18,together,7.598058252427185,8.30485436893204,121569,132878,76,84,7598.058252427185,8304.85436893204,228,250,7600.0,8300.0,8333.333333333334,69,8,1.0,1.0,1.0,proportional,True,transcript_proportional
-vxjVxOeScU$_$4,19,this,8.30485436893204,8.658252427184465,132878,138532,84,87,8304.85436893204,8658.252427184465,252,259,8400.0,8600.0,8633.333333333334,33,3,1.0,0.75,0.75,proportional,True,transcript_proportional
-vxjVxOeScU$_$4,20,long.,8.658252427184465,9.1,138532,144593,87,91,8658.252427184465,9037.0625,261,271,8700.0,9000.0,9033.333333333334,36,4,0.8571428571428571,0.8,0.8,proportional,True,transcript_proportional
-wMB_hJL-3o$_$7,0,So,0.0,0.14031007751937985,0,2245,0,2,0.0,140.31007751937986,0,4,0.0,100.0,133.33333333333334,12,2,1.0,1.0,1.0,proportional,True,transcript_proportional
-wMB_hJL-3o$_$7,1,if,0.14031007751937985,0.2806201550387597,2245,4490,2,3,140.31007751937986,280.6201550387597,6,7,200.0,200.0,233.33333333333334,12,1,1.0,0.5,0.5,proportional,True,transcript_proportional
-wMB_hJL-3o$_$7,2,you,0.2806201550387597,0.4910852713178295,4490,7857,3,5,280.6201550387597,491.0852713178295,9,13,300.0,400.0,433.3333333333333,19,2,1.0,0.6666666666666666,0.6666666666666666,proportional,True,transcript_proportional
-wMB_hJL-3o$_$7,3,have,0.4910852713178295,0.7717054263565891,7857,12347,5,8,491.0852713178295,771.7054263565891,15,22,500.0,700.0,733.3333333333334,26,3,1.0,1.0,1.0,proportional,True,transcript_proportional
-wMB_hJL-3o$_$7,4,a,0.7717054263565891,0.8418604651162791,12347,13470,8,9,771.7054263565891,841.8604651162791,24,25,800.0,800.0,833.3333333333334,5,1,1.0,1.0,1.0,proportional,True,transcript_proportional
-wMB_hJL-3o$_$7,5,loved,0.8418604651162791,1.1926356589147287,13470,19082,9,12,841.8604651162791,1192.6356589147288,27,34,900.0,1100.0,1133.3333333333333,33,3,1.0,0.75,0.75,proportional,True,transcript_proportional
-wMB_hJL-3o$_$7,6,one,1.1926356589147287,1.4031007751937983,19082,22450,12,15,1192.6356589147288,1403.1007751937982,36,43,1200.0,1400.0,1433.3333333333333,19,3,1.0,1.0,1.0,proportional,True,transcript_proportional
-wMB_hJL-3o$_$7,7,who,1.4031007751937983,1.613565891472868,22450,25817,15,17,1403.1007751937982,1613.565891472868,45,49,1500.0,1600.0,1633.3333333333333,19,2,1.0,0.6666666666666666,0.6666666666666666,proportional,True,transcript_proportional
-wMB_hJL-3o$_$7,8,is,1.613565891472868,1.753875968992248,25817,28062,17,18,1613.565891472868,1753.875968992248,51,52,1700.0,1700.0,1733.3333333333333,12,1,1.0,0.5,0.5,proportional,True,transcript_proportional
-wMB_hJL-3o$_$7,9,depressed,1.753875968992248,2.3852713178294573,28062,38164,18,24,1753.875968992248,2385.2713178294575,54,70,1800.0,2300.0,2333.3333333333335,61,6,1.0,0.8571428571428571,0.8571428571428571,proportional,True,transcript_proportional
-wMB_hJL-3o$_$7,10,those,2.3852713178294573,2.7360465116279067,38164,43777,24,28,2385.2713178294575,2736.0465116279065,72,82,2400.0,2700.0,2733.3333333333335,33,4,1.0,1.0,1.0,proportional,True,transcript_proportional
-wMB_hJL-3o$_$7,11,are,2.7360465116279067,2.9465116279069767,43777,47144,28,30,2736.0465116279065,2946.5116279069766,84,88,2800.0,2900.0,2933.3333333333335,19,2,1.0,0.6666666666666666,0.6666666666666666,proportional,True,transcript_proportional
-wMB_hJL-3o$_$7,12,some,2.9465116279069767,3.227131782945736,47144,51634,30,33,2946.5116279069766,3227.131782945736,90,97,3000.0,3200.0,3233.3333333333335,26,3,1.0,1.0,1.0,proportional,True,transcript_proportional
-wMB_hJL-3o$_$7,13,of,3.227131782945736,3.3674418604651164,51634,53879,33,34,3227.131782945736,3367.4418604651164,99,100,3300.0,3300.0,3333.3333333333335,12,1,1.0,0.5,0.5,proportional,True,transcript_proportional
-wMB_hJL-3o$_$7,14,the,3.3674418604651164,3.577906976744186,53879,57247,34,36,3367.4418604651164,3577.906976744186,102,106,3400.0,3500.0,3533.3333333333335,19,2,1.0,0.6666666666666666,0.6666666666666666,proportional,True,transcript_proportional
-wMB_hJL-3o$_$7,15,things,3.577906976744186,3.9988372093023252,57247,63981,36,40,3577.906976744186,3998.8372093023254,108,118,3600.0,3900.0,3933.3333333333335,40,4,1.0,0.8,0.8,proportional,True,transcript_proportional
-wMB_hJL-3o$_$7,16,that,3.9988372093023252,4.279457364341085,63981,68471,40,43,3998.8372093023254,4279.457364341085,120,127,4000.0,4200.0,4233.333333333333,26,3,1.0,1.0,1.0,proportional,True,transcript_proportional
-wMB_hJL-3o$_$7,17,you,4.279457364341085,4.489922480620155,68471,71839,43,45,4279.457364341085,4489.9224806201555,129,133,4300.0,4400.0,4433.333333333333,19,2,1.0,0.6666666666666666,0.6666666666666666,proportional,True,transcript_proportional
-wMB_hJL-3o$_$7,18,should,4.489922480620155,4.910852713178294,71839,78574,45,50,4489.9224806201555,4910.852713178295,135,148,4500.0,4900.0,4933.333333333333,40,5,1.0,1.0,1.0,proportional,True,transcript_proportional
-wMB_hJL-3o$_$7,19,think,4.910852713178294,5.261627906976744,78574,84186,50,53,4910.852713178295,5261.627906976744,150,157,5000.0,5200.0,5233.333333333333,33,3,1.0,0.75,0.75,proportional,True,transcript_proportional
-wMB_hJL-3o$_$7,20,about,5.261627906976744,5.612403100775193,84186,89798,53,57,5261.627906976744,5612.403100775193,159,169,5300.0,5600.0,5633.333333333333,33,4,1.0,1.0,1.0,proportional,True,transcript_proportional
-wMB_hJL-3o$_$7,21,doing.,5.612403100775193,6.033333333333333,89798,95610,57,61,5612.403100775193,5975.625,171,181,5700.0,6000.0,6033.333333333333,34,4,0.85,0.8,0.8,proportional,True,transcript_proportional
-wny0OAz3g8$_$1,0,And,0.0,0.1722689075630252,0,2756,0,2,0.0,172.2689075630252,0,4,0.0,100.0,133.33333333333334,15,2,1.0,1.0,1.0,proportional,True,transcript_proportional
-wny0OAz3g8$_$1,1,because,0.1722689075630252,0.5742296918767507,2756,9188,2,6,172.2689075630252,574.2296918767506,6,16,200.0,500.0,533.3333333333334,38,4,1.0,0.8,0.8,proportional,True,transcript_proportional
-wny0OAz3g8$_$1,2,they,0.5742296918767507,0.8039215686274509,9188,12863,6,9,574.2296918767506,803.9215686274509,18,25,600.0,800.0,833.3333333333334,21,3,1.0,1.0,1.0,proportional,True,transcript_proportional
-wny0OAz3g8$_$1,3,couldn’t,0.8039215686274509,1.2633053221288513,12863,20213,9,13,803.9215686274509,1263.3053221288512,27,37,900.0,1200.0,1233.3333333333333,44,4,1.0,0.8,0.8,proportional,True,transcript_proportional
-wny0OAz3g8$_$1,4,join,1.2633053221288513,1.4929971988795518,20213,23888,13,15,1263.3053221288512,1492.997198879552,39,43,1300.0,1400.0,1433.3333333333333,21,2,1.0,0.6666666666666666,0.6666666666666666,proportional,True,transcript_proportional
-wny0OAz3g8$_$1,5,"unions,",1.4929971988795518,1.8949579831932772,23888,30319,15,19,1492.997198879552,1894.9579831932772,45,55,1500.0,1800.0,1833.3333333333333,38,4,1.0,0.8,0.8,proportional,True,transcript_proportional
-wny0OAz3g8$_$1,6,many,1.8949579831932772,2.1246498599439776,30319,33994,19,22,1894.9579831932772,2124.6498599439774,57,64,1900.0,2100.0,2133.3333333333335,21,3,1.0,1.0,1.0,proportional,True,transcript_proportional
-wny0OAz3g8$_$1,7,Black,2.1246498599439776,2.411764705882353,33994,38588,22,25,2124.6498599439774,2411.7647058823527,66,73,2200.0,2400.0,2433.3333333333335,27,3,1.0,1.0,1.0,proportional,True,transcript_proportional
-wny0OAz3g8$_$1,8,workers,2.411764705882353,2.813725490196078,38588,45020,25,29,2411.7647058823527,2813.725490196078,75,85,2500.0,2800.0,2833.3333333333335,38,4,1.0,0.8,0.8,proportional,True,transcript_proportional
-wny0OAz3g8$_$1,9,couldn’t,2.813725490196078,3.273109243697479,45020,52370,29,33,2813.725490196078,3273.109243697479,87,97,2900.0,3200.0,3233.3333333333335,44,4,1.0,0.8,0.8,proportional,True,transcript_proportional
-wny0OAz3g8$_$1,10,get,3.273109243697479,3.4453781512605044,52370,55126,33,35,3273.109243697479,3445.378151260504,99,103,3300.0,3400.0,3433.3333333333335,15,2,1.0,1.0,1.0,proportional,True,transcript_proportional
-wny0OAz3g8$_$1,11,manufacturing,3.4453781512605044,4.19187675070028,55126,67070,35,42,3445.378151260504,4191.87675070028,105,124,3500.0,4100.0,4133.333333333333,73,7,1.0,0.875,0.875,proportional,True,transcript_proportional
-wny0OAz3g8$_$1,12,or,4.19187675070028,4.30672268907563,67070,68908,42,44,4191.87675070028,4306.72268907563,126,130,4200.0,4300.0,4333.333333333333,9,2,1.0,1.0,1.0,proportional,True,transcript_proportional
-wny0OAz3g8$_$1,13,trade,4.30672268907563,4.593837535014005,68908,73501,44,46,4306.72268907563,4593.837535014005,132,136,4400.0,4500.0,4533.333333333333,27,2,1.0,0.6666666666666666,0.6666666666666666,proportional,True,transcript_proportional
-wny0OAz3g8$_$1,14,work,4.593837535014005,4.823529411764706,73501,77176,46,49,4593.837535014005,4823.529411764705,138,145,4600.0,4800.0,4833.333333333333,21,3,1.0,1.0,1.0,proportional,True,transcript_proportional
-wny0OAz3g8$_$1,15,–,4.823529411764706,4.8809523809523805,77176,78095,49,49,4823.529411764705,4880.952380952381,-1,-1,,,,4,0,1.0,0.0,0.0,proportional,True,transcript_proportional
-wny0OAz3g8$_$1,16,which,4.8809523809523805,5.168067226890757,78095,82689,49,52,4880.952380952381,5168.0672268907565,147,154,4900.0,5100.0,5133.333333333333,27,3,1.0,1.0,1.0,proportional,True,transcript_proportional
-wny0OAz3g8$_$1,17,paid,5.168067226890757,5.397759103641456,82689,86364,52,54,5168.0672268907565,5397.759103641456,156,160,5200.0,5300.0,5333.333333333333,21,2,1.0,0.6666666666666666,0.6666666666666666,proportional,True,transcript_proportional
-wny0OAz3g8$_$1,18,much,5.397759103641456,5.627450980392156,86364,90039,54,57,5397.759103641456,5627.450980392156,162,169,5400.0,5600.0,5633.333333333333,21,3,1.0,1.0,1.0,proportional,True,transcript_proportional
-wny0OAz3g8$_$1,19,better,5.627450980392156,5.971988795518207,90039,95552,57,60,5627.450980392156,5971.988795518208,171,178,5700.0,5900.0,5933.333333333333,32,3,1.0,0.75,0.75,proportional,True,transcript_proportional
-wny0OAz3g8$_$1,20,than,5.971988795518207,6.201680672268908,95552,99227,60,63,5971.988795518208,6201.680672268908,180,187,6000.0,6200.0,6233.333333333333,21,3,1.0,1.0,1.0,proportional,True,transcript_proportional
-wny0OAz3g8$_$1,21,service,6.201680672268908,6.603641456582633,99227,105658,63,67,6201.680672268908,6603.641456582633,189,199,6300.0,6600.0,6633.333333333333,38,4,1.0,0.8,0.8,proportional,True,transcript_proportional
-wny0OAz3g8$_$1,22,work,6.603641456582633,6.833333333333333,105658,108425,67,69,6603.641456582633,6776.5625,201,205,6700.0,6800.0,6833.333333333333,15,2,0.7142857142857143,0.6666666666666666,0.6666666666666666,proportional,True,transcript_proportional
-wny0OAz3g8$_$0,0,trade,0.0,0.3703703703703703,0,5926,0,4,0.0,370.37037037037027,0,10,0.0,300.0,333.3333333333333,35,4,1.0,1.0,1.0,proportional,True,transcript_proportional
-wny0OAz3g8$_$0,1,labor,0.3703703703703703,0.7407407407407406,5926,11852,4,8,370.37037037037027,740.7407407407405,12,22,400.0,700.0,733.3333333333334,35,4,1.0,1.0,1.0,proportional,True,transcript_proportional
-wny0OAz3g8$_$0,2,unions,0.7407407407407406,1.1851851851851851,11852,18963,8,12,740.7407407407405,1185.1851851851852,24,34,800.0,1100.0,1133.3333333333333,42,4,1.0,0.8,0.8,proportional,True,transcript_proportional
-wny0OAz3g8$_$0,3,didn’t,1.1851851851851851,1.6296296296296295,18963,26074,12,17,1185.1851851851852,1629.6296296296296,36,49,1200.0,1600.0,1633.3333333333333,42,5,1.0,1.0,1.0,proportional,True,transcript_proportional
-wny0OAz3g8$_$0,4,allow,1.6296296296296295,1.9999999999999998,26074,32000,17,20,1629.6296296296296,1999.9999999999998,51,58,1700.0,1900.0,1933.3333333333333,35,3,1.0,0.75,0.75,proportional,True,transcript_proportional
-wny0OAz3g8$_$0,5,Black,1.9999999999999998,2.3703703703703702,32000,37926,20,24,1999.9999999999998,2370.3703703703704,60,70,2000.0,2300.0,2333.3333333333335,35,4,1.0,1.0,1.0,proportional,True,transcript_proportional
-wny0OAz3g8$_$0,6,workers,2.3703703703703702,2.888888888888889,37926,46222,24,29,2370.3703703703704,2888.8888888888887,72,85,2400.0,2800.0,2833.3333333333335,50,5,1.0,0.8333333333333334,0.8333333333333334,proportional,True,transcript_proportional
-wny0OAz3g8$_$0,7,to,2.888888888888889,3.0370370370370368,46222,48593,29,31,2888.8888888888887,3037.037037037037,87,91,2900.0,3000.0,3033.3333333333335,13,2,1.0,1.0,1.0,proportional,True,transcript_proportional
-wny0OAz3g8$_$0,8,join,3.0370370370370368,3.3333333333333335,48593,52385,31,34,3037.037037037037,3274.0625,93,100,3100.0,3300.0,3333.3333333333335,22,3,0.7857142857142857,1.0,0.7857142857142857,proportional,True,transcript_proportional
-wny0OAz3g8$_$3,0,Which,0.0,0.31292517006802717,0,5007,0,4,0.0,312.92517006802717,0,10,0.0,300.0,333.3333333333333,29,4,1.0,1.0,1.0,proportional,True,transcript_proportional
-wny0OAz3g8$_$3,1,then,0.31292517006802717,0.563265306122449,5007,9012,4,6,312.92517006802717,563.2653061224489,12,16,400.0,500.0,533.3333333333334,23,2,1.0,0.6666666666666666,0.6666666666666666,proportional,True,transcript_proportional
-wny0OAz3g8$_$3,2,allowed,0.563265306122449,1.001360544217687,9012,16022,6,11,563.2653061224489,1001.360544217687,18,31,600.0,1000.0,1033.3333333333333,42,5,1.0,1.0,1.0,proportional,True,transcript_proportional
-wny0OAz3g8$_$3,3,the,1.001360544217687,1.1891156462585033,16022,19026,11,12,1001.360544217687,1189.1156462585034,33,34,1100.0,1100.0,1133.3333333333333,17,1,1.0,0.5,0.5,proportional,True,transcript_proportional
-wny0OAz3g8$_$3,4,white,1.1891156462585033,1.5020408163265304,19026,24033,12,16,1189.1156462585034,1502.0408163265304,36,46,1200.0,1500.0,1533.3333333333333,29,4,1.0,1.0,1.0,proportional,True,transcript_proportional
-wny0OAz3g8$_$3,5,workers,1.5020408163265304,1.9401360544217687,24033,31042,16,20,1502.0408163265304,1940.1360544217687,48,58,1600.0,1900.0,1933.3333333333333,42,4,1.0,0.8,0.8,proportional,True,transcript_proportional
-wny0OAz3g8$_$3,6,and,1.9401360544217687,2.1278911564625846,31042,34046,20,22,1940.1360544217687,2127.8911564625846,60,64,2000.0,2100.0,2133.3333333333335,17,2,1.0,1.0,1.0,proportional,True,transcript_proportional
-wny0OAz3g8$_$3,7,unions,2.1278911564625846,2.5034013605442174,34046,40054,22,26,2127.8911564625846,2503.4013605442174,66,76,2200.0,2500.0,2533.3333333333335,36,4,1.0,1.0,1.0,proportional,True,transcript_proportional
-wny0OAz3g8$_$3,8,to,2.5034013605442174,2.628571428571428,40054,42057,26,27,2503.4013605442174,2628.571428571428,78,79,2600.0,2600.0,2633.3333333333335,11,1,1.0,0.5,0.5,proportional,True,transcript_proportional
-wny0OAz3g8$_$3,9,justify,2.628571428571428,3.0666666666666664,42057,49067,27,31,2628.571428571428,3066.6666666666665,81,91,2700.0,3000.0,3033.3333333333335,42,4,1.0,0.8,0.8,proportional,True,transcript_proportional
-wny0OAz3g8$_$3,10,their,3.0666666666666664,3.3795918367346935,49067,54073,31,34,3066.6666666666665,3379.5918367346935,93,100,3100.0,3300.0,3333.3333333333335,29,3,1.0,0.75,0.75,proportional,True,transcript_proportional
-wny0OAz3g8$_$3,11,decision,3.3795918367346935,3.8802721088435375,54073,62084,34,39,3379.5918367346935,3880.2721088435374,102,115,3400.0,3800.0,3833.3333333333335,48,5,1.0,0.8333333333333334,0.8333333333333334,proportional,True,transcript_proportional
-wny0OAz3g8$_$3,12,to,3.8802721088435375,4.005442176870748,62084,64087,39,41,3880.2721088435374,4005.442176870748,117,121,3900.0,4000.0,4033.3333333333335,11,2,1.0,1.0,1.0,proportional,True,transcript_proportional
-wny0OAz3g8$_$3,13,not,4.005442176870748,4.193197278911564,64087,67091,41,42,4005.442176870748,4193.197278911563,123,124,4100.0,4100.0,4133.333333333333,17,1,1.0,0.5,0.5,proportional,True,transcript_proportional
-wny0OAz3g8$_$3,14,allow,4.193197278911564,4.506122448979592,67091,72098,42,46,4193.197278911563,4506.122448979591,126,136,4200.0,4500.0,4533.333333333333,29,4,1.0,1.0,1.0,proportional,True,transcript_proportional
-wny0OAz3g8$_$3,15,black,4.506122448979592,4.819047619047619,72098,77105,46,49,4506.122448979591,4819.047619047618,138,145,4600.0,4800.0,4833.333333333333,29,3,1.0,0.75,0.75,proportional,True,transcript_proportional
-wny0OAz3g8$_$3,16,workers,4.819047619047619,5.257142857142856,77105,84114,49,53,4819.047619047618,5257.142857142856,147,157,4900.0,5200.0,5233.333333333333,42,4,1.0,0.8,0.8,proportional,True,transcript_proportional
-wny0OAz3g8$_$3,17,into,5.257142857142856,5.507482993197279,84114,88120,53,56,5257.142857142856,5507.482993197279,159,166,5300.0,5500.0,5533.333333333333,23,3,1.0,1.0,1.0,proportional,True,transcript_proportional
-wny0OAz3g8$_$3,18,their,5.507482993197279,5.820408163265306,88120,93127,56,59,5507.482993197279,5820.408163265306,168,175,5600.0,5800.0,5833.333333333333,29,3,1.0,0.75,0.75,proportional,True,transcript_proportional
-wny0OAz3g8$_$3,19,union,5.820408163265306,6.133333333333333,93127,97598,59,62,5820.408163265306,6099.875,177,184,5900.0,6100.0,6133.333333333333,26,3,0.896551724137931,0.75,0.75,proportional,True,transcript_proportional
-wny0OAz3g8$_$2,0,And,0.0,0.17391304347826086,0,2783,0,2,0.0,173.91304347826087,0,4,0.0,100.0,133.33333333333334,15,2,1.0,1.0,1.0,proportional,True,transcript_proportional
-wny0OAz3g8$_$2,1,because,0.17391304347826086,0.5797101449275363,2783,9275,2,6,173.91304347826087,579.7101449275362,6,16,200.0,500.0,533.3333333333334,39,4,1.0,0.8,0.8,proportional,True,transcript_proportional
-wny0OAz3g8$_$2,2,they,0.5797101449275363,0.8115942028985508,9275,12986,6,9,579.7101449275362,811.5942028985507,18,25,600.0,800.0,833.3333333333334,21,3,1.0,1.0,1.0,proportional,True,transcript_proportional
-wny0OAz3g8$_$2,3,couldn’t,0.8115942028985508,1.2753623188405798,12986,20406,9,13,811.5942028985507,1275.3623188405797,27,37,900.0,1200.0,1233.3333333333333,44,4,1.0,0.8,0.8,proportional,True,transcript_proportional
-wny0OAz3g8$_$2,4,get,1.2753623188405798,1.4492753623188408,20406,23188,13,15,1275.3623188405797,1449.2753623188407,39,43,1300.0,1400.0,1433.3333333333333,15,2,1.0,1.0,1.0,proportional,True,transcript_proportional
-wny0OAz3g8$_$2,5,these,1.4492753623188408,1.7391304347826086,23188,27826,15,18,1449.2753623188407,1739.1304347826087,45,52,1500.0,1700.0,1733.3333333333333,27,3,1.0,1.0,1.0,proportional,True,transcript_proportional
-wny0OAz3g8$_$2,6,"jobs,",1.7391304347826086,2.028985507246377,27826,32464,18,21,1739.1304347826087,2028.985507246377,54,61,1800.0,2000.0,2033.3333333333333,27,3,1.0,1.0,1.0,proportional,True,transcript_proportional
-wny0OAz3g8$_$2,7,Black,2.028985507246377,2.318840579710145,32464,37101,21,24,2028.985507246377,2318.840579710145,63,70,2100.0,2300.0,2333.3333333333335,27,3,1.0,1.0,1.0,proportional,True,transcript_proportional
-wny0OAz3g8$_$2,8,communities,2.318840579710145,2.9565217391304346,37101,47304,24,30,2318.840579710145,2956.5217391304345,72,88,2400.0,2900.0,2933.3333333333335,62,6,1.0,0.8571428571428571,0.8571428571428571,proportional,True,transcript_proportional
-wny0OAz3g8$_$2,9,had,2.9565217391304346,3.130434782608696,47304,50087,30,32,2956.5217391304345,3130.434782608696,90,94,3000.0,3100.0,3133.3333333333335,15,2,1.0,1.0,1.0,proportional,True,transcript_proportional
-wny0OAz3g8$_$2,10,more,3.130434782608696,3.3623188405797104,50087,53797,32,34,3130.434782608696,3362.3188405797105,96,100,3200.0,3300.0,3333.3333333333335,21,2,1.0,0.6666666666666666,0.6666666666666666,proportional,True,transcript_proportional
-wny0OAz3g8$_$2,11,men,3.3623188405797104,3.536231884057971,53797,56580,34,36,3362.3188405797105,3536.231884057971,102,106,3400.0,3500.0,3533.3333333333335,15,2,1.0,1.0,1.0,proportional,True,transcript_proportional
-wny0OAz3g8$_$2,12,out,3.536231884057971,3.710144927536232,56580,59362,36,38,3536.231884057971,3710.144927536232,108,112,3600.0,3700.0,3733.3333333333335,15,2,1.0,1.0,1.0,proportional,True,transcript_proportional
-wny0OAz3g8$_$2,13,of,3.710144927536232,3.8260869565217392,59362,61217,38,39,3710.144927536232,3826.0869565217395,114,115,3800.0,3800.0,3833.3333333333335,10,1,1.0,0.5,0.5,proportional,True,transcript_proportional
-wny0OAz3g8$_$2,14,"work,",3.8260869565217392,4.115942028985508,61217,65855,39,42,3826.0869565217395,4115.942028985508,117,124,3900.0,4100.0,4133.333333333333,27,3,1.0,1.0,1.0,proportional,True,transcript_proportional
-wny0OAz3g8$_$2,15,higher,4.115942028985508,4.463768115942029,65855,71420,42,45,4115.942028985508,4463.768115942029,126,133,4200.0,4400.0,4433.333333333333,33,3,1.0,0.75,0.75,proportional,True,transcript_proportional
-wny0OAz3g8$_$2,16,rates,4.463768115942029,4.753623188405798,71420,76058,45,48,4463.768115942029,4753.623188405798,135,142,4500.0,4700.0,4733.333333333333,27,3,1.0,1.0,1.0,proportional,True,transcript_proportional
-wny0OAz3g8$_$2,17,of,4.753623188405798,4.869565217391305,76058,77913,48,49,4753.623188405798,4869.565217391305,144,145,4800.0,4800.0,4833.333333333333,10,1,1.0,0.5,0.5,proportional,True,transcript_proportional
-wny0OAz3g8$_$2,18,"poverty,",4.869565217391305,5.333333333333334,77913,85333,49,54,4869.565217391305,5333.333333333334,147,160,4900.0,5300.0,5333.333333333333,44,5,1.0,1.0,1.0,proportional,True,transcript_proportional
-wny0OAz3g8$_$2,19,and,5.333333333333334,5.507246376811595,85333,88116,54,56,5333.333333333334,5507.246376811595,162,166,5400.0,5500.0,5533.333333333333,15,2,1.0,1.0,1.0,proportional,True,transcript_proportional
-wny0OAz3g8$_$2,20,more,5.507246376811595,5.739130434782608,88116,91826,56,58,5507.246376811595,5739.130434782608,168,172,5600.0,5700.0,5733.333333333333,21,2,1.0,0.6666666666666666,0.6666666666666666,proportional,True,transcript_proportional
-wny0OAz3g8$_$2,21,criminal,5.739130434782608,6.202898550724638,91826,99246,58,63,5739.130434782608,6202.898550724638,174,187,5800.0,6200.0,6233.333333333333,44,5,1.0,1.0,1.0,proportional,True,transcript_proportional
-wny0OAz3g8$_$2,22,behavior,6.202898550724638,6.666666666666667,99246,104364,63,67,6202.898550724638,6522.75,189,197,6300.0,6633.333333333334,6666.666666666667,30,4,0.6818181818181818,0.8,0.6818181818181818,proportional,True,transcript_proportional
-wny0OAz3g8$_$5,0,This,0.0,0.26037735849056604,0,4166,0,3,0.0,260.37735849056605,0,7,0.0,200.0,233.33333333333334,24,3,1.0,1.0,1.0,proportional,True,transcript_proportional
-wny0OAz3g8$_$5,1,is,0.26037735849056604,0.390566037735849,4166,6249,3,4,260.37735849056605,390.566037735849,9,10,300.0,300.0,333.3333333333333,11,1,1.0,0.5,0.5,proportional,True,transcript_proportional
-wny0OAz3g8$_$5,2,what’s,0.390566037735849,0.781132075471698,6249,12498,4,8,390.566037735849,781.132075471698,12,22,400.0,700.0,733.3333333333334,37,4,1.0,1.0,1.0,proportional,True,transcript_proportional
-wny0OAz3g8$_$5,3,now,0.781132075471698,0.9764150943396225,12498,15623,8,10,781.132075471698,976.4150943396224,24,28,800.0,900.0,933.3333333333334,18,2,1.0,1.0,1.0,proportional,True,transcript_proportional
-wny0OAz3g8$_$5,4,known,0.9764150943396225,1.3018867924528301,15623,20830,10,14,976.4150943396224,1301.8867924528302,30,40,1000.0,1300.0,1333.3333333333333,31,4,1.0,1.0,1.0,proportional,True,transcript_proportional
-wny0OAz3g8$_$5,5,as,1.3018867924528301,1.432075471698113,20830,22913,14,15,1301.8867924528302,1432.075471698113,42,43,1400.0,1400.0,1433.3333333333333,11,1,1.0,0.5,0.5,proportional,True,transcript_proportional
-wny0OAz3g8$_$5,6,racial,1.432075471698113,1.822641509433962,22913,29162,15,19,1432.075471698113,1822.641509433962,45,55,1500.0,1800.0,1833.3333333333333,37,4,1.0,1.0,1.0,proportional,True,transcript_proportional
-wny0OAz3g8$_$5,7,formation,1.822641509433962,2.408490566037736,29162,38536,19,25,1822.641509433962,2408.490566037736,57,73,1900.0,2400.0,2433.3333333333335,57,6,1.0,1.0,1.0,proportional,True,transcript_proportional
-wny0OAz3g8$_$5,8,"theory,",2.408490566037736,2.864150943396226,38536,45826,25,29,2408.490566037736,2864.150943396226,75,85,2500.0,2800.0,2833.3333333333335,44,4,1.0,0.8,0.8,proportional,True,transcript_proportional
-wny0OAz3g8$_$5,9,a,2.864150943396226,2.9292452830188678,45826,46868,29,30,2864.150943396226,2929.2452830188677,87,88,2900.0,2900.0,2933.3333333333335,5,1,1.0,1.0,1.0,proportional,True,transcript_proportional
-wny0OAz3g8$_$5,10,theory,2.9292452830188678,3.3198113207547166,46868,53117,30,34,2929.2452830188677,3319.8113207547167,90,100,3000.0,3300.0,3333.3333333333335,37,4,1.0,1.0,1.0,proportional,True,transcript_proportional
-wny0OAz3g8$_$5,11,formalized,3.3198113207547166,3.9707547169811317,53117,63532,34,40,3319.8113207547167,3970.754716981132,102,118,3400.0,3900.0,3933.3333333333335,63,6,1.0,0.8571428571428571,0.8571428571428571,proportional,True,transcript_proportional
-wny0OAz3g8$_$5,12,by,3.9707547169811317,4.100943396226415,63532,65615,40,42,3970.754716981132,4100.943396226416,120,124,4000.0,4100.0,4133.333333333333,11,2,1.0,1.0,1.0,proportional,True,transcript_proportional
-wny0OAz3g8$_$5,13,modern,4.100943396226415,4.491509433962264,65615,71864,42,45,4100.943396226416,4491.509433962264,126,133,4200.0,4400.0,4433.333333333333,37,3,1.0,0.75,0.75,proportional,True,transcript_proportional
-wny0OAz3g8$_$5,14,sociologists,4.491509433962264,5.272641509433962,71864,84362,45,53,4491.509433962264,5272.641509433962,135,157,4500.0,5200.0,5233.333333333333,76,8,1.0,1.0,1.0,proportional,True,transcript_proportional
-wny0OAz3g8$_$5,15,Michael,5.272641509433962,5.728301886792452,84362,91653,53,58,5272.641509433962,5728.301886792452,159,172,5300.0,5700.0,5733.333333333333,44,5,1.0,1.0,1.0,proportional,True,transcript_proportional
-wny0OAz3g8$_$5,16,Omi,5.728301886792452,5.923584905660377,91653,94777,58,60,5728.301886792452,5923.5849056603765,174,178,5800.0,5900.0,5933.333333333333,18,2,1.0,1.0,1.0,proportional,True,transcript_proportional
-wny0OAz3g8$_$5,17,and,5.923584905660377,6.118867924528301,94777,97902,60,62,5923.5849056603765,6118.867924528301,180,184,6000.0,6100.0,6133.333333333333,18,2,1.0,1.0,1.0,proportional,True,transcript_proportional
-wny0OAz3g8$_$5,18,Howard,6.118867924528301,6.509433962264151,97902,104151,62,66,6118.867924528301,6509.433962264151,186,196,6200.0,6500.0,6533.333333333333,37,4,1.0,1.0,1.0,proportional,True,transcript_proportional
-wny0OAz3g8$_$5,19,Winant,6.509433962264151,6.8999999999999995,104151,107863,66,69,6509.433962264151,6741.4375,198,204,6600.0,6866.666666666666,6899.999999999999,21,3,0.5675675675675675,0.75,0.5675675675675675,proportional,True,transcript_proportional
-wny0OAz3g8$_$7,0,Omi,0.0,0.18759689922480619,0,3002,0,2,0.0,187.59689922480618,0,4,0.0,100.0,133.33333333333334,17,2,1.0,1.0,1.0,proportional,True,transcript_proportional
-wny0OAz3g8$_$7,1,and,0.18759689922480619,0.37519379844961237,3002,6003,2,4,187.59689922480618,375.19379844961236,6,10,200.0,300.0,333.3333333333333,17,2,1.0,1.0,1.0,proportional,True,transcript_proportional
-wny0OAz3g8$_$7,2,Winant,0.37519379844961237,0.7503875968992247,6003,12006,4,8,375.19379844961236,750.3875968992247,12,22,400.0,700.0,733.3333333333334,36,4,1.0,1.0,1.0,proportional,True,transcript_proportional
-wny0OAz3g8$_$7,3,argue,0.7503875968992247,1.0630490956072352,12006,17009,8,11,750.3875968992247,1063.0490956072351,24,31,800.0,1000.0,1033.3333333333333,29,3,1.0,0.75,0.75,proportional,True,transcript_proportional
-wny0OAz3g8$_$7,4,that,1.0630490956072352,1.3131782945736434,17009,21011,11,14,1063.0490956072351,1313.1782945736434,33,40,1100.0,1300.0,1333.3333333333333,23,3,1.0,1.0,1.0,proportional,True,transcript_proportional
-wny0OAz3g8$_$7,5,the,1.3131782945736434,1.5007751937984495,21011,24012,14,16,1313.1782945736434,1500.7751937984494,42,46,1400.0,1500.0,1533.3333333333333,17,2,1.0,1.0,1.0,proportional,True,transcript_proportional
-wny0OAz3g8$_$7,6,concept,1.5007751937984495,1.938501291989664,24012,31016,16,20,1500.7751937984494,1938.501291989664,48,58,1600.0,1900.0,1933.3333333333333,42,4,1.0,0.8,0.8,proportional,True,transcript_proportional
-wny0OAz3g8$_$7,7,of,1.938501291989664,2.063565891472868,31016,33017,20,21,1938.501291989664,2063.565891472868,60,61,2000.0,2000.0,2033.3333333333333,11,1,1.0,0.5,0.5,proportional,True,transcript_proportional
-wny0OAz3g8$_$7,8,race,2.063565891472868,2.313695090439276,33017,37019,21,24,2063.565891472868,2313.695090439276,63,70,2100.0,2300.0,2333.3333333333335,23,3,1.0,1.0,1.0,proportional,True,transcript_proportional
-wny0OAz3g8$_$7,9,came,2.313695090439276,2.563824289405685,37019,41021,24,26,2313.695090439276,2563.8242894056852,72,76,2400.0,2500.0,2533.3333333333335,23,2,1.0,0.6666666666666666,0.6666666666666666,proportional,True,transcript_proportional
-wny0OAz3g8$_$7,10,about,2.563824289405685,2.876485788113695,41021,46024,26,29,2563.8242894056852,2876.485788113695,78,85,2600.0,2800.0,2833.3333333333335,29,3,1.0,0.75,0.75,proportional,True,transcript_proportional
-wny0OAz3g8$_$7,11,as,2.876485788113695,3.001550387596899,46024,48025,29,31,2876.485788113695,3001.550387596899,87,91,2900.0,3000.0,3033.3333333333335,11,2,1.0,1.0,1.0,proportional,True,transcript_proportional
-wny0OAz3g8$_$7,12,a,3.001550387596899,3.064082687338501,48025,49025,31,31,3001.550387596899,3064.0826873385013,-1,-1,,,,4,0,1.0,0.0,0.0,proportional,True,transcript_proportional
-wny0OAz3g8$_$7,13,tool,3.064082687338501,3.3142118863049093,49025,53027,31,34,3064.0826873385013,3314.211886304909,93,100,3100.0,3300.0,3333.3333333333335,23,3,1.0,1.0,1.0,proportional,True,transcript_proportional
-wny0OAz3g8$_$7,14,to,3.3142118863049093,3.4392764857881133,53027,55028,34,35,3314.211886304909,3439.2764857881134,102,103,3400.0,3400.0,3433.3333333333335,11,1,1.0,0.5,0.5,proportional,True,transcript_proportional
-wny0OAz3g8$_$7,15,justify,3.4392764857881133,3.877002583979328,55028,62032,35,39,3439.2764857881134,3877.002583979328,105,115,3500.0,3800.0,3833.3333333333335,42,4,1.0,0.8,0.8,proportional,True,transcript_proportional
-wny0OAz3g8$_$7,16,and,3.877002583979328,4.064599483204135,62032,65034,39,41,3877.002583979328,4064.5994832041347,117,121,3900.0,4000.0,4033.3333333333335,17,2,1.0,1.0,1.0,proportional,True,transcript_proportional
-wny0OAz3g8$_$7,17,maintain,4.064599483204135,4.564857881136951,65034,73038,41,46,4064.5994832041347,4564.857881136951,123,136,4100.0,4500.0,4533.333333333333,48,5,1.0,0.8333333333333334,0.8333333333333334,proportional,True,transcript_proportional
-wny0OAz3g8$_$7,18,the,4.564857881136951,4.752454780361757,73038,76039,46,48,4564.857881136951,4752.454780361757,138,142,4600.0,4700.0,4733.333333333333,17,2,1.0,1.0,1.0,proportional,True,transcript_proportional
-wny0OAz3g8$_$7,19,economic,4.752454780361757,5.252713178294574,76039,84043,48,53,4752.454780361757,5252.7131782945735,144,157,4800.0,5200.0,5233.333333333333,48,5,1.0,0.8333333333333334,0.8333333333333334,proportional,True,transcript_proportional
-wny0OAz3g8$_$7,20,and,5.252713178294574,5.44031007751938,84043,87045,53,55,5252.7131782945735,5440.31007751938,159,163,5300.0,5400.0,5433.333333333333,17,2,1.0,1.0,1.0,proportional,True,transcript_proportional
-wny0OAz3g8$_$7,21,political,5.44031007751938,6.003100775193798,87045,96050,55,61,5440.31007751938,6003.100775193798,165,181,5500.0,6000.0,6033.333333333333,54,6,1.0,1.0,1.0,proportional,True,transcript_proportional
-wny0OAz3g8$_$7,22,power,6.003100775193798,6.315762273901809,96050,101052,61,64,6003.100775193798,6315.762273901809,183,190,6100.0,6300.0,6333.333333333333,29,3,1.0,0.75,0.75,proportional,True,transcript_proportional
-wny0OAz3g8$_$7,23,held,6.315762273901809,6.565891472868217,101052,105054,64,66,6315.762273901809,6565.8914728682175,192,196,6400.0,6500.0,6533.333333333333,23,2,1.0,0.6666666666666666,0.6666666666666666,proportional,True,transcript_proportional
-wny0OAz3g8$_$7,24,by,6.565891472868217,6.690956072351421,105054,107055,66,67,6565.8914728682175,6690.9560723514205,198,199,6600.0,6600.0,6633.333333333333,11,1,1.0,0.5,0.5,proportional,True,transcript_proportional
-wny0OAz3g8$_$7,25,those,6.690956072351421,7.003617571059432,107055,112058,67,71,6690.9560723514205,7003.617571059432,201,211,6700.0,7000.0,7033.333333333333,29,4,1.0,1.0,1.0,proportional,True,transcript_proportional
-wny0OAz3g8$_$7,26,of,7.003617571059432,7.1286821705426355,112058,114059,71,72,7003.617571059432,7128.6821705426355,213,214,7100.0,7100.0,7133.333333333333,11,1,1.0,0.5,0.5,proportional,True,transcript_proportional
-wny0OAz3g8$_$7,27,European,7.1286821705426355,7.6289405684754525,114059,122063,72,77,7128.6821705426355,7628.940568475453,216,229,7200.0,7600.0,7633.333333333333,48,5,1.0,0.8333333333333334,0.8333333333333334,proportional,True,transcript_proportional
-wny0OAz3g8$_$7,28,descent,7.6289405684754525,8.066666666666666,122063,126568,77,81,7628.940568475453,7910.5,231,240,7700.0,8033.333333333333,8066.666666666666,26,4,0.6190476190476191,0.8,0.6190476190476191,proportional,True,transcript_proportional
-wny0OAz3g8$_$9,0,He,0.0,0.12525252525252525,0,2004,0,2,0.0,125.25252525252526,0,4,0.0,100.0,133.33333333333334,11,2,1.0,1.0,1.0,proportional,True,transcript_proportional
-wny0OAz3g8$_$9,1,explores,0.12525252525252525,0.6262626262626263,2004,10020,2,7,125.25252525252526,626.2626262626263,6,19,200.0,600.0,633.3333333333334,48,5,1.0,0.8333333333333334,0.8333333333333334,proportional,True,transcript_proportional
-wny0OAz3g8$_$9,2,why,0.6262626262626263,0.8141414141414143,10020,13026,7,9,626.2626262626263,814.1414141414143,21,25,700.0,800.0,833.3333333333334,17,2,1.0,1.0,1.0,proportional,True,transcript_proportional
-wny0OAz3g8$_$9,3,Black,0.8141414141414143,1.1272727272727274,13026,18036,9,12,814.1414141414143,1127.2727272727275,27,34,900.0,1100.0,1133.3333333333333,29,3,1.0,0.75,0.75,proportional,True,transcript_proportional
-wny0OAz3g8$_$9,4,and,1.1272727272727274,1.3151515151515154,18036,21042,12,14,1127.2727272727275,1315.1515151515155,36,40,1200.0,1300.0,1333.3333333333333,17,2,1.0,1.0,1.0,proportional,True,transcript_proportional
-wny0OAz3g8$_$9,5,White,1.3151515151515154,1.6282828282828286,21042,26053,14,17,1315.1515151515155,1628.2828282828286,42,49,1400.0,1600.0,1633.3333333333333,29,3,1.0,0.75,0.75,proportional,True,transcript_proportional
-wny0OAz3g8$_$9,6,Americans,1.6282828282828286,2.191919191919192,26053,35071,17,22,1628.2828282828286,2191.919191919192,51,64,1700.0,2100.0,2133.3333333333335,54,5,1.0,0.8333333333333334,0.8333333333333334,proportional,True,transcript_proportional
-wny0OAz3g8$_$9,7,tend,2.191919191919192,2.4424242424242424,35071,39079,22,25,2191.919191919192,2442.4242424242425,66,73,2200.0,2400.0,2433.3333333333335,23,3,1.0,1.0,1.0,proportional,True,transcript_proportional
-wny0OAz3g8$_$9,8,to,2.4424242424242424,2.567676767676768,39079,41083,25,26,2442.4242424242425,2567.676767676768,75,76,2500.0,2500.0,2533.3333333333335,11,1,1.0,0.5,0.5,proportional,True,transcript_proportional
-wny0OAz3g8$_$9,9,have,2.567676767676768,2.8181818181818183,41083,45091,26,29,2567.676767676768,2818.1818181818185,78,85,2600.0,2800.0,2833.3333333333335,23,3,1.0,1.0,1.0,proportional,True,transcript_proportional
-wny0OAz3g8$_$9,10,such,2.8181818181818183,3.0686868686868687,45091,49099,29,31,2818.1818181818185,3068.686868686869,87,91,2900.0,3000.0,3033.3333333333335,23,2,1.0,0.6666666666666666,0.6666666666666666,proportional,True,transcript_proportional
-wny0OAz3g8$_$9,11,different,3.0686868686868687,3.6323232323232326,49099,58117,31,37,3068.686868686869,3632.323232323233,93,109,3100.0,3600.0,3633.3333333333335,54,6,1.0,1.0,1.0,proportional,True,transcript_proportional
-wny0OAz3g8$_$9,12,outcomes,3.6323232323232326,4.133333333333333,58117,66133,37,42,3632.323232323233,4133.333333333333,111,124,3700.0,4100.0,4133.333333333333,48,5,1.0,0.8333333333333334,0.8333333333333334,proportional,True,transcript_proportional
-wny0OAz3g8$_$9,13,in,4.133333333333333,4.2585858585858585,66133,68137,42,43,4133.333333333333,4258.585858585859,126,127,4200.0,4200.0,4233.333333333333,11,1,1.0,0.5,0.5,proportional,True,transcript_proportional
-wny0OAz3g8$_$9,14,terms,4.2585858585858585,4.571717171717172,68137,73147,43,46,4258.585858585859,4571.717171717171,129,136,4300.0,4500.0,4533.333333333333,29,3,1.0,0.75,0.75,proportional,True,transcript_proportional
-wny0OAz3g8$_$9,15,of,4.571717171717172,4.696969696969697,73147,75152,46,47,4571.717171717171,4696.969696969697,138,139,4600.0,4600.0,4633.333333333333,11,1,1.0,0.5,0.5,proportional,True,transcript_proportional
-wny0OAz3g8$_$9,16,"income,",4.696969696969697,5.135353535353536,75152,82166,47,52,4696.969696969697,5135.353535353536,141,154,4700.0,5100.0,5133.333333333333,42,5,1.0,1.0,1.0,proportional,True,transcript_proportional
-wny0OAz3g8$_$9,17,"education,",5.135353535353536,5.761616161616161,82166,92186,52,58,5135.353535353536,5761.616161616162,156,172,5200.0,5700.0,5733.333333333333,61,6,1.0,0.8571428571428571,0.8571428571428571,proportional,True,transcript_proportional
-wny0OAz3g8$_$9,18,and,5.761616161616161,5.94949494949495,92186,95192,58,60,5761.616161616162,5949.49494949495,174,178,5800.0,5900.0,5933.333333333333,17,2,1.0,1.0,1.0,proportional,True,transcript_proportional
-wny0OAz3g8$_$9,19,more,5.94949494949495,6.200000000000001,95192,96696,60,62,5949.49494949495,6043.5,180,183,6000.0,6166.666666666667,6200.0,7,2,0.30434782608695654,0.6666666666666666,0.30434782608695654,proportional,True,transcript_proportional
-571d8cVauQ$_$0,0,This,0.0,0.3387978142076503,0,5421,0,4,0.0,338.79781420765033,0,10,0.0,300.0,333.3333333333333,32,4,1.0,1.0,1.0,proportional,True,transcript_proportional
-571d8cVauQ$_$0,1,is,0.3387978142076503,0.5081967213114754,5421,8131,4,6,338.79781420765033,508.1967213114754,12,16,400.0,500.0,533.3333333333334,15,2,1.0,1.0,1.0,proportional,True,transcript_proportional
-571d8cVauQ$_$0,2,Rhett,0.5081967213114754,0.9316939890710383,8131,14907,6,10,508.1967213114754,931.6939890710382,18,28,600.0,900.0,933.3333333333334,40,4,1.0,0.8,0.8,proportional,True,transcript_proportional
-571d8cVauQ$_$0,3,"Reiger,",0.9316939890710383,1.5245901639344261,14907,24393,10,16,931.6939890710382,1524.590163934426,30,46,1000.0,1500.0,1533.3333333333333,57,6,1.0,1.0,1.0,proportional,True,transcript_proportional
-571d8cVauQ$_$0,4,White,1.5245901639344261,1.9480874316939891,24393,31169,16,20,1524.590163934426,1948.0874316939892,48,58,1600.0,1900.0,1933.3333333333333,40,4,1.0,0.8,0.8,proportional,True,transcript_proportional
-571d8cVauQ$_$0,5,Caspian,1.9480874316939891,2.540983606557377,31169,40656,20,26,1948.0874316939892,2540.983606557377,60,76,2000.0,2500.0,2533.3333333333335,57,6,1.0,1.0,1.0,proportional,True,transcript_proportional
-571d8cVauQ$_$0,6,Studios,2.540983606557377,3.1338797814207653,40656,50142,26,32,2540.983606557377,3133.879781420765,78,94,2600.0,3100.0,3133.3333333333335,57,6,1.0,1.0,1.0,proportional,True,transcript_proportional
-571d8cVauQ$_$0,7,on,3.1338797814207653,3.30327868852459,50142,52852,32,34,3133.879781420765,3303.27868852459,96,100,3200.0,3300.0,3333.3333333333335,15,2,1.0,1.0,1.0,proportional,True,transcript_proportional
-571d8cVauQ$_$0,8,behalf,3.30327868852459,3.8114754098360657,52852,60984,34,39,3303.27868852459,3811.475409836066,102,115,3400.0,3800.0,3833.3333333333335,49,5,1.0,0.8333333333333334,0.8333333333333334,proportional,True,transcript_proportional
-571d8cVauQ$_$0,9,of,3.8114754098360657,3.980874316939891,60984,63694,39,40,3811.475409836066,3980.874316939891,117,118,3900.0,3900.0,3933.3333333333335,15,1,1.0,0.5,0.5,proportional,True,transcript_proportional
-571d8cVauQ$_$0,10,Expert,3.980874316939891,4.4890710382513666,63694,71825,40,45,3980.874316939891,4489.071038251366,120,133,4000.0,4400.0,4433.333333333333,49,5,1.0,0.8333333333333334,0.8333333333333334,proportional,True,transcript_proportional
-571d8cVauQ$_$0,11,Village.,4.4890710382513666,5.166666666666667,71825,79877,45,52,4489.071038251366,4992.3125,135,152,4500.0,5133.333333333334,5166.666666666667,48,7,0.7272727272727273,1.0,0.7272727272727273,proportional,True,transcript_proportional
-571d8cVauQ$_$5,0,So,0.0,0.16327985739750445,0,2612,0,2,0.0,163.27985739750446,0,4,0.0,100.0,133.33333333333334,14,2,1.0,1.0,1.0,proportional,True,transcript_proportional
-571d8cVauQ$_$5,1,very,0.16327985739750445,0.48983957219251334,2612,7837,2,5,163.27985739750446,489.83957219251334,6,13,200.0,400.0,433.3333333333333,31,3,1.0,0.75,0.75,proportional,True,transcript_proportional
-571d8cVauQ$_$5,2,important,0.48983957219251334,1.2245989304812834,7837,19594,5,13,489.83957219251334,1224.5989304812833,15,37,500.0,1200.0,1233.3333333333333,71,8,1.0,1.0,1.0,proportional,True,transcript_proportional
-571d8cVauQ$_$5,3,to,1.2245989304812834,1.3878787878787877,19594,22206,13,14,1224.5989304812833,1387.8787878787878,39,40,1300.0,1300.0,1333.3333333333333,14,1,1.0,0.5,0.5,proportional,True,transcript_proportional
-571d8cVauQ$_$5,4,go,1.3878787878787877,1.5511586452762922,22206,24819,14,16,1387.8787878787878,1551.1586452762922,42,46,1400.0,1500.0,1533.3333333333333,14,2,1.0,1.0,1.0,proportional,True,transcript_proportional
-571d8cVauQ$_$5,5,out,1.5511586452762922,1.796078431372549,24819,28737,16,18,1551.1586452762922,1796.0784313725492,48,52,1600.0,1700.0,1733.3333333333333,22,2,1.0,0.6666666666666666,0.6666666666666666,proportional,True,transcript_proportional
-571d8cVauQ$_$5,6,to,1.796078431372549,1.9593582887700534,28737,31350,18,20,1796.0784313725492,1959.3582887700534,54,58,1800.0,1900.0,1933.3333333333333,14,2,1.0,1.0,1.0,proportional,True,transcript_proportional
-571d8cVauQ$_$5,7,the,1.9593582887700534,2.20427807486631,31350,35268,20,23,1959.3582887700534,2204.27807486631,60,67,2000.0,2200.0,2233.3333333333335,22,3,1.0,1.0,1.0,proportional,True,transcript_proportional
-571d8cVauQ$_$5,8,"locations,",2.20427807486631,3.0206773618538323,35268,48331,23,31,2204.27807486631,3020.6773618538323,69,91,2300.0,3000.0,3033.3333333333335,80,8,1.0,0.8888888888888888,0.8888888888888888,proportional,True,transcript_proportional
-571d8cVauQ$_$5,9,walk,3.0206773618538323,3.3472370766488413,48331,53556,31,34,3020.6773618538323,3347.237076648841,93,100,3100.0,3300.0,3333.3333333333335,31,3,1.0,0.75,0.75,proportional,True,transcript_proportional
-571d8cVauQ$_$5,10,"around,",3.3472370766488413,3.9187165775401067,53556,62699,34,40,3347.237076648841,3918.7165775401068,102,118,3400.0,3900.0,3933.3333333333335,55,6,1.0,1.0,1.0,proportional,True,transcript_proportional
-571d8cVauQ$_$5,11,talk,3.9187165775401067,4.245276292335116,62699,67924,40,43,3918.7165775401068,4245.276292335116,120,127,4000.0,4200.0,4233.333333333333,31,3,1.0,0.75,0.75,proportional,True,transcript_proportional
-571d8cVauQ$_$5,12,with,4.245276292335116,4.571836007130124,67924,73149,43,46,4245.276292335116,4571.836007130124,129,136,4300.0,4500.0,4533.333333333333,31,3,1.0,0.75,0.75,proportional,True,transcript_proportional
-571d8cVauQ$_$5,13,the,4.571836007130124,4.816755793226381,73149,77068,46,49,4571.836007130124,4816.755793226381,138,145,4600.0,4800.0,4833.333333333333,22,3,1.0,1.0,1.0,proportional,True,transcript_proportional
-571d8cVauQ$_$5,14,owners,4.816755793226381,5.306595365418894,77068,84906,49,54,4816.755793226381,5306.595365418894,147,160,4900.0,5300.0,5333.333333333333,47,5,1.0,1.0,1.0,proportional,True,transcript_proportional
-571d8cVauQ$_$5,15,if,5.306595365418894,5.469875222816399,84906,87518,54,55,5306.595365418894,5469.875222816399,162,163,5400.0,5400.0,5433.333333333333,14,1,1.0,0.5,0.5,proportional,True,transcript_proportional
-571d8cVauQ$_$5,16,you,5.469875222816399,5.714795008912655,87518,91437,55,58,5469.875222816399,5714.795008912655,165,172,5500.0,5700.0,5733.333333333333,22,3,1.0,1.0,1.0,proportional,True,transcript_proportional
-571d8cVauQ$_$5,17,"can,",5.714795008912655,6.041354723707665,91437,96662,58,61,5714.795008912655,6041.354723707665,174,181,5800.0,6000.0,6033.333333333333,31,3,1.0,0.75,0.75,proportional,True,transcript_proportional
-571d8cVauQ$_$5,18,tell,6.041354723707665,6.367914438502673,96662,101887,61,64,6041.354723707665,6367.914438502673,183,190,6100.0,6300.0,6333.333333333333,31,3,1.0,0.75,0.75,proportional,True,transcript_proportional
-571d8cVauQ$_$5,19,them,6.367914438502673,6.694474153297683,101887,107112,64,67,6367.914438502673,6694.474153297682,192,199,6400.0,6600.0,6633.333333333333,31,3,1.0,0.75,0.75,proportional,True,transcript_proportional
-571d8cVauQ$_$5,20,what,6.694474153297683,7.021033868092691,107112,112337,67,71,6694.474153297682,7021.033868092692,201,211,6700.0,7000.0,7033.333333333333,31,4,1.0,1.0,1.0,proportional,True,transcript_proportional
-571d8cVauQ$_$5,21,you're,7.021033868092691,7.510873440285205,112337,120174,71,76,7021.033868092692,7510.873440285205,213,226,7100.0,7500.0,7533.333333333333,47,5,1.0,1.0,1.0,proportional,True,transcript_proportional
-571d8cVauQ$_$5,22,"doing,",7.510873440285205,8.000713012477718,120174,128011,76,81,7510.873440285205,8000.713012477718,228,241,7600.0,8000.0,8033.333333333333,47,5,1.0,1.0,1.0,proportional,True,transcript_proportional
-571d8cVauQ$_$5,23,build,8.000713012477718,8.408912655971479,128011,134543,81,85,8000.713012477718,8408.912655971479,243,253,8100.0,8400.0,8433.333333333334,39,4,1.0,0.8,0.8,proportional,True,transcript_proportional
-571d8cVauQ$_$5,24,a,8.408912655971479,8.490552584670231,134543,135849,85,85,8408.912655971479,8490.552584670231,-1,-1,,,,6,0,1.0,0.0,0.0,proportional,True,transcript_proportional
-571d8cVauQ$_$5,25,little,8.490552584670231,8.980392156862745,135849,143686,85,90,8490.552584670231,8980.392156862745,255,268,8500.0,8900.0,8933.333333333334,47,5,1.0,1.0,1.0,proportional,True,transcript_proportional
-571d8cVauQ$_$5,26,"excitement,",8.980392156862745,9.87843137254902,143686,158055,90,99,8980.392156862745,9878.43137254902,270,295,9000.0,9800.0,9833.333333333334,88,9,1.0,1.0,1.0,proportional,True,transcript_proportional
-571d8cVauQ$_$5,27,put,9.87843137254902,10.123351158645276,158055,161974,99,102,9878.43137254902,10123.351158645277,297,304,9900.0,10100.0,10133.333333333334,22,3,1.0,1.0,1.0,proportional,True,transcript_proportional
-571d8cVauQ$_$5,28,a,10.123351158645276,10.204991087344029,161974,163280,102,103,10123.351158645277,10204.99108734403,306,307,10200.0,10200.0,10233.333333333334,6,1,1.0,1.0,1.0,proportional,True,transcript_proportional
-571d8cVauQ$_$5,29,little,10.204991087344029,10.69483065953654,163280,171117,103,107,10204.99108734403,10694.830659536541,309,319,10300.0,10600.0,10633.333333333334,47,4,1.0,0.8,0.8,proportional,True,transcript_proportional
-571d8cVauQ$_$5,30,glitz,10.69483065953654,11.103030303030302,171117,177648,107,112,10694.830659536541,11103.030303030302,321,334,10700.0,11100.0,11133.333333333334,39,5,1.0,1.0,1.0,proportional,True,transcript_proportional
-571d8cVauQ$_$5,31,on,11.103030303030302,11.266310160427807,177648,180261,112,113,11103.030303030302,11266.310160427807,336,337,11200.0,11200.0,11233.333333333334,14,1,1.0,0.5,0.5,proportional,True,transcript_proportional
-571d8cVauQ$_$5,32,there,11.266310160427807,11.674509803921568,180261,186792,113,117,11266.310160427807,11674.509803921568,339,349,11300.0,11600.0,11633.333333333334,39,4,1.0,0.8,0.8,proportional,True,transcript_proportional
-571d8cVauQ$_$5,33,and,11.674509803921568,11.919429590017826,186792,190711,117,120,11674.509803921568,11919.429590017826,351,358,11700.0,11900.0,11933.333333333334,22,3,1.0,1.0,1.0,proportional,True,transcript_proportional
-571d8cVauQ$_$5,34,let,11.919429590017826,12.164349376114082,190711,194630,120,122,11919.429590017826,12164.349376114082,360,364,12000.0,12100.0,12133.333333333334,22,2,1.0,0.6666666666666666,0.6666666666666666,proportional,True,transcript_proportional
-571d8cVauQ$_$5,35,everybody,12.164349376114082,12.899108734402851,194630,206386,122,129,12164.349376114082,12899.108734402851,366,385,12200.0,12800.0,12833.333333333334,71,7,1.0,0.875,0.875,proportional,True,transcript_proportional
-571d8cVauQ$_$5,36,knows,12.899108734402851,13.307308377896613,206386,212917,129,134,12899.108734402851,13307.308377896612,387,400,12900.0,13300.0,13333.333333333334,39,5,1.0,1.0,1.0,proportional,True,transcript_proportional
-571d8cVauQ$_$5,37,this,13.307308377896613,13.633868092691621,212917,218142,134,137,13307.308377896612,13633.86809269162,402,409,13400.0,13600.0,13633.333333333334,31,3,1.0,0.75,0.75,proportional,True,transcript_proportional
-571d8cVauQ$_$5,38,is,13.633868092691621,13.797147950089126,218142,220754,137,138,13633.86809269162,13797.147950089126,411,412,13700.0,13700.0,13733.333333333334,14,1,1.0,0.5,0.5,proportional,True,transcript_proportional
-571d8cVauQ$_$5,39,a,13.797147950089126,13.878787878787877,220754,222061,138,139,13797.147950089126,13878.787878787876,414,415,13800.0,13800.0,13833.333333333334,6,1,1.0,1.0,1.0,proportional,True,transcript_proportional
-571d8cVauQ$_$5,40,very,13.878787878787877,14.205347593582886,222061,227286,139,143,13878.787878787876,14205.347593582886,417,427,13900.0,14200.0,14233.333333333334,31,4,1.0,1.0,1.0,proportional,True,transcript_proportional
-571d8cVauQ$_$5,41,valuable,14.205347593582886,14.858467023172905,227286,237735,143,149,14205.347593582886,14858.467023172905,429,445,14300.0,14800.0,14833.333333333334,63,6,1.0,0.8571428571428571,0.8571428571428571,proportional,True,transcript_proportional
-571d8cVauQ$_$5,42,spot.,14.858467023172905,15.266666666666666,237735,241845,149,153,14858.467023172905,15115.3125,447,455,14900.0,15233.333333333332,15266.666666666666,24,4,0.6153846153846154,0.8,0.6153846153846154,proportional,True,transcript_proportional
-I_e4mIh0yE$_$1,0,In,0.0,0.1876543209876543,0,3002,0,2,0.0,187.6543209876543,0,4,0.0,100.0,133.33333333333334,17,2,1.0,1.0,1.0,proportional,True,transcript_proportional
-I_e4mIh0yE$_$1,1,the,0.1876543209876543,0.4691358024691358,3002,7506,2,5,187.6543209876543,469.1358024691358,6,13,200.0,400.0,433.3333333333333,26,3,1.0,1.0,1.0,proportional,True,transcript_proportional
-I_e4mIh0yE$_$1,2,United,0.4691358024691358,1.0320987654320988,7506,16514,5,11,469.1358024691358,1032.0987654320988,15,31,500.0,1000.0,1033.3333333333333,54,6,1.0,1.0,1.0,proportional,True,transcript_proportional
-I_e4mIh0yE$_$1,3,States,1.0320987654320988,1.5950617283950617,16514,25521,11,16,1032.0987654320988,1595.0617283950617,33,46,1100.0,1500.0,1533.3333333333333,54,5,1.0,0.8333333333333334,0.8333333333333334,proportional,True,transcript_proportional
-I_e4mIh0yE$_$1,4,we,1.5950617283950617,1.782716049382716,25521,28523,16,18,1595.0617283950617,1782.7160493827162,48,52,1600.0,1700.0,1733.3333333333333,17,2,1.0,1.0,1.0,proportional,True,transcript_proportional
-I_e4mIh0yE$_$1,5,don't,1.782716049382716,2.2518518518518515,28523,36030,18,23,1782.7160493827162,2251.8518518518517,54,67,1800.0,2200.0,2233.3333333333335,45,5,1.0,1.0,1.0,proportional,True,transcript_proportional
-I_e4mIh0yE$_$1,6,punish,2.2518518518518515,2.814814814814815,36030,45037,23,29,2251.8518518518517,2814.814814814815,69,85,2300.0,2800.0,2833.3333333333335,54,6,1.0,1.0,1.0,proportional,True,transcript_proportional
-I_e4mIh0yE$_$1,7,failure,2.814814814814815,3.471604938271605,45037,55546,29,35,2814.814814814815,3471.604938271605,87,103,2900.0,3400.0,3433.3333333333335,64,6,1.0,0.8571428571428571,0.8571428571428571,proportional,True,transcript_proportional
-I_e4mIh0yE$_$1,8,to,3.471604938271605,3.659259259259259,55546,58548,35,37,3471.604938271605,3659.259259259259,105,109,3500.0,3600.0,3633.3333333333335,17,2,1.0,1.0,1.0,proportional,True,transcript_proportional
-I_e4mIh0yE$_$1,9,the,3.659259259259259,3.9407407407407407,58548,63052,37,40,3659.259259259259,3940.740740740741,111,118,3700.0,3900.0,3933.3333333333335,26,3,1.0,1.0,1.0,proportional,True,transcript_proportional
-I_e4mIh0yE$_$1,10,degree,3.9407407407407407,4.503703703703703,63052,72059,40,46,3940.740740740741,4503.7037037037035,120,136,4000.0,4500.0,4533.333333333333,54,6,1.0,1.0,1.0,proportional,True,transcript_proportional
-I_e4mIh0yE$_$1,11,to,4.503703703703703,4.691358024691358,72059,75062,46,47,4503.7037037037035,4691.358024691359,138,139,4600.0,4600.0,4633.333333333333,17,1,1.0,0.5,0.5,proportional,True,transcript_proportional
-I_e4mIh0yE$_$1,12,which,4.691358024691358,5.160493827160494,75062,82568,47,52,4691.358024691359,5160.493827160493,141,154,4700.0,5100.0,5133.333333333333,45,5,1.0,1.0,1.0,proportional,True,transcript_proportional
-I_e4mIh0yE$_$1,13,failure,5.160493827160494,5.817283950617284,82568,93077,52,59,5160.493827160493,5817.283950617284,156,175,5200.0,5800.0,5833.333333333333,64,7,1.0,1.0,1.0,proportional,True,transcript_proportional
-I_e4mIh0yE$_$1,14,is,5.817283950617284,6.004938271604938,93077,96079,59,61,5817.283950617284,6004.938271604938,177,181,5900.0,6000.0,6033.333333333333,17,2,1.0,1.0,1.0,proportional,True,transcript_proportional
-I_e4mIh0yE$_$1,15,punished,6.004938271604938,6.755555555555555,96079,108089,61,68,6004.938271604938,6755.555555555555,183,202,6100.0,6700.0,6733.333333333333,73,7,1.0,0.875,0.875,proportional,True,transcript_proportional
-I_e4mIh0yE$_$1,16,in,6.755555555555555,6.94320987654321,108089,111091,68,70,6755.555555555555,6943.20987654321,204,208,6800.0,6900.0,6933.333333333333,17,2,1.0,1.0,1.0,proportional,True,transcript_proportional
-I_e4mIh0yE$_$1,17,Europe.,6.94320987654321,7.6000000000000005,111091,119109,70,76,6943.20987654321,7444.3125,210,225,7000.0,7566.666666666666,7599.999999999999,48,6,0.75,0.8571428571428571,0.75,proportional,True,transcript_proportional
-I_e4mIh0yE$_$3,0,It's,0.0,0.3291291291291291,0,5266,0,4,0.0,329.1291291291291,0,10,0.0,300.0,333.3333333333333,31,4,1.0,1.0,1.0,proportional,True,transcript_proportional
-I_e4mIh0yE$_$3,1,perceived,0.3291291291291291,1.0696696696696695,5266,17115,4,11,329.1291291291291,1069.6696696696695,12,31,400.0,1000.0,1033.3333333333333,72,7,1.0,0.875,0.875,proportional,True,transcript_proportional
-I_e4mIh0yE$_$3,2,that,1.0696696696696695,1.3987987987987986,17115,22381,11,14,1069.6696696696695,1398.7987987987985,33,40,1100.0,1300.0,1333.3333333333333,31,3,1.0,0.75,0.75,proportional,True,transcript_proportional
-I_e4mIh0yE$_$3,3,you,1.3987987987987986,1.6456456456456456,22381,26330,14,17,1398.7987987987985,1645.6456456456456,42,49,1400.0,1600.0,1633.3333333333333,23,3,1.0,1.0,1.0,proportional,True,transcript_proportional
-I_e4mIh0yE$_$3,4,have,1.6456456456456456,1.9747747747747746,26330,31596,17,20,1645.6456456456456,1974.7747747747746,51,58,1700.0,1900.0,1933.3333333333333,31,3,1.0,0.75,0.75,proportional,True,transcript_proportional
-I_e4mIh0yE$_$3,5,actually,1.9747747747747746,2.633033033033033,31596,42129,20,27,1974.7747747747746,2633.033033033033,60,79,2000.0,2600.0,2633.3333333333335,64,7,1.0,1.0,1.0,proportional,True,transcript_proportional
-I_e4mIh0yE$_$3,6,learned,2.633033033033033,3.209009009009009,42129,51344,27,33,2633.033033033033,3209.009009009009,81,97,2700.0,3200.0,3233.3333333333335,56,6,1.0,1.0,1.0,proportional,True,transcript_proportional
-I_e4mIh0yE$_$3,7,"something,",3.209009009009009,4.031831831831831,51344,64509,33,41,3209.009009009009,4031.8318318318316,99,121,3300.0,4000.0,4033.3333333333335,80,8,1.0,0.8888888888888888,0.8888888888888888,proportional,True,transcript_proportional
-I_e4mIh0yE$_$3,8,over,4.031831831831831,4.360960960960961,64509,69775,41,44,4031.8318318318316,4360.960960960961,123,130,4100.0,4300.0,4333.333333333333,31,3,1.0,0.75,0.75,proportional,True,transcript_proportional
-I_e4mIh0yE$_$3,9,the,4.360960960960961,4.6078078078078075,69775,73725,44,47,4360.960960960961,4607.807807807808,132,139,4400.0,4600.0,4633.333333333333,23,3,1.0,1.0,1.0,proportional,True,transcript_proportional
-I_e4mIh0yE$_$3,10,course,4.6078078078078075,5.1015015015015015,73725,81624,47,52,4607.807807807808,5101.5015015015015,141,154,4700.0,5100.0,5133.333333333333,47,5,1.0,1.0,1.0,proportional,True,transcript_proportional
-I_e4mIh0yE$_$3,11,of,5.1015015015015015,5.266066066066066,81624,84257,52,53,5101.5015015015015,5266.066066066066,156,157,5200.0,5200.0,5233.333333333333,14,1,1.0,0.5,0.5,proportional,True,transcript_proportional
-I_e4mIh0yE$_$3,12,your,5.266066066066066,5.595195195195195,84257,89523,53,56,5266.066066066066,5595.195195195194,159,166,5300.0,5500.0,5533.333333333333,31,3,1.0,0.75,0.75,proportional,True,transcript_proportional
-I_e4mIh0yE$_$3,13,"carreer,",5.595195195195195,6.253453453453454,89523,100055,56,63,5595.195195195194,6253.453453453454,168,187,5600.0,6200.0,6233.333333333333,64,7,1.0,1.0,1.0,proportional,True,transcript_proportional
-I_e4mIh0yE$_$3,14,and,6.253453453453454,6.5003003003003,100055,104005,63,66,6253.453453453454,6500.3003003003005,189,196,6300.0,6500.0,6533.333333333333,23,3,1.0,1.0,1.0,proportional,True,transcript_proportional
-I_e4mIh0yE$_$3,15,that,6.5003003003003,6.829429429429429,104005,109271,66,69,6500.3003003003005,6829.42942942943,198,205,6600.0,6800.0,6833.333333333333,31,3,1.0,0.75,0.75,proportional,True,transcript_proportional
-I_e4mIh0yE$_$3,16,you,6.829429429429429,7.076276276276276,109271,113220,69,71,6829.42942942943,7076.276276276276,207,211,6900.0,7000.0,7033.333333333333,23,2,1.0,0.6666666666666666,0.6666666666666666,proportional,True,transcript_proportional
-I_e4mIh0yE$_$3,17,won't,7.076276276276276,7.487687687687687,113220,119803,71,75,7076.276276276276,7487.687687687688,213,223,7100.0,7400.0,7433.333333333333,39,4,1.0,0.8,0.8,proportional,True,transcript_proportional
-I_e4mIh0yE$_$3,18,make,7.487687687687687,7.816816816816816,119803,125069,75,79,7487.687687687688,7816.816816816816,225,235,7500.0,7800.0,7833.333333333333,31,4,1.0,1.0,1.0,proportional,True,transcript_proportional
-I_e4mIh0yE$_$3,19,the,7.816816816816816,8.063663663663663,125069,129019,79,81,7816.816816816816,8063.663663663663,237,241,7900.0,8000.0,8033.333333333333,23,2,1.0,0.6666666666666666,0.6666666666666666,proportional,True,transcript_proportional
-I_e4mIh0yE$_$3,20,mistake,8.063663663663663,8.63963963963964,129019,138234,81,87,8063.663663663663,8639.63963963964,243,259,8100.0,8600.0,8633.333333333334,56,6,1.0,1.0,1.0,proportional,True,transcript_proportional
-I_e4mIh0yE$_$3,21,twice.,8.63963963963964,9.133333333333333,138234,143911,87,91,8639.63963963964,8994.4375,261,271,8700.0,9100.0,9133.333333333334,33,4,0.7021276595744681,0.8,0.7021276595744681,proportional,True,transcript_proportional
-UacrmKiTn4$_$10,0,"Because,",0.0,0.7521367521367521,0,12034,0,8,0.0,752.1367521367521,0,22,0.0,700.0,733.3333333333334,73,8,1.0,1.0,1.0,proportional,True,transcript_proportional
-UacrmKiTn4$_$10,1,if,0.7521367521367521,0.9401709401709402,12034,15043,8,10,752.1367521367521,940.1709401709402,24,28,800.0,900.0,933.3333333333334,17,2,1.0,1.0,1.0,proportional,True,transcript_proportional
-UacrmKiTn4$_$10,2,they,0.9401709401709402,1.3162393162393162,15043,21060,10,14,940.1709401709402,1316.2393162393162,30,40,1000.0,1300.0,1333.3333333333333,36,4,1.0,1.0,1.0,proportional,True,transcript_proportional
-UacrmKiTn4$_$10,3,are,1.3162393162393162,1.5982905982905982,21060,25573,14,16,1316.2393162393162,1598.2905982905982,42,46,1400.0,1500.0,1533.3333333333333,26,2,1.0,0.6666666666666666,0.6666666666666666,proportional,True,transcript_proportional
-UacrmKiTn4$_$10,4,not,1.5982905982905982,1.8803418803418803,25573,30085,16,19,1598.2905982905982,1880.3418803418804,48,55,1600.0,1800.0,1833.3333333333333,26,3,1.0,1.0,1.0,proportional,True,transcript_proportional
-UacrmKiTn4$_$10,5,in,1.8803418803418803,2.068376068376068,30085,33094,19,21,1880.3418803418804,2068.3760683760684,57,61,1900.0,2000.0,2033.3333333333333,17,2,1.0,1.0,1.0,proportional,True,transcript_proportional
-UacrmKiTn4$_$10,6,any,2.068376068376068,2.35042735042735,33094,37607,21,24,2068.3760683760684,2350.42735042735,63,70,2100.0,2300.0,2333.3333333333335,26,3,1.0,1.0,1.0,proportional,True,transcript_proportional
-UacrmKiTn4$_$10,7,way,2.35042735042735,2.6324786324786325,37607,42120,24,27,2350.42735042735,2632.4786324786323,72,79,2400.0,2600.0,2633.3333333333335,26,3,1.0,1.0,1.0,proportional,True,transcript_proportional
-UacrmKiTn4$_$10,8,held,2.6324786324786325,3.0085470085470085,42120,48137,27,31,2632.4786324786323,3008.5470085470083,81,91,2700.0,3000.0,3033.3333333333335,36,4,1.0,1.0,1.0,proportional,True,transcript_proportional
-UacrmKiTn4$_$10,9,accountable,3.0085470085470085,4.042735042735043,48137,64684,31,41,3008.5470085470083,4042.7350427350425,93,121,3100.0,4000.0,4033.3333333333335,101,10,1.0,0.9090909090909091,0.9090909090909091,proportional,True,transcript_proportional
-UacrmKiTn4$_$10,10,for,4.042735042735043,4.3247863247863245,64684,69197,41,44,4042.7350427350425,4324.786324786324,123,130,4100.0,4300.0,4333.333333333333,26,3,1.0,1.0,1.0,proportional,True,transcript_proportional
-UacrmKiTn4$_$10,11,reading,4.3247863247863245,4.982905982905982,69197,79726,44,50,4324.786324786324,4982.9059829059825,132,148,4400.0,4900.0,4933.333333333333,64,6,1.0,0.8571428571428571,0.8571428571428571,proportional,True,transcript_proportional
-UacrmKiTn4$_$10,12,the,4.982905982905982,5.264957264957265,79726,84239,50,53,4982.9059829059825,5264.957264957265,150,157,5000.0,5200.0,5233.333333333333,26,3,1.0,1.0,1.0,proportional,True,transcript_proportional
-UacrmKiTn4$_$10,13,material,5.264957264957265,6.017094017094017,84239,96274,53,61,5264.957264957265,6017.094017094017,159,181,5300.0,6000.0,6033.333333333333,73,8,1.0,1.0,1.0,proportional,True,transcript_proportional
-UacrmKiTn4$_$10,14,they,6.017094017094017,6.393162393162393,96274,102291,61,64,6017.094017094017,6393.162393162393,183,190,6100.0,6300.0,6333.333333333333,36,3,1.0,0.75,0.75,proportional,True,transcript_proportional
-UacrmKiTn4$_$10,15,won't,6.393162393162393,6.863247863247862,102291,109812,64,69,6393.162393162393,6863.247863247862,192,205,6400.0,6800.0,6833.333333333333,45,5,1.0,1.0,1.0,proportional,True,transcript_proportional
-UacrmKiTn4$_$10,16,do,6.863247863247862,7.051282051282051,109812,112821,69,71,6863.247863247862,7051.282051282051,207,211,6900.0,7000.0,7033.333333333333,17,2,1.0,1.0,1.0,proportional,True,transcript_proportional
-UacrmKiTn4$_$10,17,it.,7.051282051282051,7.333333333333333,112821,115873,71,73,7051.282051282051,7242.0625,213,217,7100.0,7233.333333333333,7266.666666666666,17,2,0.6538461538461539,0.6666666666666666,0.6538461538461539,proportional,True,transcript_proportional
-UacrmKiTn4$_$4,0,Just,0.0,0.3209039548022599,0,5134,0,4,0.0,320.90395480225993,0,10,0.0,300.0,333.3333333333333,30,4,1.0,1.0,1.0,proportional,True,transcript_proportional
-UacrmKiTn4$_$4,1,given,0.3209039548022599,0.7220338983050848,5134,11553,4,8,320.90395480225993,722.0338983050848,12,22,400.0,700.0,733.3333333333334,38,4,1.0,0.8,0.8,proportional,True,transcript_proportional
-UacrmKiTn4$_$4,2,to,0.7220338983050848,0.8824858757062147,11553,14120,8,9,722.0338983050848,882.4858757062148,24,25,800.0,800.0,833.3333333333334,14,1,1.0,0.5,0.5,proportional,True,transcript_proportional
-UacrmKiTn4$_$4,3,their,0.8824858757062147,1.2836158192090397,14120,20538,9,13,882.4858757062148,1283.6158192090397,27,37,900.0,1200.0,1233.3333333333333,38,4,1.0,0.8,0.8,proportional,True,transcript_proportional
-UacrmKiTn4$_$4,4,own,1.2836158192090397,1.5242937853107346,20538,24389,13,16,1283.6158192090397,1524.2937853107346,39,46,1300.0,1500.0,1533.3333333333333,22,3,1.0,1.0,1.0,proportional,True,transcript_proportional
-UacrmKiTn4$_$4,5,devices,1.5242937853107346,2.085875706214689,24389,33374,16,21,1524.2937853107346,2085.875706214689,48,61,1600.0,2000.0,2033.3333333333333,54,5,1.0,0.8333333333333334,0.8333333333333334,proportional,True,transcript_proportional
-UacrmKiTn4$_$4,6,they,2.085875706214689,2.406779661016949,33374,38508,21,25,2085.875706214689,2406.779661016949,63,73,2100.0,2400.0,2433.3333333333335,30,4,1.0,1.0,1.0,proportional,True,transcript_proportional
-UacrmKiTn4$_$4,7,are,2.406779661016949,2.647457627118644,38508,42359,25,27,2406.779661016949,2647.457627118644,75,79,2500.0,2600.0,2633.3333333333335,22,2,1.0,0.6666666666666666,0.6666666666666666,proportional,True,transcript_proportional
-UacrmKiTn4$_$4,8,not,2.647457627118644,2.888135593220339,42359,46210,27,29,2647.457627118644,2888.135593220339,81,85,2700.0,2800.0,2833.3333333333335,22,2,1.0,0.6666666666666666,0.6666666666666666,proportional,True,transcript_proportional
-UacrmKiTn4$_$4,9,going,2.888135593220339,3.2892655367231636,46210,52628,29,33,2888.135593220339,3289.2655367231637,87,97,2900.0,3200.0,3233.3333333333335,38,4,1.0,0.8,0.8,proportional,True,transcript_proportional
-UacrmKiTn4$_$4,10,to,3.2892655367231636,3.449717514124294,52628,55195,33,35,3289.2655367231637,3449.7175141242938,99,103,3300.0,3400.0,3433.3333333333335,14,2,1.0,1.0,1.0,proportional,True,transcript_proportional
-UacrmKiTn4$_$4,11,read,3.449717514124294,3.770621468926554,55195,60330,35,38,3449.7175141242938,3770.621468926554,105,112,3500.0,3700.0,3733.3333333333335,30,3,1.0,0.75,0.75,proportional,True,transcript_proportional
-UacrmKiTn4$_$4,12,the,3.770621468926554,4.011299435028248,60330,64181,38,41,3770.621468926554,4011.2994350282484,114,121,3800.0,4000.0,4033.3333333333335,22,3,1.0,1.0,1.0,proportional,True,transcript_proportional
-UacrmKiTn4$_$4,13,textbook.,4.011299435028248,4.733333333333333,64181,74911,41,48,4011.2994350282484,4681.9375,123,142,4100.0,4700.0,4733.333333333333,65,7,0.9285714285714286,0.875,0.875,proportional,True,transcript_proportional
-hnBHBN8p5A$_$7,0,Picture,0.0,0.7785555555555556,0,12457,0,7,0.0,778.5555555555555,0,19,0.0,750.7555555555555,792.4638888888888,76,7,1.0,0.875,0.875,proportional,True,transcript_proportional
-hnBHBN8p5A$_$7,1,"this,",0.7785555555555556,1.3346666666666667,12457,21355,7,11,778.5555555555555,1334.6666666666667,21,31,875.8777777777777,1251.2555555555555,1292.9638888888887,54,4,1.0,0.6666666666666666,0.6666666666666666,proportional,True,transcript_proportional
-hnBHBN8p5A$_$7,2,before,1.3346666666666667,2.0020000000000002,21355,32032,11,17,1334.6666666666667,2002.0000000000002,33,49,1376.3777777777777,2001.9999999999998,2043.708333333333,65,6,1.0,0.8571428571428571,0.8571428571428571,proportional,True,transcript_proportional
-hnBHBN8p5A$_$7,3,we,2.0020000000000002,2.2244444444444444,32032,35591,17,18,2002.0000000000002,2224.4444444444443,51,52,2127.1222222222223,2127.1222222222223,2168.8305555555557,20,1,1.0,0.3333333333333333,0.3333333333333333,proportional,True,transcript_proportional
-hnBHBN8p5A$_$7,4,actually,2.2244444444444444,3.1142222222222222,35591,49828,18,25,2224.4444444444443,3114.222222222222,54,73,2252.2555555555555,3003.0,3044.7083333333335,87,7,1.0,0.7777777777777778,0.7777777777777778,proportional,True,transcript_proportional
-hnBHBN8p5A$_$7,5,start,3.1142222222222222,3.6703333333333332,49828,58725,25,30,3114.222222222222,3670.333333333333,75,88,3128.1222222222223,3628.6222222222223,3670.3305555555557,54,5,1.0,0.8333333333333334,0.8333333333333334,proportional,True,transcript_proportional
-hnBHBN8p5A$_$7,6,"hacking,",3.6703333333333332,4.5601111111111114,58725,72962,30,37,3670.333333333333,4560.111111111111,90,109,3753.755555555556,4504.5,4546.208333333333,87,7,1.0,0.7777777777777778,0.7777777777777778,proportional,True,transcript_proportional
-hnBHBN8p5A$_$7,7,we’re,4.5601111111111114,5.116222222222222,72962,81860,37,41,4560.111111111111,5116.222222222222,111,121,4629.622222222222,5005.0,5046.708333333333,54,4,1.0,0.6666666666666666,0.6666666666666666,proportional,True,transcript_proportional
-hnBHBN8p5A$_$7,8,in,5.116222222222222,5.338666666666667,81860,85419,41,43,5116.222222222222,5338.666666666667,123,127,5130.122222222222,5255.2555555555555,5296.9638888888885,20,2,1.0,0.6666666666666666,0.6666666666666666,proportional,True,transcript_proportional
-hnBHBN8p5A$_$7,9,a,5.338666666666667,5.449888888888888,85419,87198,43,44,5338.666666666667,5449.888888888889,129,130,5380.377777777778,5380.377777777778,5422.086111111111,9,1,1.0,0.5,0.5,proportional,True,transcript_proportional
-hnBHBN8p5A$_$7,10,room,5.449888888888888,5.894777777777777,87198,94316,44,48,5449.888888888889,5894.7777777777765,132,142,5505.5,5880.877777777778,5922.586111111111,42,4,1.0,0.8,0.8,proportional,True,transcript_proportional
-hnBHBN8p5A$_$7,11,formal,5.894777777777777,6.562111111111111,94316,104994,48,53,5894.7777777777765,6562.111111111111,144,157,6006.0,6506.5,6548.208333333333,65,5,1.0,0.7142857142857143,0.7142857142857143,proportional,True,transcript_proportional
-hnBHBN8p5A$_$7,12,setting,6.562111111111111,7.3406666666666665,104994,116938,53,59,6562.111111111111,7308.625,159,175,6631.622222222222,7257.2555555555555,7298.9638888888885,73,6,0.9605263157894737,0.75,0.75,proportional,True,transcript_proportional
-hnBHBN8p5A$_$6,0,"Discussion,",0.0,0.9749310185185185,0,15599,0,8,0.0,974.9310185185185,0,22,0.0,875.8777777777777,917.5860908353609,95,8,1.0,0.8,0.8,proportional,True,transcript_proportional
-hnBHBN8p5A$_$6,1,how,0.9749310185185185,1.2408212962962963,15599,19853,8,10,974.9310185185185,1240.8212962962964,24,28,1000.9999999999999,1126.1222222222223,1167.8305352798054,25,2,1.0,0.6666666666666666,0.6666666666666666,proportional,True,transcript_proportional
-hnBHBN8p5A$_$6,2,to,1.2408212962962963,1.4180814814814815,19853,22689,10,12,1240.8212962962964,1418.0814814814814,30,34,1251.2444444444443,1376.3777777777777,1418.086090835361,16,2,1.0,1.0,1.0,proportional,True,transcript_proportional
-hnBHBN8p5A$_$6,3,discuss,1.4180814814814815,2.0384921296296294,22689,32616,12,17,1418.0814814814814,2038.4921296296295,36,49,1501.5,2001.9999999999998,2043.708313057583,60,5,1.0,0.7142857142857143,0.7142857142857143,proportional,True,transcript_proportional
-hnBHBN8p5A$_$6,4,ideas,2.0384921296296294,2.4816425925925927,32616,39706,17,20,2038.4921296296295,2481.642592592593,51,58,2127.1222222222223,2377.3777777777777,2419.0860908353607,42,3,1.0,0.6,0.6,proportional,True,transcript_proportional
-hnBHBN8p5A$_$6,5,and,2.4816425925925927,2.74753287037037,39706,43961,20,22,2481.642592592593,2747.53287037037,60,64,2502.5,2627.6222222222223,2669.330535279805,25,2,1.0,0.6666666666666666,0.6666666666666666,proportional,True,transcript_proportional
-hnBHBN8p5A$_$6,6,opinions,2.74753287037037,3.456573611111111,43961,55305,22,28,2747.53287037037,3456.573611111111,66,82,2752.7444444444445,3378.3777777777777,3420.0860908353607,69,6,1.0,0.75,0.75,proportional,True,transcript_proportional
-hnBHBN8p5A$_$6,7,more,3.456573611111111,3.811093981481482,55305,60978,28,31,3456.573611111111,3811.093981481482,84,91,3503.5,3753.7444444444445,3795.4527575020275,33,3,1.0,0.75,0.75,proportional,True,transcript_proportional
-hnBHBN8p5A$_$6,8,effectively,3.811093981481482,4.7860249999999995,60978,76576,31,39,3811.093981481482,4786.025,93,115,3878.8777777777777,4754.7444444444445,4796.452757502027,95,8,1.0,0.8,0.8,proportional,True,transcript_proportional
-hnBHBN8p5A$_$6,9,than,4.7860249999999995,5.14054537037037,76576,82249,39,42,4786.025,5140.545370370371,117,124,4879.877777777778,5130.122222222222,5171.830535279805,33,3,1.0,0.75,0.75,proportional,True,transcript_proportional
-hnBHBN8p5A$_$6,10,a,5.14054537037037,5.229175462962963,82249,83667,42,42,5140.545370370371,5229.175462962963,-1,-1,,,,7,0,1.0,0.0,0.0,proportional,True,transcript_proportional
-hnBHBN8p5A$_$6,11,native,5.229175462962963,5.7609560185185185,83667,92175,42,47,5229.175462962963,5760.956018518518,126,139,5255.2444444444445,5755.7444444444445,5797.452757502027,51,5,1.0,0.8333333333333334,0.8333333333333334,proportional,True,transcript_proportional
-hnBHBN8p5A$_$6,12,speaker,5.7609560185185185,6.381366666666667,92175,101325,47,51,5760.956018518518,6332.8125,141,151,5880.877777777778,6256.2444444444445,6297.952757502027,55,4,0.9166666666666666,0.5714285714285714,0.5714285714285714,proportional,True,transcript_proportional
-qDkUB0GgYY$_$6,0,We,0.0,0.15555555555555556,0,2489,0,2,0.0,155.55555555555557,0,4,0.0,100.0,133.33333333333334,14,2,1.0,1.0,1.0,proportional,True,transcript_proportional
-qDkUB0GgYY$_$6,1,always,0.15555555555555556,0.6222222222222222,2489,9956,2,7,155.55555555555557,622.2222222222223,6,19,200.0,600.0,633.3333333333334,45,5,1.0,1.0,1.0,proportional,True,transcript_proportional
-qDkUB0GgYY$_$6,2,love,0.6222222222222222,0.9333333333333333,9956,14933,7,10,622.2222222222223,933.3333333333334,21,28,700.0,900.0,933.3333333333334,29,3,1.0,0.75,0.75,proportional,True,transcript_proportional
-qDkUB0GgYY$_$6,3,to,0.9333333333333333,1.088888888888889,14933,17422,10,11,933.3333333333334,1088.888888888889,30,31,1000.0,1000.0,1033.3333333333333,14,1,1.0,0.5,0.5,proportional,True,transcript_proportional
-qDkUB0GgYY$_$6,4,hear,1.088888888888889,1.4,17422,22400,11,14,1088.888888888889,1400.0,33,40,1100.0,1300.0,1333.3333333333333,29,3,1.0,0.75,0.75,proportional,True,transcript_proportional
-qDkUB0GgYY$_$6,5,what,1.4,1.7111111111111112,22400,27378,14,18,1400.0,1711.1111111111113,42,52,1400.0,1700.0,1733.3333333333333,29,4,1.0,1.0,1.0,proportional,True,transcript_proportional
-qDkUB0GgYY$_$6,6,you,1.7111111111111112,1.9444444444444444,27378,31111,18,20,1711.1111111111113,1944.4444444444443,54,58,1800.0,1900.0,1933.3333333333333,21,2,1.0,0.6666666666666666,0.6666666666666666,proportional,True,transcript_proportional
-qDkUB0GgYY$_$6,7,"say,",1.9444444444444444,2.2555555555555555,31111,36089,20,23,1944.4444444444443,2255.5555555555557,60,67,2000.0,2200.0,2233.3333333333335,29,3,1.0,0.75,0.75,proportional,True,transcript_proportional
-qDkUB0GgYY$_$6,8,and,2.2555555555555555,2.488888888888889,36089,39822,23,25,2255.5555555555557,2488.888888888889,69,73,2300.0,2400.0,2433.3333333333335,21,2,1.0,0.6666666666666666,0.6666666666666666,proportional,True,transcript_proportional
-qDkUB0GgYY$_$6,9,like,2.488888888888889,2.8,39822,44800,25,28,2488.888888888889,2800.0,75,82,2500.0,2700.0,2733.3333333333335,29,3,1.0,0.75,0.75,proportional,True,transcript_proportional
-qDkUB0GgYY$_$6,10,and,2.8,3.033333333333333,44800,48533,28,31,2800.0,3033.333333333333,84,91,2800.0,3000.0,3033.3333333333335,21,3,1.0,1.0,1.0,proportional,True,transcript_proportional
-qDkUB0GgYY$_$6,11,share,3.033333333333333,3.4222222222222225,48533,54756,31,35,3033.333333333333,3422.2222222222226,93,103,3100.0,3400.0,3433.3333333333335,37,4,1.0,1.0,1.0,proportional,True,transcript_proportional
-qDkUB0GgYY$_$6,12,this,3.4222222222222225,3.7333333333333334,54756,59733,35,38,3422.2222222222226,3733.3333333333335,105,112,3500.0,3700.0,3733.3333333333335,29,3,1.0,0.75,0.75,proportional,True,transcript_proportional
-qDkUB0GgYY$_$6,13,video,3.7333333333333334,4.122222222222223,59733,65956,38,42,3733.3333333333335,4122.222222222223,114,124,3800.0,4100.0,4133.333333333333,37,4,1.0,1.0,1.0,proportional,True,transcript_proportional
-qDkUB0GgYY$_$6,14,as,4.122222222222223,4.277777777777778,65956,68444,42,43,4122.222222222223,4277.777777777777,126,127,4200.0,4200.0,4233.333333333333,14,1,1.0,0.5,0.5,proportional,True,transcript_proportional
-qDkUB0GgYY$_$6,15,well.,4.277777777777778,4.666666666666667,68444,73835,43,47,4277.777777777777,4614.6875,129,139,4300.0,4600.0,4633.333333333333,32,4,0.8648648648648649,1.0,0.8648648648648649,proportional,True,transcript_proportional
-uywlfIYOS8$_$4,0,And,0.0,0.23815789473684212,0,3811,0,3,0.0,238.15789473684214,0,7,0.0,200.0,233.33333333333334,22,3,1.0,1.0,1.0,proportional,True,transcript_proportional
-uywlfIYOS8$_$4,1,then,0.23815789473684212,0.5557017543859649,3811,8891,3,6,238.15789473684214,555.7017543859649,9,16,300.0,500.0,533.3333333333334,30,3,1.0,0.75,0.75,proportional,True,transcript_proportional
-uywlfIYOS8$_$4,2,from,0.5557017543859649,0.8732456140350876,8891,13972,6,9,555.7017543859649,873.2456140350876,18,25,600.0,800.0,833.3333333333334,30,3,1.0,0.75,0.75,proportional,True,transcript_proportional
-uywlfIYOS8$_$4,3,a,0.8732456140350876,0.9526315789473685,13972,15242,9,10,873.2456140350876,952.6315789473686,27,28,900.0,900.0,933.3333333333334,6,1,1.0,1.0,1.0,proportional,True,transcript_proportional
-uywlfIYOS8$_$4,4,brand,0.9526315789473685,1.349561403508772,15242,21593,10,14,952.6315789473686,1349.561403508772,30,40,1000.0,1300.0,1333.3333333333333,38,4,1.0,1.0,1.0,proportional,True,transcript_proportional
-uywlfIYOS8$_$4,5,point,1.349561403508772,1.7464912280701752,21593,27944,14,18,1349.561403508772,1746.491228070175,42,52,1400.0,1700.0,1733.3333333333333,38,4,1.0,1.0,1.0,proportional,True,transcript_proportional
-uywlfIYOS8$_$4,6,of,1.7464912280701752,1.905263157894737,27944,30484,18,20,1746.491228070175,1905.263157894737,54,58,1800.0,1900.0,1933.3333333333333,14,2,1.0,1.0,1.0,proportional,True,transcript_proportional
-uywlfIYOS8$_$4,7,"view,",1.905263157894737,2.3021929824561402,30484,36835,20,24,1905.263157894737,2302.1929824561403,60,70,2000.0,2300.0,2333.3333333333335,38,4,1.0,1.0,1.0,proportional,True,transcript_proportional
-uywlfIYOS8$_$4,8,we,2.3021929824561402,2.460964912280702,36835,39375,24,25,2302.1929824561403,2460.964912280702,72,73,2400.0,2400.0,2433.3333333333335,14,1,1.0,0.5,0.5,proportional,True,transcript_proportional
-uywlfIYOS8$_$4,9,need,2.460964912280702,2.7785087719298245,39375,44456,25,28,2460.964912280702,2778.5087719298244,75,82,2500.0,2700.0,2733.3333333333335,30,3,1.0,0.75,0.75,proportional,True,transcript_proportional
-uywlfIYOS8$_$4,10,to,2.7785087719298245,2.9372807017543856,44456,46996,28,30,2778.5087719298244,2937.2807017543855,84,88,2800.0,2900.0,2933.3333333333335,14,2,1.0,1.0,1.0,proportional,True,transcript_proportional
-uywlfIYOS8$_$4,11,make,2.9372807017543856,3.2548245614035087,46996,52077,30,33,2937.2807017543855,3254.8245614035086,90,97,3000.0,3200.0,3233.3333333333335,30,3,1.0,0.75,0.75,proportional,True,transcript_proportional
-uywlfIYOS8$_$4,12,sure,3.2548245614035087,3.5723684210526314,52077,57158,33,36,3254.8245614035086,3572.368421052631,99,106,3300.0,3500.0,3533.3333333333335,30,3,1.0,0.75,0.75,proportional,True,transcript_proportional
-uywlfIYOS8$_$4,13,we're,3.5723684210526314,3.9692982456140355,57158,63509,36,40,3572.368421052631,3969.2982456140357,108,118,3600.0,3900.0,3933.3333333333335,38,4,1.0,1.0,1.0,proportional,True,transcript_proportional
-uywlfIYOS8$_$4,14,driving,3.9692982456140355,4.5249999999999995,63509,72400,40,46,3969.2982456140357,4524.999999999999,120,136,4000.0,4500.0,4533.333333333333,54,6,1.0,1.0,1.0,proportional,True,transcript_proportional
-uywlfIYOS8$_$4,15,the,4.5249999999999995,4.7631578947368425,72400,76211,46,48,4524.999999999999,4763.1578947368425,138,142,4600.0,4700.0,4733.333333333333,22,2,1.0,0.6666666666666666,0.6666666666666666,proportional,True,transcript_proportional
-uywlfIYOS8$_$4,16,relevant,4.7631578947368425,5.398245614035088,76211,86372,48,54,4763.1578947368425,5398.245614035088,144,160,4800.0,5300.0,5333.333333333333,62,6,1.0,0.8571428571428571,0.8571428571428571,proportional,True,transcript_proportional
-uywlfIYOS8$_$4,17,insight.,5.398245614035088,6.033333333333333,86372,94098,54,60,5398.245614035088,5881.125,162,178,5400.0,5933.333333333334,5966.666666666667,46,6,0.7419354838709677,0.8571428571428571,0.7419354838709677,proportional,True,transcript_proportional
-6rXp3zJ3kc$_$8,0,Many,0.0,0.3737226277372263,0,5980,0,4,0.0,373.72262773722633,0,10,0.0,300.0,333.3333333333333,35,4,1.0,1.0,1.0,proportional,True,transcript_proportional
-6rXp3zJ3kc$_$8,1,people,0.3737226277372263,0.9343065693430657,5980,14949,4,10,373.72262773722633,934.3065693430657,12,28,400.0,900.0,933.3333333333334,54,6,1.0,1.0,1.0,proportional,True,transcript_proportional
-6rXp3zJ3kc$_$8,2,are,0.9343065693430657,1.2145985401459853,14949,19434,10,13,934.3065693430657,1214.5985401459852,30,37,1000.0,1200.0,1233.3333333333333,26,3,1.0,1.0,1.0,proportional,True,transcript_proportional
-6rXp3zJ3kc$_$8,3,not,1.2145985401459853,1.4948905109489052,19434,23918,13,15,1214.5985401459852,1494.8905109489053,39,43,1300.0,1400.0,1433.3333333333333,26,2,1.0,0.6666666666666666,0.6666666666666666,proportional,True,transcript_proportional
-6rXp3zJ3kc$_$8,4,until,1.4948905109489052,1.962043795620438,23918,31393,15,20,1494.8905109489053,1962.043795620438,45,58,1500.0,1900.0,1933.3333333333333,45,5,1.0,1.0,1.0,proportional,True,transcript_proportional
-6rXp3zJ3kc$_$8,5,they,1.962043795620438,2.335766423357664,31393,37372,20,24,1962.043795620438,2335.766423357664,60,70,2000.0,2300.0,2333.3333333333335,35,4,1.0,1.0,1.0,proportional,True,transcript_proportional
-6rXp3zJ3kc$_$8,6,get,2.335766423357664,2.6160583941605844,37372,41857,24,27,2335.766423357664,2616.0583941605846,72,79,2400.0,2600.0,2633.3333333333335,26,3,1.0,1.0,1.0,proportional,True,transcript_proportional
-6rXp3zJ3kc$_$8,7,to,2.6160583941605844,2.802919708029197,41857,44847,27,29,2616.0583941605846,2802.9197080291974,81,85,2700.0,2800.0,2833.3333333333335,17,2,1.0,1.0,1.0,proportional,True,transcript_proportional
-6rXp3zJ3kc$_$8,8,be,2.802919708029197,2.9897810218978105,44847,47836,29,30,2802.9197080291974,2989.7810218978107,87,88,2900.0,2900.0,2933.3333333333335,17,1,1.0,0.5,0.5,proportional,True,transcript_proportional
-6rXp3zJ3kc$_$8,9,a,2.9897810218978105,3.083211678832117,47836,49331,30,31,2989.7810218978107,3083.2116788321173,90,91,3000.0,3000.0,3033.3333333333335,7,1,1.0,1.0,1.0,proportional,True,transcript_proportional
-6rXp3zJ3kc$_$8,10,older,3.083211678832117,3.55036496350365,49331,56806,31,36,3083.2116788321173,3550.36496350365,93,106,3100.0,3500.0,3533.3333333333335,45,5,1.0,1.0,1.0,proportional,True,transcript_proportional
-6rXp3zJ3kc$_$8,11,age,3.55036496350365,3.8306569343065697,56806,61291,36,39,3550.36496350365,3830.65693430657,108,115,3600.0,3800.0,3833.3333333333335,26,3,1.0,1.0,1.0,proportional,True,transcript_proportional
-6rXp3zJ3kc$_$8,12,and,3.8306569343065697,4.110948905109489,61291,65775,39,42,3830.65693430657,4110.948905109489,117,124,3900.0,4100.0,4133.333333333333,26,3,1.0,1.0,1.0,proportional,True,transcript_proportional
-6rXp3zJ3kc$_$8,13,they,4.110948905109489,4.484671532846716,65775,71755,42,45,4110.948905109489,4484.671532846715,126,133,4200.0,4400.0,4433.333333333333,35,3,1.0,0.75,0.75,proportional,True,transcript_proportional
-6rXp3zJ3kc$_$8,14,realize,4.484671532846716,5.138686131386861,71755,82219,45,52,4484.671532846715,5138.686131386861,135,154,4500.0,5100.0,5133.333333333333,63,7,1.0,1.0,1.0,proportional,True,transcript_proportional
-6rXp3zJ3kc$_$8,15,that,5.138686131386861,5.512408759124088,82219,88199,52,56,5138.686131386861,5512.408759124088,156,166,5200.0,5500.0,5533.333333333333,35,4,1.0,1.0,1.0,proportional,True,transcript_proportional
-6rXp3zJ3kc$_$8,16,gosh,5.512408759124088,5.886131386861314,88199,94178,56,59,5512.408759124088,5886.131386861314,168,175,5600.0,5800.0,5833.333333333333,35,3,1.0,0.75,0.75,proportional,True,transcript_proportional
-6rXp3zJ3kc$_$8,17,they,5.886131386861314,6.25985401459854,94178,100158,59,63,5886.131386861314,6259.85401459854,177,187,5900.0,6200.0,6233.333333333333,35,4,1.0,1.0,1.0,proportional,True,transcript_proportional
-6rXp3zJ3kc$_$8,18,wasted,6.25985401459854,6.820437956204381,100158,109127,63,69,6259.85401459854,6820.4379562043805,189,205,6300.0,6800.0,6833.333333333333,54,6,1.0,1.0,1.0,proportional,True,transcript_proportional
-6rXp3zJ3kc$_$8,19,a,6.820437956204381,6.913868613138686,109127,110622,69,70,6820.4379562043805,6913.868613138687,207,208,6900.0,6900.0,6933.333333333333,7,1,1.0,1.0,1.0,proportional,True,transcript_proportional
-6rXp3zJ3kc$_$8,20,lot,6.913868613138686,7.194160583941606,110622,115107,70,72,6913.868613138687,7194.160583941606,210,214,7000.0,7100.0,7133.333333333333,26,2,1.0,0.6666666666666666,0.6666666666666666,proportional,True,transcript_proportional
-6rXp3zJ3kc$_$8,21,of,7.194160583941606,7.38102189781022,115107,118096,72,74,7194.160583941606,7381.021897810219,216,220,7200.0,7300.0,7333.333333333333,17,2,1.0,1.0,1.0,proportional,True,transcript_proportional
-6rXp3zJ3kc$_$8,22,time,7.38102189781022,7.754744525547446,118096,124076,74,78,7381.021897810219,7754.744525547446,222,232,7400.0,7700.0,7733.333333333333,35,4,1.0,1.0,1.0,proportional,True,transcript_proportional
-6rXp3zJ3kc$_$8,23,and,7.754744525547446,8.035036496350365,124076,128561,78,81,7754.744525547446,8035.036496350365,234,241,7800.0,8000.0,8033.333333333333,26,3,1.0,1.0,1.0,proportional,True,transcript_proportional
-6rXp3zJ3kc$_$8,24,money,8.035036496350365,8.502189781021897,128561,136035,81,86,8035.036496350365,8502.189781021898,243,256,8100.0,8500.0,8533.333333333334,45,5,1.0,1.0,1.0,proportional,True,transcript_proportional
-6rXp3zJ3kc$_$8,25,in,8.502189781021897,8.689051094890512,136035,139025,86,87,8502.189781021898,8689.051094890512,258,259,8600.0,8600.0,8633.333333333334,17,1,1.0,0.5,0.5,proportional,True,transcript_proportional
-6rXp3zJ3kc$_$8,26,placing,8.689051094890512,9.343065693430656,139025,149489,87,94,8689.051094890512,9343.065693430655,261,280,8700.0,9300.0,9333.333333333334,63,7,1.0,1.0,1.0,proportional,True,transcript_proportional
-6rXp3zJ3kc$_$8,27,bets,9.343065693430656,9.716788321167883,149489,155469,94,98,9343.065693430655,9716.788321167882,282,292,9400.0,9700.0,9733.333333333334,35,4,1.0,1.0,1.0,proportional,True,transcript_proportional
-6rXp3zJ3kc$_$8,28,on,9.716788321167883,9.903649635036498,155469,158458,98,100,9716.788321167882,9903.649635036498,294,298,9800.0,9900.0,9933.333333333334,17,2,1.0,1.0,1.0,proportional,True,transcript_proportional
-6rXp3zJ3kc$_$8,29,stock,9.903649635036498,10.37080291970803,158458,165933,100,104,9903.649635036498,10370.80291970803,300,310,10000.0,10300.0,10333.333333333334,45,4,1.0,0.8,0.8,proportional,True,transcript_proportional
-6rXp3zJ3kc$_$8,30,that's,10.37080291970803,10.93138686131387,165933,174902,104,110,10370.80291970803,10931.38686131387,312,328,10400.0,10900.0,10933.333333333334,54,6,1.0,1.0,1.0,proportional,True,transcript_proportional
-6rXp3zJ3kc$_$8,31,ultimately,10.93138686131387,11.865693430656936,174902,189851,110,119,10931.38686131387,11865.693430656936,330,355,11000.0,11800.0,11833.333333333334,91,9,1.0,0.9,0.9,proportional,True,transcript_proportional
-6rXp3zJ3kc$_$8,32,lost,11.865693430656936,12.239416058394163,189851,195831,119,123,11865.693430656936,12239.416058394163,357,367,11900.0,12200.0,12233.333333333334,35,4,1.0,1.0,1.0,proportional,True,transcript_proportional
-6rXp3zJ3kc$_$8,33,value.,12.239416058394163,12.8,195831,203808,123,128,12239.416058394163,12738.0,369,382,12300.0,12700.0,12733.333333333334,48,5,0.8888888888888888,0.8333333333333334,0.8333333333333334,proportional,True,transcript_proportional
-9y-fZ3swSY$_$0,0,"is,",0.0,0.25555555555555554,0,4089,0,3,0.0,255.55555555555554,0,7,0.0,200.0,233.33333333333334,24,3,1.0,1.0,1.0,proportional,True,transcript_proportional
-9y-fZ3swSY$_$0,1,you,0.25555555555555554,0.5111111111111111,4089,8178,3,6,255.55555555555554,511.1111111111111,9,16,300.0,500.0,533.3333333333334,24,3,1.0,1.0,1.0,proportional,True,transcript_proportional
-9y-fZ3swSY$_$0,2,can,0.5111111111111111,0.7666666666666666,8178,12267,6,8,511.1111111111111,766.6666666666666,18,22,600.0,700.0,733.3333333333334,24,2,1.0,0.6666666666666666,0.6666666666666666,proportional,True,transcript_proportional
-9y-fZ3swSY$_$0,3,"say,",0.7666666666666666,1.1074074074074072,12267,17719,8,12,766.6666666666666,1107.4074074074072,24,34,800.0,1100.0,1133.3333333333333,32,4,1.0,1.0,1.0,proportional,True,transcript_proportional
-9y-fZ3swSY$_$0,4,hey,1.1074074074074072,1.362962962962963,17719,21807,12,14,1107.4074074074072,1362.9629629629628,36,40,1200.0,1300.0,1333.3333333333333,24,2,1.0,0.6666666666666666,0.6666666666666666,proportional,True,transcript_proportional
-9y-fZ3swSY$_$0,5,I,1.362962962962963,1.4481481481481482,21807,23170,14,15,1362.9629629629628,1448.1481481481483,42,43,1400.0,1400.0,1433.3333333333333,7,1,1.0,1.0,1.0,proportional,True,transcript_proportional
-9y-fZ3swSY$_$0,6,really,1.4481481481481482,1.959259259259259,23170,31348,15,20,1448.1481481481483,1959.2592592592591,45,58,1500.0,1900.0,1933.3333333333333,49,5,1.0,0.8333333333333334,0.8333333333333334,proportional,True,transcript_proportional
-9y-fZ3swSY$_$0,7,like,1.959259259259259,2.3,31348,36800,20,23,1959.2592592592591,2300.0,60,67,2000.0,2200.0,2233.3333333333335,32,3,1.0,0.75,0.75,proportional,True,transcript_proportional
-9y-fZ3swSY$_$0,8,baby,2.3,2.6407407407407404,36800,42252,23,27,2300.0,2640.7407407407404,69,79,2300.0,2600.0,2633.3333333333335,32,4,1.0,1.0,1.0,proportional,True,transcript_proportional
-9y-fZ3swSY$_$0,9,"skin,",2.6407407407407404,3.0666666666666664,42252,49067,27,31,2640.7407407407404,3066.6666666666665,81,91,2700.0,3000.0,3033.3333333333335,41,4,1.0,0.8,0.8,proportional,True,transcript_proportional
-9y-fZ3swSY$_$0,10,they,3.0666666666666664,3.4074074074074074,49067,54519,31,35,3066.6666666666665,3407.4074074074074,93,103,3100.0,3400.0,3433.3333333333335,32,4,1.0,1.0,1.0,proportional,True,transcript_proportional
-9y-fZ3swSY$_$0,11,are,3.4074074074074074,3.662962962962963,54519,58607,35,37,3407.4074074074074,3662.962962962963,105,109,3500.0,3600.0,3633.3333333333335,24,2,1.0,0.6666666666666666,0.6666666666666666,proportional,True,transcript_proportional
-9y-fZ3swSY$_$0,12,so,3.662962962962963,3.8333333333333335,58607,61333,37,39,3662.962962962963,3833.3333333333335,111,115,3700.0,3800.0,3833.3333333333335,15,2,1.0,1.0,1.0,proportional,True,transcript_proportional
-9y-fZ3swSY$_$0,13,"soft,",3.8333333333333335,4.2592592592592595,61333,68148,39,43,3833.3333333333335,4259.259259259259,117,127,3900.0,4200.0,4233.333333333333,41,4,1.0,0.8,0.8,proportional,True,transcript_proportional
-9y-fZ3swSY$_$0,14,they,4.2592592592592595,4.6,68148,73600,43,46,4259.259259259259,4600.0,129,136,4300.0,4500.0,4533.333333333333,32,3,1.0,0.75,0.75,proportional,True,transcript_proportional
-9y-fZ3swSY$_$0,15,don’t,4.6,5.025925925925925,73600,80415,46,51,4600.0,5025.925925925925,138,151,4600.0,5000.0,5033.333333333333,41,5,1.0,1.0,1.0,proportional,True,transcript_proportional
-9y-fZ3swSY$_$0,16,have,5.025925925925925,5.366666666666666,80415,85867,51,54,5025.925925925925,5366.666666666666,153,160,5100.0,5300.0,5333.333333333333,32,3,1.0,0.75,0.75,proportional,True,transcript_proportional
-9y-fZ3swSY$_$0,17,any,5.366666666666666,5.622222222222222,85867,89956,54,57,5366.666666666666,5622.222222222222,162,169,5400.0,5600.0,5633.333333333333,24,3,1.0,1.0,1.0,proportional,True,transcript_proportional
-9y-fZ3swSY$_$0,18,hair,5.622222222222222,5.962962962962962,89956,95407,57,60,5622.222222222222,5962.962962962962,171,178,5700.0,5900.0,5933.333333333333,32,3,1.0,0.75,0.75,proportional,True,transcript_proportional
-9y-fZ3swSY$_$0,19,on,5.962962962962962,6.133333333333333,95407,98133,60,62,5962.962962962962,6133.333333333333,180,184,6000.0,6100.0,6133.333333333333,15,2,1.0,1.0,1.0,proportional,True,transcript_proportional
-9y-fZ3swSY$_$0,20,their,6.133333333333333,6.5592592592592585,98133,104948,62,66,6133.333333333333,6559.259259259258,186,196,6200.0,6500.0,6533.333333333333,41,4,1.0,0.8,0.8,proportional,True,transcript_proportional
-9y-fZ3swSY$_$0,21,face,6.5592592592592585,6.8999999999999995,104948,108113,66,69,6559.259259259258,6757.0625,198,204,6600.0,6800.0,6833.333333333333,18,3,0.5625,0.75,0.5625,proportional,True,transcript_proportional
-9y-fZ3swSY$_$4,0,I’ve,0.0,0.44799999999999995,0,7168,0,5,0.0,447.99999999999994,0,13,0.0,400.0,433.3333333333333,43,5,1.0,1.0,1.0,proportional,True,transcript_proportional
-9y-fZ3swSY$_$4,1,seen,0.44799999999999995,0.8959999999999999,7168,14336,5,9,447.99999999999994,895.9999999999999,15,25,500.0,800.0,833.3333333333334,43,4,1.0,0.8,0.8,proportional,True,transcript_proportional
-9y-fZ3swSY$_$4,2,this,0.8959999999999999,1.3439999999999999,14336,21504,9,14,895.9999999999999,1343.9999999999998,27,40,900.0,1300.0,1333.3333333333333,43,5,1.0,1.0,1.0,proportional,True,transcript_proportional
-9y-fZ3swSY$_$4,3,in,1.3439999999999999,1.5679999999999998,21504,25088,14,16,1343.9999999999998,1567.9999999999998,42,46,1400.0,1500.0,1533.3333333333333,20,2,1.0,0.6666666666666666,0.6666666666666666,proportional,True,transcript_proportional
-9y-fZ3swSY$_$4,4,US,1.5679999999999998,1.7919999999999998,25088,28672,16,18,1567.9999999999998,1791.9999999999998,48,52,1600.0,1700.0,1733.3333333333333,20,2,1.0,0.6666666666666666,0.6666666666666666,proportional,True,transcript_proportional
-9y-fZ3swSY$_$4,5,or,1.7919999999999998,2.016,28672,32256,18,21,1791.9999999999998,2016.0,54,61,1800.0,2000.0,2033.3333333333333,20,3,1.0,1.0,1.0,proportional,True,transcript_proportional
-9y-fZ3swSY$_$4,6,in,2.016,2.24,32256,35840,21,23,2016.0,2240.0,63,67,2100.0,2200.0,2233.3333333333335,20,2,1.0,0.6666666666666666,0.6666666666666666,proportional,True,transcript_proportional
-9y-fZ3swSY$_$4,7,the,2.24,2.5759999999999996,35840,41216,23,26,2240.0,2575.9999999999995,69,76,2300.0,2500.0,2533.3333333333335,32,3,1.0,0.75,0.75,proportional,True,transcript_proportional
-9y-fZ3swSY$_$4,8,US,2.5759999999999996,2.8,41216,42637,26,28,2575.9999999999995,2664.8125,78,81,2600.0,2766.6666666666665,2800.0,7,2,0.35,0.6666666666666666,0.35,proportional,True,transcript_proportional
-9y-fZ3swSY$_$8,0,That’s,0.0,0.6772727272727272,0,10836,0,7,0.0,677.2727272727273,0,19,0.0,600.0,633.3333333333334,66,7,1.0,1.0,1.0,proportional,True,transcript_proportional
-9y-fZ3swSY$_$8,1,a,0.6772727272727272,0.7901515151515152,10836,12642,7,8,677.2727272727273,790.1515151515151,21,22,700.0,700.0,733.3333333333334,9,1,1.0,0.5,0.5,proportional,True,transcript_proportional
-9y-fZ3swSY$_$8,2,more,0.7901515151515152,1.2416666666666667,12642,19867,8,13,790.1515151515151,1241.6666666666667,24,37,800.0,1200.0,1233.3333333333333,43,5,1.0,1.0,1.0,proportional,True,transcript_proportional
-9y-fZ3swSY$_$8,3,decent,1.2416666666666667,1.918939393939394,19867,30703,13,20,1241.6666666666667,1918.939393939394,39,58,1300.0,1900.0,1933.3333333333333,66,7,1.0,1.0,1.0,proportional,True,transcript_proportional
-9y-fZ3swSY$_$8,4,and,1.918939393939394,2.257575757575758,30703,36121,20,23,1918.939393939394,2257.575757575758,60,67,2000.0,2200.0,2233.3333333333335,32,3,1.0,0.75,0.75,proportional,True,transcript_proportional
-9y-fZ3swSY$_$8,5,more,2.257575757575758,2.709090909090909,36121,43345,23,28,2257.575757575758,2709.090909090909,69,82,2300.0,2700.0,2733.3333333333335,43,5,1.0,1.0,1.0,proportional,True,transcript_proportional
-9y-fZ3swSY$_$8,6,polite,2.709090909090909,3.3863636363636362,43345,54182,28,34,2709.090909090909,3386.363636363636,84,100,2800.0,3300.0,3333.3333333333335,66,6,1.0,0.8571428571428571,0.8571428571428571,proportional,True,transcript_proportional
-9y-fZ3swSY$_$8,7,way,3.3863636363636362,3.725,54182,59600,34,38,3386.363636363636,3725.0,102,112,3400.0,3700.0,3733.3333333333335,32,4,1.0,1.0,1.0,proportional,True,transcript_proportional
-9y-fZ3swSY$_$8,8,to,3.725,3.950757575757576,59600,63212,38,40,3725.0,3950.757575757576,114,118,3800.0,3900.0,3933.3333333333335,21,2,1.0,0.6666666666666666,0.6666666666666666,proportional,True,transcript_proportional
-9y-fZ3swSY$_$8,9,call,3.950757575757576,4.402272727272727,63212,70436,40,45,3950.757575757576,4402.272727272727,120,133,4000.0,4400.0,4433.333333333333,43,5,1.0,1.0,1.0,proportional,True,transcript_proportional
-9y-fZ3swSY$_$8,10,a,4.402272727272727,4.515151515151516,70436,72242,45,46,4402.272727272727,4515.151515151516,135,136,4500.0,4500.0,4533.333333333333,9,1,1.0,0.5,0.5,proportional,True,transcript_proportional
-9y-fZ3swSY$_$8,11,lady,4.515151515151516,4.966666666666667,72242,78673,46,50,4515.151515151516,4917.0625,138,148,4600.0,4900.0,4933.333333333333,38,4,0.8837209302325582,0.8,0.8,proportional,True,transcript_proportional
-AUZQgSxyPQ$_$2,0,The,0.0,0.30405405405405406,0,4865,0,4,0.0,304.05405405405406,0,10,0.0,300.0,333.3333333333333,28,4,1.0,1.0,1.0,proportional,True,transcript_proportional
-AUZQgSxyPQ$_$2,1,perfect,0.30405405405405406,1.0135135135135136,4865,16216,4,11,304.05405405405406,1013.5135135135135,12,31,400.0,1000.0,1033.3333333333333,69,7,1.0,0.875,0.875,proportional,True,transcript_proportional
-AUZQgSxyPQ$_$2,2,soul,1.0135135135135136,1.4189189189189189,16216,22703,11,15,1013.5135135135135,1418.918918918919,33,43,1100.0,1400.0,1433.3333333333333,39,4,1.0,0.8,0.8,proportional,True,transcript_proportional
-AUZQgSxyPQ$_$2,3,mate,1.4189189189189189,1.8243243243243243,22703,29189,15,19,1418.918918918919,1824.3243243243244,45,55,1500.0,1800.0,1833.3333333333333,39,4,1.0,0.8,0.8,proportional,True,transcript_proportional
-AUZQgSxyPQ$_$2,4,to,1.8243243243243243,2.027027027027027,29189,32432,19,21,1824.3243243243244,2027.027027027027,57,61,1900.0,2000.0,2033.3333333333333,18,2,1.0,0.6666666666666666,0.6666666666666666,proportional,True,transcript_proportional
-AUZQgSxyPQ$_$2,5,the,2.027027027027027,2.331081081081081,32432,37297,21,24,2027.027027027027,2331.0810810810813,63,70,2100.0,2300.0,2333.3333333333335,28,3,1.0,0.75,0.75,proportional,True,transcript_proportional
-AUZQgSxyPQ$_$2,6,Clarisonic,2.331081081081081,3.3445945945945947,37297,53514,24,34,2331.0810810810813,3344.5945945945946,72,100,2400.0,3300.0,3333.3333333333335,99,10,1.0,0.9090909090909091,0.9090909090909091,proportional,True,transcript_proportional
-AUZQgSxyPQ$_$2,7,Spot,3.3445945945945947,3.75,53514,60000,34,38,3344.5945945945946,3750.0,102,112,3400.0,3700.0,3733.3333333333335,39,4,1.0,0.8,0.8,proportional,True,transcript_proportional
-AUZQgSxyPQ$_$2,8,Therapy,3.75,4.45945945945946,60000,71351,38,45,3750.0,4459.45945945946,114,133,3800.0,4400.0,4433.333333333333,69,7,1.0,0.875,0.875,proportional,True,transcript_proportional
-AUZQgSxyPQ$_$2,9,"Brush,",4.45945945945946,5.0675675675675675,71351,81081,45,51,4459.45945945946,5067.5675675675675,135,151,4500.0,5000.0,5033.333333333333,59,6,1.0,0.8571428571428571,0.8571428571428571,proportional,True,transcript_proportional
-AUZQgSxyPQ$_$2,10,this,5.0675675675675675,5.472972972972973,81081,87568,51,55,5067.5675675675675,5472.9729729729725,153,163,5100.0,5400.0,5433.333333333333,39,4,1.0,0.8,0.8,proportional,True,transcript_proportional
-AUZQgSxyPQ$_$2,11,"gentle,",5.472972972972973,6.1824324324324325,87568,98919,55,62,5472.9729729729725,6182.4324324324325,165,184,5500.0,6100.0,6133.333333333333,69,7,1.0,0.875,0.875,proportional,True,transcript_proportional
-AUZQgSxyPQ$_$2,12,Ph,6.1824324324324325,6.385135135135135,98919,102162,62,64,6182.4324324324325,6385.135135135135,186,190,6200.0,6300.0,6333.333333333333,18,2,1.0,0.6666666666666666,0.6666666666666666,proportional,True,transcript_proportional
-AUZQgSxyPQ$_$2,13,balanced,6.385135135135135,7.195945945945946,102162,115135,64,72,6385.135135135135,7195.945945945946,192,214,6400.0,7100.0,7133.333333333333,79,8,1.0,0.8888888888888888,0.8888888888888888,proportional,True,transcript_proportional
-AUZQgSxyPQ$_$2,14,and,7.195945945945946,7.5,115135,120000,72,75,7195.945945945946,7500.0,216,223,7200.0,7400.0,7433.333333333333,28,3,1.0,0.75,0.75,proportional,True,transcript_proportional
-AUZQgSxyPQ$_$2,15,hydrating,7.5,8.412162162162161,120000,134595,75,85,7500.0,8412.162162162162,225,253,7500.0,8400.0,8433.333333333334,89,10,1.0,1.0,1.0,proportional,True,transcript_proportional
-AUZQgSxyPQ$_$2,16,exfoliant,8.412162162162161,9.324324324324325,134595,149189,85,94,8412.162162162162,9324.324324324325,255,280,8500.0,9300.0,9333.333333333334,89,9,1.0,0.9,0.9,proportional,True,transcript_proportional
-AUZQgSxyPQ$_$2,17,containing,9.324324324324325,10.337837837837839,149189,165405,94,104,9324.324324324325,10337.837837837838,282,310,9400.0,10300.0,10333.333333333334,99,10,1.0,0.9090909090909091,0.9090909090909091,proportional,True,transcript_proportional
-AUZQgSxyPQ$_$2,18,jojoba,10.337837837837839,10.945945945945946,165405,175135,104,110,10337.837837837838,10945.945945945945,312,328,10400.0,10900.0,10933.333333333334,59,6,1.0,0.8571428571428571,0.8571428571428571,proportional,True,transcript_proportional
-AUZQgSxyPQ$_$2,19,and,10.945945945945946,11.25,175135,180000,110,113,10945.945945945945,11250.0,330,337,11000.0,11200.0,11233.333333333334,28,3,1.0,0.75,0.75,proportional,True,transcript_proportional
-AUZQgSxyPQ$_$2,20,acai,11.25,11.655405405405405,180000,186486,113,117,11250.0,11655.405405405405,339,349,11300.0,11600.0,11633.333333333334,39,4,1.0,0.8,0.8,proportional,True,transcript_proportional
-AUZQgSxyPQ$_$2,21,fruit,11.655405405405405,12.162162162162161,186486,194595,117,122,11655.405405405405,12162.162162162162,351,364,11700.0,12100.0,12133.333333333334,49,5,1.0,0.8333333333333334,0.8333333333333334,proportional,True,transcript_proportional
-AUZQgSxyPQ$_$2,22,oils,12.162162162162161,12.567567567567568,194595,201081,122,126,12162.162162162162,12567.567567567568,366,376,12200.0,12500.0,12533.333333333334,39,4,1.0,0.8,0.8,proportional,True,transcript_proportional
-AUZQgSxyPQ$_$2,23,and,12.567567567567568,12.871621621621621,201081,205946,126,129,12567.567567567568,12871.621621621622,378,385,12600.0,12800.0,12833.333333333334,28,3,1.0,0.75,0.75,proportional,True,transcript_proportional
-AUZQgSxyPQ$_$2,24,bamboo,12.871621621621621,13.47972972972973,205946,215676,129,135,12871.621621621622,13479.72972972973,387,403,12900.0,13400.0,13433.333333333334,59,6,1.0,0.8571428571428571,0.8571428571428571,proportional,True,transcript_proportional
-AUZQgSxyPQ$_$2,25,and,13.47972972972973,13.783783783783784,215676,220541,135,138,13479.72972972973,13783.783783783785,405,412,13500.0,13700.0,13733.333333333334,28,3,1.0,0.75,0.75,proportional,True,transcript_proportional
-AUZQgSxyPQ$_$2,26,prickly,13.783783783783784,14.493243243243244,220541,231892,138,145,13783.783783783785,14493.243243243243,414,433,13800.0,14400.0,14433.333333333334,69,7,1.0,0.875,0.875,proportional,True,transcript_proportional
-AUZQgSxyPQ$_$2,27,bear,14.493243243243244,14.89864864864865,231892,238378,145,149,14493.243243243243,14898.648648648648,435,445,14500.0,14800.0,14833.333333333334,39,4,1.0,0.8,0.8,proportional,True,transcript_proportional
-AUZQgSxyPQ$_$2,28,extracts,14.89864864864865,15.70945945945946,238378,251351,149,158,14898.648648648648,15709.45945945946,447,472,14900.0,15700.0,15733.333333333334,79,9,1.0,1.0,1.0,proportional,True,transcript_proportional
-AUZQgSxyPQ$_$2,29,deliver,15.70945945945946,16.41891891891892,251351,262703,158,165,15709.45945945946,16418.91891891892,474,493,15800.0,16400.0,16433.333333333332,69,7,1.0,0.875,0.875,proportional,True,transcript_proportional
-AUZQgSxyPQ$_$2,30,intense,16.41891891891892,17.12837837837838,262703,274054,165,172,16418.91891891892,17128.37837837838,495,514,16500.0,17100.0,17133.333333333332,69,7,1.0,0.875,0.875,proportional,True,transcript_proportional
-AUZQgSxyPQ$_$2,31,"healing,",17.12837837837838,17.93918918918919,274054,287027,172,180,17128.37837837838,17939.18918918919,516,538,17200.0,17900.0,17933.333333333332,79,8,1.0,0.8888888888888888,0.8888888888888888,proportional,True,transcript_proportional
-AUZQgSxyPQ$_$2,32,while,17.93918918918919,18.445945945945947,287027,295135,180,185,17939.18918918919,18445.945945945947,540,553,18000.0,18400.0,18433.333333333332,49,5,1.0,0.8333333333333334,0.8333333333333334,proportional,True,transcript_proportional
-AUZQgSxyPQ$_$2,33,smooth,18.445945945945947,19.054054054054053,295135,304865,185,191,18445.945945945947,19054.054054054053,555,571,18500.0,19000.0,19033.333333333332,59,6,1.0,0.8571428571428571,0.8571428571428571,proportional,True,transcript_proportional
-AUZQgSxyPQ$_$2,34,granules,19.054054054054053,19.864864864864863,304865,317838,191,199,19054.054054054053,19864.864864864863,573,595,19100.0,19800.0,19833.333333333332,79,8,1.0,0.8888888888888888,0.8888888888888888,proportional,True,transcript_proportional
-AUZQgSxyPQ$_$2,35,buff,19.864864864864863,20.27027027027027,317838,324324,199,203,19864.864864864863,20270.27027027027,597,607,19900.0,20200.0,20233.333333333332,39,4,1.0,0.8,0.8,proportional,True,transcript_proportional
-AUZQgSxyPQ$_$2,36,away,20.27027027027027,20.675675675675677,324324,330811,203,207,20270.27027027027,20675.675675675677,609,619,20300.0,20600.0,20633.333333333332,39,4,1.0,0.8,0.8,proportional,True,transcript_proportional
-AUZQgSxyPQ$_$2,37,"dead,",20.675675675675677,21.18243243243243,330811,338919,207,212,20675.675675675677,21182.43243243243,621,634,20700.0,21100.0,21133.333333333332,49,5,1.0,0.8333333333333334,0.8333333333333334,proportional,True,transcript_proportional
-AUZQgSxyPQ$_$2,38,dry,21.18243243243243,21.486486486486488,338919,343784,212,215,21182.43243243243,21486.486486486487,636,643,21200.0,21400.0,21433.333333333332,28,3,1.0,0.75,0.75,proportional,True,transcript_proportional
-AUZQgSxyPQ$_$2,39,skin,21.486486486486488,21.89189189189189,343784,350270,215,219,21486.486486486487,21891.89189189189,645,655,21500.0,21800.0,21833.333333333332,39,4,1.0,0.8,0.8,proportional,True,transcript_proportional
-AUZQgSxyPQ$_$2,40,cells.,21.89189189189189,22.5,350270,358473,219,225,21891.89189189189,22404.5625,657,673,21900.0,22400.0,22433.333333333332,49,6,0.8305084745762712,0.8571428571428571,0.8305084745762712,proportional,True,transcript_proportional
-HeZS2-Prhc$_$2,0,The,0.0,0.3983870967741935,0,6374,0,4,0.0,398.3870967741935,0,10,0.0,300.0,333.3333333333333,38,4,1.0,1.0,1.0,proportional,True,transcript_proportional
-HeZS2-Prhc$_$2,1,August,0.3983870967741935,1.1951612903225806,6374,19123,4,12,398.3870967741935,1195.1612903225805,12,34,400.0,1100.0,1133.3333333333333,78,8,1.0,1.0,1.0,proportional,True,transcript_proportional
-HeZS2-Prhc$_$2,2,jobs,1.1951612903225806,1.7263440860215051,19123,27622,12,18,1195.1612903225805,1726.344086021505,36,52,1200.0,1700.0,1733.3333333333333,51,6,1.0,1.0,1.0,proportional,True,transcript_proportional
-HeZS2-Prhc$_$2,3,report,1.7263440860215051,2.523118279569892,27622,40370,18,26,1726.344086021505,2523.118279569892,54,76,1800.0,2500.0,2533.3333333333335,78,8,1.0,1.0,1.0,proportional,True,transcript_proportional
-HeZS2-Prhc$_$2,4,is,2.523118279569892,2.7887096774193543,40370,44619,26,28,2523.118279569892,2788.709677419354,78,82,2600.0,2700.0,2733.3333333333335,25,2,1.0,0.6666666666666666,0.6666666666666666,proportional,True,transcript_proportional
-HeZS2-Prhc$_$2,5,out,2.7887096774193543,3.187096774193548,44619,50994,28,32,2788.709677419354,3187.096774193548,84,94,2800.0,3100.0,3133.3333333333335,38,4,1.0,1.0,1.0,proportional,True,transcript_proportional
-HeZS2-Prhc$_$2,6,and,3.187096774193548,3.5854838709677415,50994,57368,32,36,3187.096774193548,3585.4838709677415,96,106,3200.0,3500.0,3533.3333333333335,38,4,1.0,1.0,1.0,proportional,True,transcript_proportional
-HeZS2-Prhc$_$2,7,it,3.5854838709677415,3.851075268817204,57368,61617,36,39,3585.4838709677415,3851.075268817204,108,115,3600.0,3800.0,3833.3333333333335,25,3,1.0,1.0,1.0,proportional,True,transcript_proportional
-HeZS2-Prhc$_$2,8,was,3.851075268817204,4.2494623655913975,61617,67991,39,43,3851.075268817204,4249.462365591397,117,127,3900.0,4200.0,4233.333333333333,38,4,1.0,1.0,1.0,proportional,True,transcript_proportional
-HeZS2-Prhc$_$2,9,seen,4.2494623655913975,4.780645161290322,67991,76490,43,48,4249.462365591397,4780.645161290322,129,142,4300.0,4700.0,4733.333333333333,51,5,1.0,0.8333333333333334,0.8333333333333334,proportional,True,transcript_proportional
-HeZS2-Prhc$_$2,10,overall,4.780645161290322,5.710215053763441,76490,91363,48,58,4780.645161290322,5710.215053763441,144,172,4800.0,5700.0,5733.333333333333,91,10,1.0,1.0,1.0,proportional,True,transcript_proportional
-HeZS2-Prhc$_$2,11,as,5.710215053763441,5.975806451612902,91363,95613,58,60,5710.215053763441,5975.8064516129025,174,178,5800.0,5900.0,5933.333333333333,25,2,1.0,0.6666666666666666,0.6666666666666666,proportional,True,transcript_proportional
-HeZS2-Prhc$_$2,12,solid,5.975806451612902,6.639784946236558,95613,106237,60,67,5975.8064516129025,6639.784946236558,180,199,6000.0,6600.0,6633.333333333333,64,7,1.0,1.0,1.0,proportional,True,transcript_proportional
-HeZS2-Prhc$_$2,13,but,6.639784946236558,7.038172043010752,106237,112611,67,71,6639.784946236558,7038.172043010752,201,211,6700.0,7000.0,7033.333333333333,38,4,1.0,1.0,1.0,proportional,True,transcript_proportional
-HeZS2-Prhc$_$2,14,not,7.038172043010752,7.436559139784945,112611,118985,71,75,7038.172043010752,7436.559139784946,213,223,7100.0,7400.0,7433.333333333333,38,4,1.0,1.0,1.0,proportional,True,transcript_proportional
-HeZS2-Prhc$_$2,15,great.,7.436559139784945,8.233333333333333,118985,130414,75,83,7436.559139784946,8150.874999999999,225,246,7500.0,8200.0,8233.333333333334,69,8,0.8846153846153846,1.0,0.8846153846153846,proportional,True,transcript_proportional
-MeTTeMJBNc$_$0,0,"Okay,",0.0,0.4810996563573884,0,7698,0,5,0.0,481.09965635738837,0,13,0.0,400.0,433.3333333333333,46,5,1.0,1.0,1.0,proportional,True,transcript_proportional
-MeTTeMJBNc$_$0,1,what,0.4810996563573884,0.865979381443299,7698,13856,5,9,481.09965635738837,865.979381443299,15,25,500.0,800.0,833.3333333333334,36,4,1.0,1.0,1.0,proportional,True,transcript_proportional
-MeTTeMJBNc$_$0,2,happens,0.865979381443299,1.5395189003436427,13856,24632,9,16,865.979381443299,1539.5189003436426,27,46,900.0,1500.0,1533.3333333333333,65,7,1.0,1.0,1.0,proportional,True,transcript_proportional
-MeTTeMJBNc$_$0,3,at,1.5395189003436427,1.731958762886598,24632,27711,16,18,1539.5189003436426,1731.958762886598,48,52,1600.0,1700.0,1733.3333333333333,17,2,1.0,1.0,1.0,proportional,True,transcript_proportional
-MeTTeMJBNc$_$0,4,this,1.731958762886598,2.1168384879725086,27711,33869,18,22,1731.958762886598,2116.8384879725086,54,64,1800.0,2100.0,2133.3333333333335,36,4,1.0,1.0,1.0,proportional,True,transcript_proportional
-MeTTeMJBNc$_$0,5,point,2.1168384879725086,2.597938144329897,33869,41567,22,26,2116.8384879725086,2597.938144329897,66,76,2200.0,2500.0,2533.3333333333335,46,4,1.0,0.8,0.8,proportional,True,transcript_proportional
-MeTTeMJBNc$_$0,6,after,2.597938144329897,3.0790378006872854,41567,49265,26,31,2597.938144329897,3079.037800687285,78,91,2600.0,3000.0,3033.3333333333335,46,5,1.0,1.0,1.0,proportional,True,transcript_proportional
-MeTTeMJBNc$_$0,7,we've,3.0790378006872854,3.5601374570446738,49265,56962,31,36,3079.037800687285,3560.1374570446737,93,106,3100.0,3500.0,3533.3333333333335,46,5,1.0,1.0,1.0,proportional,True,transcript_proportional
-MeTTeMJBNc$_$0,8,taken,3.5601374570446738,4.041237113402062,56962,64660,36,41,3560.1374570446737,4041.237113402062,108,121,3600.0,4000.0,4033.3333333333335,46,5,1.0,1.0,1.0,proportional,True,transcript_proportional
-MeTTeMJBNc$_$0,9,this,4.041237113402062,4.426116838487973,64660,70818,41,45,4041.237113402062,4426.116838487973,123,133,4100.0,4400.0,4433.333333333333,36,4,1.0,1.0,1.0,proportional,True,transcript_proportional
-MeTTeMJBNc$_$0,10,brief,4.426116838487973,4.907216494845361,70818,78515,45,50,4426.116838487973,4907.216494845361,135,148,4500.0,4900.0,4933.333333333333,46,5,1.0,1.0,1.0,proportional,True,transcript_proportional
-MeTTeMJBNc$_$0,11,walk,4.907216494845361,5.292096219931272,78515,84674,50,53,4907.216494845361,5292.096219931273,150,157,5000.0,5200.0,5233.333333333333,36,3,1.0,0.75,0.75,proportional,True,transcript_proportional
-MeTTeMJBNc$_$0,12,down,5.292096219931272,5.676975945017183,84674,90832,53,57,5292.096219931273,5676.975945017183,159,169,5300.0,5600.0,5633.333333333333,36,4,1.0,1.0,1.0,proportional,True,transcript_proportional
-MeTTeMJBNc$_$0,13,memory,5.676975945017183,6.254295532646049,90832,100069,57,63,5676.975945017183,6254.295532646049,171,187,5700.0,6200.0,6233.333333333333,56,6,1.0,1.0,1.0,proportional,True,transcript_proportional
-MeTTeMJBNc$_$0,14,"lane,",6.254295532646049,6.7353951890034365,100069,107766,63,68,6254.295532646049,6735.395189003437,189,202,6300.0,6700.0,6733.333333333333,46,5,1.0,1.0,1.0,proportional,True,transcript_proportional
-MeTTeMJBNc$_$0,15,is,6.7353951890034365,6.927835051546392,107766,110845,68,70,6735.395189003437,6927.835051546392,204,208,6800.0,6900.0,6933.333333333333,17,2,1.0,1.0,1.0,proportional,True,transcript_proportional
-MeTTeMJBNc$_$0,16,the,6.927835051546392,7.216494845360825,110845,115464,70,73,6927.835051546392,7216.494845360825,210,217,7000.0,7200.0,7233.333333333333,27,3,1.0,1.0,1.0,proportional,True,transcript_proportional
-MeTTeMJBNc$_$0,17,presentation,7.216494845360825,8.371134020618557,115464,133938,73,84,7216.494845360825,8371.134020618558,219,250,7300.0,8300.0,8333.333333333334,113,11,1.0,0.9166666666666666,0.9166666666666666,proportional,True,transcript_proportional
-MeTTeMJBNc$_$0,18,of,8.371134020618557,8.563573883161514,133938,137017,84,86,8371.134020618558,8563.573883161514,252,256,8400.0,8500.0,8533.333333333334,17,2,1.0,1.0,1.0,proportional,True,transcript_proportional
-MeTTeMJBNc$_$0,19,the,8.563573883161514,8.852233676975946,137017,141636,86,89,8563.573883161514,8852.233676975946,258,265,8600.0,8800.0,8833.333333333334,27,3,1.0,1.0,1.0,proportional,True,transcript_proportional
-MeTTeMJBNc$_$0,20,gift.,8.852233676975946,9.333333333333334,141636,147494,89,94,8852.233676975946,9218.375,267,279,8900.0,9300.0,9333.333333333334,35,5,0.7608695652173914,1.0,0.7608695652173914,proportional,True,transcript_proportional
-MeTTeMJBNc$_$13,0,It,0.0,0.1894736842105263,0,3032,0,2,0.0,189.4736842105263,0,4,0.0,100.0,133.33333333333334,17,2,1.0,1.0,1.0,proportional,True,transcript_proportional
-MeTTeMJBNc$_$13,1,just,0.1894736842105263,0.5684210526315789,3032,9095,2,6,189.4736842105263,568.421052631579,6,16,200.0,500.0,533.3333333333334,36,4,1.0,1.0,1.0,proportional,True,transcript_proportional
-MeTTeMJBNc$_$13,2,needs,0.5684210526315789,1.0421052631578946,9095,16674,6,11,568.421052631579,1042.1052631578946,18,31,600.0,1000.0,1033.3333333333333,45,5,1.0,1.0,1.0,proportional,True,transcript_proportional
-MeTTeMJBNc$_$13,3,to,1.0421052631578946,1.2315789473684209,16674,19705,11,13,1042.1052631578946,1231.5789473684208,33,37,1100.0,1200.0,1233.3333333333333,17,2,1.0,1.0,1.0,proportional,True,transcript_proportional
-MeTTeMJBNc$_$13,4,be,1.2315789473684209,1.4210526315789471,19705,22737,13,15,1231.5789473684208,1421.052631578947,39,43,1300.0,1400.0,1433.3333333333333,17,2,1.0,1.0,1.0,proportional,True,transcript_proportional
-MeTTeMJBNc$_$13,5,a,1.4210526315789471,1.5157894736842104,22737,24253,15,16,1421.052631578947,1515.7894736842104,45,46,1500.0,1500.0,1533.3333333333333,7,1,1.0,1.0,1.0,proportional,True,transcript_proportional
-MeTTeMJBNc$_$13,6,simple,1.5157894736842104,2.0842105263157893,24253,33347,16,21,1515.7894736842104,2084.210526315789,48,61,1600.0,2000.0,2033.3333333333333,55,5,1.0,0.8333333333333334,0.8333333333333334,proportional,True,transcript_proportional
-MeTTeMJBNc$_$13,7,"statement,",2.0842105263157893,3.0315789473684207,33347,48505,21,31,2084.210526315789,3031.578947368421,63,91,2100.0,3000.0,3033.3333333333335,93,10,1.0,1.0,1.0,proportional,True,transcript_proportional
-MeTTeMJBNc$_$13,8,and,3.0315789473684207,3.31578947368421,48505,53053,31,34,3031.578947368421,3315.78947368421,93,100,3100.0,3300.0,3333.3333333333335,26,3,1.0,1.0,1.0,proportional,True,transcript_proportional
-MeTTeMJBNc$_$13,9,then,3.31578947368421,3.6947368421052627,53053,59116,34,37,3315.78947368421,3694.7368421052624,102,109,3400.0,3600.0,3633.3333333333335,36,3,1.0,0.75,0.75,proportional,True,transcript_proportional
-MeTTeMJBNc$_$13,10,you,3.6947368421052627,3.978947368421052,59116,63663,37,40,3694.7368421052624,3978.947368421052,111,118,3700.0,3900.0,3933.3333333333335,26,3,1.0,1.0,1.0,proportional,True,transcript_proportional
-MeTTeMJBNc$_$13,11,present,3.978947368421052,4.6421052631578945,63663,74274,40,47,3978.947368421052,4642.105263157894,120,139,4000.0,4600.0,4633.333333333333,64,7,1.0,1.0,1.0,proportional,True,transcript_proportional
-MeTTeMJBNc$_$13,12,the,4.6421052631578945,4.9263157894736835,74274,78821,47,50,4642.105263157894,4926.315789473683,141,148,4700.0,4900.0,4933.333333333333,26,3,1.0,1.0,1.0,proportional,True,transcript_proportional
-MeTTeMJBNc$_$13,13,gift.,4.9263157894736835,5.3999999999999995,78821,84089,50,54,4926.315789473683,5255.5625,150,159,5000.0,5366.666666666666,5399.999999999999,31,4,0.6888888888888889,0.8,0.6888888888888889,proportional,True,transcript_proportional
-MeTTeMJBNc$_$7,0,Maybe,0.0,0.40384615384615385,0,6462,0,5,0.0,403.84615384615387,0,13,0.0,400.0,433.3333333333333,38,5,1.0,1.0,1.0,proportional,True,transcript_proportional
-MeTTeMJBNc$_$7,1,you,0.40384615384615385,0.6461538461538462,6462,10338,5,7,403.84615384615387,646.1538461538462,15,19,500.0,600.0,633.3333333333334,22,2,1.0,0.6666666666666666,0.6666666666666666,proportional,True,transcript_proportional
-MeTTeMJBNc$_$7,2,could,0.6461538461538462,1.05,10338,16800,7,11,646.1538461538462,1050.0,21,31,700.0,1000.0,1033.3333333333333,38,4,1.0,0.8,0.8,proportional,True,transcript_proportional
-MeTTeMJBNc$_$7,3,find,1.05,1.373076923076923,16800,21969,11,14,1050.0,1373.076923076923,33,40,1100.0,1300.0,1333.3333333333333,30,3,1.0,0.75,0.75,proportional,True,transcript_proportional
-MeTTeMJBNc$_$7,4,a,1.373076923076923,1.4538461538461538,21969,23262,14,15,1373.076923076923,1453.8461538461538,42,43,1400.0,1400.0,1433.3333333333333,6,1,1.0,1.0,1.0,proportional,True,transcript_proportional
-MeTTeMJBNc$_$7,5,picture,1.4538461538461538,2.019230769230769,23262,32308,15,21,1453.8461538461538,2019.230769230769,45,61,1500.0,2000.0,2033.3333333333333,55,6,1.0,1.0,1.0,proportional,True,transcript_proportional
-MeTTeMJBNc$_$7,6,of,2.019230769230769,2.1807692307692306,32308,34892,21,22,2019.230769230769,2180.7692307692305,63,64,2100.0,2100.0,2133.3333333333335,14,1,1.0,0.5,0.5,proportional,True,transcript_proportional
-MeTTeMJBNc$_$7,7,the,2.1807692307692306,2.423076923076923,34892,38769,22,25,2180.7692307692305,2423.076923076923,66,73,2200.0,2400.0,2433.3333333333335,22,3,1.0,1.0,1.0,proportional,True,transcript_proportional
-MeTTeMJBNc$_$7,8,couple,2.423076923076923,2.9076923076923076,38769,46523,25,30,2423.076923076923,2907.6923076923076,75,88,2500.0,2900.0,2933.3333333333335,46,5,1.0,1.0,1.0,proportional,True,transcript_proportional
-MeTTeMJBNc$_$7,9,from,2.9076923076923076,3.230769230769231,46523,51692,30,33,2907.6923076923076,3230.769230769231,90,97,3000.0,3200.0,3233.3333333333335,30,3,1.0,0.75,0.75,proportional,True,transcript_proportional
-MeTTeMJBNc$_$7,10,their,3.230769230769231,3.6346153846153846,51692,58154,33,37,3230.769230769231,3634.6153846153848,99,109,3300.0,3600.0,3633.3333333333335,38,4,1.0,0.8,0.8,proportional,True,transcript_proportional
-MeTTeMJBNc$_$7,11,wedding,3.6346153846153846,4.2,58154,67200,37,42,3634.6153846153848,4200.0,111,124,3700.0,4100.0,4133.333333333333,55,5,1.0,0.8333333333333334,0.8333333333333334,proportional,True,transcript_proportional
-MeTTeMJBNc$_$7,12,or,4.2,4.361538461538461,67200,69785,42,44,4200.0,4361.538461538461,126,130,4200.0,4300.0,4333.333333333333,14,2,1.0,1.0,1.0,proportional,True,transcript_proportional
-MeTTeMJBNc$_$7,13,sometime,4.361538461538461,5.007692307692308,69785,80123,44,51,4361.538461538461,5007.692307692308,132,151,4400.0,5000.0,5033.333333333333,63,7,1.0,1.0,1.0,proportional,True,transcript_proportional
-MeTTeMJBNc$_$7,14,in,5.007692307692308,5.1692307692307695,80123,82708,51,52,5007.692307692308,5169.2307692307695,153,154,5100.0,5100.0,5133.333333333333,14,1,1.0,0.5,0.5,proportional,True,transcript_proportional
-MeTTeMJBNc$_$7,15,their,5.1692307692307695,5.573076923076923,82708,89169,52,56,5169.2307692307695,5573.076923076923,156,166,5200.0,5500.0,5533.333333333333,38,4,1.0,0.8,0.8,proportional,True,transcript_proportional
-MeTTeMJBNc$_$7,16,"life,",5.573076923076923,5.976923076923077,89169,95631,56,60,5573.076923076923,5976.923076923077,168,178,5600.0,5900.0,5933.333333333333,38,4,1.0,0.8,0.8,proportional,True,transcript_proportional
-MeTTeMJBNc$_$7,17,or,5.976923076923077,6.138461538461539,95631,98215,60,62,5976.923076923077,6138.461538461539,180,184,6000.0,6100.0,6133.333333333333,14,2,1.0,1.0,1.0,proportional,True,transcript_proportional
-MeTTeMJBNc$_$7,18,maybe,6.138461538461539,6.542307692307692,98215,104677,62,66,6138.461538461539,6542.307692307692,186,196,6200.0,6500.0,6533.333333333333,38,4,1.0,0.8,0.8,proportional,True,transcript_proportional
-MeTTeMJBNc$_$7,19,even,6.542307692307692,6.865384615384615,104677,109846,66,69,6542.307692307692,6865.384615384615,198,205,6600.0,6800.0,6833.333333333333,30,3,1.0,0.75,0.75,proportional,True,transcript_proportional
-MeTTeMJBNc$_$7,20,a,6.865384615384615,6.946153846153846,109846,111138,69,70,6865.384615384615,6946.153846153847,207,208,6900.0,6900.0,6933.333333333333,6,1,1.0,1.0,1.0,proportional,True,transcript_proportional
-MeTTeMJBNc$_$7,21,current,6.946153846153846,7.5115384615384615,111138,120185,70,76,6946.153846153847,7511.538461538462,210,226,7000.0,7500.0,7533.333333333333,55,6,1.0,1.0,1.0,proportional,True,transcript_proportional
-MeTTeMJBNc$_$7,22,picture,7.5115384615384615,8.076923076923077,120185,129231,76,81,7511.538461538462,8076.923076923076,228,241,7600.0,8000.0,8033.333333333333,55,5,1.0,0.8333333333333334,0.8333333333333334,proportional,True,transcript_proportional
-MeTTeMJBNc$_$7,23,and,8.076923076923077,8.319230769230769,129231,133108,81,84,8076.923076923076,8319.23076923077,243,250,8100.0,8300.0,8333.333333333334,22,3,1.0,1.0,1.0,proportional,True,transcript_proportional
-MeTTeMJBNc$_$7,24,have,8.319230769230769,8.642307692307693,133108,138277,84,87,8319.23076923077,8642.307692307693,252,259,8400.0,8600.0,8633.333333333334,30,3,1.0,0.75,0.75,proportional,True,transcript_proportional
-MeTTeMJBNc$_$7,25,it,8.642307692307693,8.803846153846154,138277,140862,87,89,8642.307692307693,8803.846153846154,261,265,8700.0,8800.0,8833.333333333334,14,2,1.0,1.0,1.0,proportional,True,transcript_proportional
-MeTTeMJBNc$_$7,26,put,8.803846153846154,9.046153846153846,140862,144738,89,91,8803.846153846154,9046.153846153846,267,271,8900.0,9000.0,9033.333333333334,22,2,1.0,0.6666666666666666,0.6666666666666666,proportional,True,transcript_proportional
-MeTTeMJBNc$_$7,27,in,9.046153846153846,9.207692307692307,144738,147323,91,93,9046.153846153846,9207.692307692307,273,277,9100.0,9200.0,9233.333333333334,14,2,1.0,1.0,1.0,proportional,True,transcript_proportional
-MeTTeMJBNc$_$7,28,a,9.207692307692307,9.288461538461538,147323,148615,93,93,9207.692307692307,9288.461538461539,-1,-1,,,,6,0,1.0,0.0,0.0,proportional,True,transcript_proportional
-MeTTeMJBNc$_$7,29,beautiful,9.288461538461538,10.015384615384615,148615,160246,93,101,9288.461538461539,10015.384615384615,279,301,9300.0,10000.0,10033.333333333334,71,8,1.0,1.0,1.0,proportional,True,transcript_proportional
-MeTTeMJBNc$_$7,30,frame.,10.015384615384615,10.5,160246,166582,101,105,10015.384615384615,10411.375,303,313,10100.0,10400.0,10433.333333333334,38,4,0.8260869565217391,0.8,0.8,proportional,True,transcript_proportional
-RfYyzHpjk4$_$11,0,So,0.0,0.14337899543378996,0,2294,0,2,0.0,143.37899543378995,0,4,0.0,100.0,133.33333333333334,12,2,1.0,1.0,1.0,proportional,True,transcript_proportional
-RfYyzHpjk4$_$11,1,get,0.14337899543378996,0.3584474885844749,2294,5735,2,4,143.37899543378995,358.4474885844749,6,10,200.0,300.0,333.3333333333333,20,2,1.0,0.6666666666666666,0.6666666666666666,proportional,True,transcript_proportional
-RfYyzHpjk4$_$11,2,your,0.3584474885844749,0.6452054794520549,5735,10323,4,7,358.4474885844749,645.2054794520549,12,19,400.0,600.0,633.3333333333334,27,3,1.0,1.0,1.0,proportional,True,transcript_proportional
-RfYyzHpjk4$_$11,3,friends,0.6452054794520549,1.1470319634703197,10323,18353,7,12,645.2054794520549,1147.0319634703196,21,34,700.0,1100.0,1133.3333333333333,48,5,1.0,0.8333333333333334,0.8333333333333334,proportional,True,transcript_proportional
-RfYyzHpjk4$_$11,4,lined,1.1470319634703197,1.5054794520547945,18353,24088,12,16,1147.0319634703196,1505.4794520547946,36,46,1200.0,1500.0,1533.3333333333333,34,4,1.0,1.0,1.0,proportional,True,transcript_proportional
-RfYyzHpjk4$_$11,5,"up,",1.5054794520547945,1.7205479452054793,24088,27529,16,18,1505.4794520547946,1720.5479452054792,48,52,1600.0,1700.0,1733.3333333333333,20,2,1.0,0.6666666666666666,0.6666666666666666,proportional,True,transcript_proportional
-RfYyzHpjk4$_$11,6,get,1.7205479452054793,1.9356164383561645,27529,30970,18,20,1720.5479452054792,1935.6164383561645,54,58,1800.0,1900.0,1933.3333333333333,20,2,1.0,0.6666666666666666,0.6666666666666666,proportional,True,transcript_proportional
-RfYyzHpjk4$_$11,7,your,1.9356164383561645,2.2223744292237444,30970,35558,20,23,1935.6164383561645,2222.3744292237443,60,67,2000.0,2200.0,2233.3333333333335,27,3,1.0,1.0,1.0,proportional,True,transcript_proportional
-RfYyzHpjk4$_$11,8,business,2.2223744292237444,2.7958904109589042,35558,44734,23,28,2222.3744292237443,2795.8904109589043,69,82,2300.0,2700.0,2733.3333333333335,55,5,1.0,0.8333333333333334,0.8333333333333334,proportional,True,transcript_proportional
-RfYyzHpjk4$_$11,9,colleagues,2.7958904109589042,3.512785388127854,44734,56205,28,36,2795.8904109589043,3512.785388127854,84,106,2800.0,3500.0,3533.3333333333335,70,8,1.0,1.0,1.0,proportional,True,transcript_proportional
-RfYyzHpjk4$_$11,10,lined,3.512785388127854,3.871232876712329,56205,61940,36,39,3512.785388127854,3871.232876712329,108,115,3600.0,3800.0,3833.3333333333335,34,3,1.0,0.75,0.75,proportional,True,transcript_proportional
-RfYyzHpjk4$_$11,11,up,3.871232876712329,4.014611872146118,61940,64234,39,41,3871.232876712329,4014.6118721461185,117,121,3900.0,4000.0,4033.3333333333335,12,2,1.0,1.0,1.0,proportional,True,transcript_proportional
-RfYyzHpjk4$_$11,12,and,4.014611872146118,4.229680365296804,64234,67675,41,43,4014.6118721461185,4229.680365296804,123,127,4100.0,4200.0,4233.333333333333,20,2,1.0,0.6666666666666666,0.6666666666666666,proportional,True,transcript_proportional
-RfYyzHpjk4$_$11,13,have,4.229680365296804,4.516438356164383,67675,72263,43,46,4229.680365296804,4516.438356164384,129,136,4300.0,4500.0,4533.333333333333,27,3,1.0,1.0,1.0,proportional,True,transcript_proportional
-RfYyzHpjk4$_$11,14,a,4.516438356164383,4.588127853881279,72263,73410,46,46,4516.438356164384,4588.1278538812785,-1,-1,,,,5,0,1.0,0.0,0.0,proportional,True,transcript_proportional
-RfYyzHpjk4$_$11,15,good,4.588127853881279,4.874885844748858,73410,77998,46,49,4588.1278538812785,4874.885844748858,138,145,4600.0,4800.0,4833.333333333333,27,3,1.0,1.0,1.0,proportional,True,transcript_proportional
-RfYyzHpjk4$_$11,16,time.,4.874885844748858,5.233333333333333,77998,81198,49,52,4874.885844748858,5074.875,147,154,4900.0,5200.0,5233.333333333333,18,3,0.5294117647058824,0.75,0.5294117647058824,proportional,True,transcript_proportional
-RfYyzHpjk4$_$8,0,It's,0.0,0.28102564102564104,0,4496,0,3,0.0,281.02564102564105,0,7,0.0,200.0,233.33333333333334,26,3,1.0,1.0,1.0,proportional,True,transcript_proportional
-RfYyzHpjk4$_$8,1,"pretty,",0.28102564102564104,0.7728205128205128,4496,12365,3,8,281.02564102564105,772.8205128205128,9,22,300.0,700.0,733.3333333333334,47,5,1.0,1.0,1.0,proportional,True,transcript_proportional
-RfYyzHpjk4$_$8,2,pretty,0.7728205128205128,1.1943589743589742,12365,19110,8,12,772.8205128205128,1194.3589743589741,24,34,800.0,1100.0,1133.3333333333333,40,4,1.0,0.8,0.8,proportional,True,transcript_proportional
-RfYyzHpjk4$_$8,3,easy,1.1943589743589742,1.4753846153846153,19110,23606,12,15,1194.3589743589741,1475.3846153846152,36,43,1200.0,1400.0,1433.3333333333333,26,3,1.0,1.0,1.0,proportional,True,transcript_proportional
-RfYyzHpjk4$_$8,4,to,1.4753846153846153,1.6158974358974358,23606,25854,15,17,1475.3846153846152,1615.8974358974358,45,49,1500.0,1600.0,1633.3333333333333,12,2,1.0,1.0,1.0,proportional,True,transcript_proportional
-RfYyzHpjk4$_$8,5,do,1.6158974358974358,1.7564102564102562,25854,28103,17,18,1615.8974358974358,1756.4102564102561,51,52,1700.0,1700.0,1733.3333333333333,12,1,1.0,0.5,0.5,proportional,True,transcript_proportional
-RfYyzHpjk4$_$8,6,but,1.7564102564102562,1.967179487179487,28103,31475,18,20,1756.4102564102561,1967.179487179487,54,58,1800.0,1900.0,1933.3333333333333,19,2,1.0,0.6666666666666666,0.6666666666666666,proportional,True,transcript_proportional
-RfYyzHpjk4$_$8,7,you,1.967179487179487,2.177948717948718,31475,34847,20,22,1967.179487179487,2177.9487179487182,60,64,2000.0,2100.0,2133.3333333333335,19,2,1.0,0.6666666666666666,0.6666666666666666,proportional,True,transcript_proportional
-RfYyzHpjk4$_$8,8,got,2.177948717948718,2.3887179487179484,34847,38219,22,24,2177.9487179487182,2388.7179487179483,66,70,2200.0,2300.0,2333.3333333333335,19,2,1.0,0.6666666666666666,0.6666666666666666,proportional,True,transcript_proportional
-RfYyzHpjk4$_$8,9,to,2.3887179487179484,2.529230769230769,38219,40468,24,26,2388.7179487179483,2529.230769230769,72,76,2400.0,2500.0,2533.3333333333335,12,2,1.0,1.0,1.0,proportional,True,transcript_proportional
-RfYyzHpjk4$_$8,10,set,2.529230769230769,2.7399999999999998,40468,43840,26,28,2529.230769230769,2739.9999999999995,78,82,2600.0,2700.0,2733.3333333333335,19,2,1.0,0.6666666666666666,0.6666666666666666,proportional,True,transcript_proportional
-RfYyzHpjk4$_$8,11,up,2.7399999999999998,2.8805128205128203,43840,46088,28,29,2739.9999999999995,2880.5128205128203,84,85,2800.0,2800.0,2833.3333333333335,12,1,1.0,0.5,0.5,proportional,True,transcript_proportional
-RfYyzHpjk4$_$8,12,those,2.8805128205128203,3.2317948717948717,46088,51709,29,33,2880.5128205128203,3231.7948717948716,87,97,2900.0,3200.0,3233.3333333333335,33,4,1.0,1.0,1.0,proportional,True,transcript_proportional
-RfYyzHpjk4$_$8,13,numbers,3.2317948717948717,3.7235897435897436,51709,59577,33,38,3231.7948717948716,3723.5897435897436,99,112,3300.0,3700.0,3733.3333333333335,47,5,1.0,1.0,1.0,proportional,True,transcript_proportional
-RfYyzHpjk4$_$8,14,ahead,3.7235897435897436,4.074871794871795,59577,65198,38,41,3723.5897435897436,4074.871794871795,114,121,3800.0,4000.0,4033.3333333333335,33,3,1.0,0.75,0.75,proportional,True,transcript_proportional
-RfYyzHpjk4$_$8,15,of,4.074871794871795,4.2153846153846155,65198,67446,41,43,4074.871794871795,4215.384615384615,123,127,4100.0,4200.0,4233.333333333333,12,2,1.0,1.0,1.0,proportional,True,transcript_proportional
-RfYyzHpjk4$_$8,16,time.,4.2153846153846155,4.566666666666666,67446,72518,43,46,4215.384615384615,4532.375,129,136,4300.0,4500.0,4533.333333333333,30,3,0.9090909090909091,0.75,0.75,proportional,True,transcript_proportional
-RfYyzHpjk4$_$2,0,You,0.0,0.1736842105263158,0,2779,0,2,0.0,173.6842105263158,0,4,0.0,100.0,133.33333333333334,15,2,1.0,1.0,1.0,proportional,True,transcript_proportional
-RfYyzHpjk4$_$2,1,can,0.1736842105263158,0.3473684210526316,2779,5558,2,4,173.6842105263158,347.3684210526316,6,10,200.0,300.0,333.3333333333333,15,2,1.0,1.0,1.0,proportional,True,transcript_proportional
-RfYyzHpjk4$_$2,2,make,0.3473684210526316,0.5789473684210527,5558,9263,4,6,347.3684210526316,578.9473684210526,12,16,400.0,500.0,533.3333333333334,21,2,1.0,0.6666666666666666,0.6666666666666666,proportional,True,transcript_proportional
-RfYyzHpjk4$_$2,3,a,0.5789473684210527,0.6368421052631579,9263,10189,6,7,578.9473684210526,636.8421052631579,18,19,600.0,600.0,633.3333333333334,4,1,1.0,1.0,1.0,proportional,True,transcript_proportional
-RfYyzHpjk4$_$2,4,conference,0.6368421052631579,1.2157894736842105,10189,19453,7,13,636.8421052631579,1215.7894736842106,21,37,700.0,1200.0,1233.3333333333333,56,6,1.0,1.0,1.0,proportional,True,transcript_proportional
-RfYyzHpjk4$_$2,5,call,1.2157894736842105,1.4473684210526316,19453,23158,13,15,1215.7894736842106,1447.3684210526317,39,43,1300.0,1400.0,1433.3333333333333,21,2,1.0,0.6666666666666666,0.6666666666666666,proportional,True,transcript_proportional
-RfYyzHpjk4$_$2,6,but,1.4473684210526316,1.6210526315789473,23158,25937,15,17,1447.3684210526317,1621.0526315789473,45,49,1500.0,1600.0,1633.3333333333333,15,2,1.0,1.0,1.0,proportional,True,transcript_proportional
-RfYyzHpjk4$_$2,7,it,1.6210526315789473,1.736842105263158,25937,27789,17,18,1621.0526315789473,1736.842105263158,51,52,1700.0,1700.0,1733.3333333333333,10,1,1.0,0.5,0.5,proportional,True,transcript_proportional
-RfYyzHpjk4$_$2,8,takes,1.736842105263158,2.026315789473684,27789,32421,18,21,1736.842105263158,2026.3157894736842,54,61,1800.0,2000.0,2033.3333333333333,27,3,1.0,1.0,1.0,proportional,True,transcript_proportional
-RfYyzHpjk4$_$2,9,quite,2.026315789473684,2.3157894736842106,32421,37053,21,24,2026.3157894736842,2315.7894736842104,63,70,2100.0,2300.0,2333.3333333333335,27,3,1.0,1.0,1.0,proportional,True,transcript_proportional
-RfYyzHpjk4$_$2,10,a,2.3157894736842106,2.373684210526316,37053,37979,24,24,2315.7894736842104,2373.684210526316,-1,-1,,,,4,0,1.0,0.0,0.0,proportional,True,transcript_proportional
-RfYyzHpjk4$_$2,11,bit,2.373684210526316,2.5473684210526315,37979,40758,24,26,2373.684210526316,2547.3684210526317,72,76,2400.0,2500.0,2533.3333333333335,15,2,1.0,1.0,1.0,proportional,True,transcript_proportional
-RfYyzHpjk4$_$2,12,of,2.5473684210526315,2.663157894736842,40758,42611,26,27,2547.3684210526317,2663.157894736842,78,79,2600.0,2600.0,2633.3333333333335,10,1,1.0,0.5,0.5,proportional,True,transcript_proportional
-RfYyzHpjk4$_$2,13,"planning,",2.663157894736842,3.1842105263157894,42611,50947,27,32,2663.157894736842,3184.2105263157896,81,94,2700.0,3100.0,3133.3333333333335,50,5,1.0,0.8333333333333334,0.8333333333333334,proportional,True,transcript_proportional
-RfYyzHpjk4$_$2,14,well,3.1842105263157894,3.4157894736842107,50947,54653,32,35,3184.2105263157896,3415.789473684211,96,103,3200.0,3400.0,3433.3333333333335,21,3,1.0,1.0,1.0,proportional,True,transcript_proportional
-RfYyzHpjk4$_$2,15,not,3.4157894736842107,3.5894736842105264,54653,57432,35,36,3415.789473684211,3589.4736842105262,105,106,3500.0,3500.0,3533.3333333333335,15,1,1.0,0.5,0.5,proportional,True,transcript_proportional
-RfYyzHpjk4$_$2,16,a,3.5894736842105264,3.6473684210526316,57432,58358,36,37,3589.4736842105262,3647.3684210526317,108,109,3600.0,3600.0,3633.3333333333335,4,1,1.0,1.0,1.0,proportional,True,transcript_proportional
-RfYyzHpjk4$_$2,17,lot,3.6473684210526316,3.8210526315789473,58358,61137,37,39,3647.3684210526317,3821.052631578947,111,115,3700.0,3800.0,3833.3333333333335,15,2,1.0,1.0,1.0,proportional,True,transcript_proportional
-RfYyzHpjk4$_$2,18,of,3.8210526315789473,3.9368421052631577,61137,62989,39,40,3821.052631578947,3936.842105263158,117,118,3900.0,3900.0,3933.3333333333335,10,1,1.0,0.5,0.5,proportional,True,transcript_proportional
-RfYyzHpjk4$_$2,19,planning,3.9368421052631577,4.4,62989,70400,40,44,3936.842105263158,4400.0,120,130,4000.0,4300.0,4333.333333333333,44,4,1.0,0.8,0.8,proportional,True,transcript_proportional
-RfYyzHpjk4$_$2,20,it's,4.4,4.631578947368421,70400,74105,44,47,4400.0,4631.578947368421,132,139,4400.0,4600.0,4633.333333333333,21,3,1.0,1.0,1.0,proportional,True,transcript_proportional
-RfYyzHpjk4$_$2,21,pretty,4.631578947368421,4.978947368421053,74105,79663,47,50,4631.578947368421,4978.9473684210525,141,148,4700.0,4900.0,4933.333333333333,33,3,1.0,0.75,0.75,proportional,True,transcript_proportional
-RfYyzHpjk4$_$2,22,easy,4.978947368421053,5.2105263157894735,79663,83368,50,53,4978.9473684210525,5210.526315789473,150,157,5000.0,5200.0,5233.333333333333,21,3,1.0,1.0,1.0,proportional,True,transcript_proportional
-RfYyzHpjk4$_$2,23,to,5.2105263157894735,5.326315789473684,83368,85221,53,54,5210.526315789473,5326.315789473684,159,160,5300.0,5300.0,5333.333333333333,10,1,1.0,0.5,0.5,proportional,True,transcript_proportional
-RfYyzHpjk4$_$2,24,do.,5.326315789473684,5.5,85221,86270,54,55,5326.315789473684,5391.875,162,163,5400.0,5400.0,5433.333333333333,5,1,0.3333333333333333,0.5,0.3333333333333333,proportional,True,transcript_proportional
-UUCSKoHeMA$_$0,0,I,0.0,0.10350877192982455,0,1656,0,2,0.0,103.50877192982455,0,4,0.0,100.0,133.33333333333334,8,2,1.0,1.0,1.0,proportional,True,transcript_proportional
-UUCSKoHeMA$_$0,1,mentioned,0.10350877192982455,1.0350877192982455,1656,16561,2,11,103.50877192982455,1035.0877192982455,6,31,200.0,1000.0,1033.3333333333333,91,9,1.0,0.9,0.9,proportional,True,transcript_proportional
-UUCSKoHeMA$_$0,2,a,1.0350877192982455,1.1385964912280702,16561,18218,11,12,1035.0877192982455,1138.5964912280701,33,34,1100.0,1100.0,1133.3333333333333,8,1,1.0,0.5,0.5,proportional,True,transcript_proportional
-UUCSKoHeMA$_$0,3,word,1.1385964912280702,1.5526315789473684,18218,24842,12,16,1138.5964912280701,1552.6315789473683,36,46,1200.0,1500.0,1533.3333333333333,39,4,1.0,0.8,0.8,proportional,True,transcript_proportional
-UUCSKoHeMA$_$0,4,in,1.5526315789473684,1.7596491228070175,24842,28154,16,18,1552.6315789473683,1759.6491228070174,48,52,1600.0,1700.0,1733.3333333333333,19,2,1.0,0.6666666666666666,0.6666666666666666,proportional,True,transcript_proportional
-UUCSKoHeMA$_$0,5,the,1.7596491228070175,2.070175438596491,28154,33123,18,21,1759.6491228070174,2070.175438596491,54,61,1800.0,2000.0,2033.3333333333333,29,3,1.0,0.75,0.75,proportional,True,transcript_proportional
-UUCSKoHeMA$_$0,6,last,2.070175438596491,2.484210526315789,33123,39747,21,25,2070.175438596491,2484.210526315789,63,73,2100.0,2400.0,2433.3333333333335,39,4,1.0,0.8,0.8,proportional,True,transcript_proportional
-UUCSKoHeMA$_$0,7,clip,2.484210526315789,2.8982456140350874,39747,46372,25,29,2484.210526315789,2898.2456140350873,75,85,2500.0,2800.0,2833.3333333333335,39,4,1.0,0.8,0.8,proportional,True,transcript_proportional
-UUCSKoHeMA$_$0,8,called,2.8982456140350874,3.519298245614035,46372,56309,29,36,2898.2456140350873,3519.298245614035,87,106,2900.0,3500.0,3533.3333333333335,60,7,1.0,1.0,1.0,proportional,True,transcript_proportional
-UUCSKoHeMA$_$0,9,"'monotone',",3.519298245614035,4.657894736842105,56309,74526,36,47,3519.298245614035,4657.894736842105,108,139,3600.0,4600.0,4633.333333333333,112,11,1.0,0.9166666666666666,0.9166666666666666,proportional,True,transcript_proportional
-UUCSKoHeMA$_$0,10,and,4.657894736842105,4.968421052631578,74526,79495,47,50,4657.894736842105,4968.421052631578,141,148,4700.0,4900.0,4933.333333333333,29,3,1.0,0.75,0.75,proportional,True,transcript_proportional
-UUCSKoHeMA$_$0,11,I,4.968421052631578,5.071929824561403,79495,81151,50,51,4968.421052631578,5071.929824561403,150,151,5000.0,5000.0,5033.333333333333,8,1,1.0,0.5,0.5,proportional,True,transcript_proportional
-UUCSKoHeMA$_$0,12,want,5.071929824561403,5.485964912280702,81151,87775,51,55,5071.929824561403,5485.964912280701,153,163,5100.0,5400.0,5433.333333333333,39,4,1.0,0.8,0.8,proportional,True,transcript_proportional
-UUCSKoHeMA$_$0,13,to,5.485964912280702,5.69298245614035,87775,91088,55,57,5485.964912280701,5692.98245614035,165,169,5500.0,5600.0,5633.333333333333,19,2,1.0,0.6666666666666666,0.6666666666666666,proportional,True,transcript_proportional
-UUCSKoHeMA$_$0,14,talk,5.69298245614035,6.107017543859649,91088,97712,57,62,5692.98245614035,6107.017543859649,171,184,5700.0,6100.0,6133.333333333333,39,5,1.0,1.0,1.0,proportional,True,transcript_proportional
-UUCSKoHeMA$_$0,15,about,6.107017543859649,6.624561403508771,97712,105993,62,67,6107.017543859649,6624.561403508771,186,199,6200.0,6600.0,6633.333333333333,50,5,1.0,0.8333333333333334,0.8333333333333334,proportional,True,transcript_proportional
-UUCSKoHeMA$_$0,16,that,6.624561403508771,7.03859649122807,105993,112618,67,71,6624.561403508771,7038.59649122807,201,211,6700.0,7000.0,7033.333333333333,39,4,1.0,0.8,0.8,proportional,True,transcript_proportional
-UUCSKoHeMA$_$0,17,briefly.,7.03859649122807,7.866666666666667,112618,123716,71,79,7038.59649122807,7732.25,213,234,7100.0,7833.333333333333,7866.666666666666,67,8,0.8271604938271605,0.8888888888888888,0.8271604938271605,proportional,True,transcript_proportional
-ri04Z7vwnc$_$0,0,going,0.0,0.3881203703703704,0,6210,0,4,0.0,388.1203703703704,0,10,0.0,375.37777777777774,417.08607594936706,37,4,1.0,1.0,1.0,proportional,True,transcript_proportional
-ri04Z7vwnc$_$0,1,to,0.3881203703703704,0.5433685185185185,6210,8694,4,5,388.1203703703704,543.3685185185185,12,13,500.49999999999994,500.49999999999994,542.2082981715893,14,1,1.0,0.5,0.5,proportional,True,transcript_proportional
-ri04Z7vwnc$_$0,2,get,0.5433685185185185,0.7762407407407408,8694,12420,5,7,543.3685185185185,776.2407407407408,15,19,625.6222222222221,750.7555555555555,792.4638537271447,21,2,1.0,0.6666666666666666,0.6666666666666666,proportional,True,transcript_proportional
-ri04Z7vwnc$_$0,3,married,0.7762407407407408,1.3196092592592592,12420,21114,7,11,776.2407407407408,1319.6092592592593,21,31,875.8777777777777,1251.2555555555555,1292.9638537271449,52,4,1.0,0.6666666666666666,0.6666666666666666,proportional,True,transcript_proportional
-ri04Z7vwnc$_$0,4,or,1.3196092592592592,1.4748574074074075,21114,23598,11,12,1319.6092592592593,1474.8574074074074,33,34,1376.3777777777777,1376.3777777777777,1418.0860759493671,14,1,1.0,0.5,0.5,proportional,True,transcript_proportional
-ri04Z7vwnc$_$0,5,are,1.4748574074074075,1.7077296296296298,23598,27324,12,14,1474.8574074074074,1707.72962962963,36,40,1501.5,1626.6222222222223,1668.3305203938116,21,2,1.0,0.6666666666666666,0.6666666666666666,proportional,True,transcript_proportional
-ri04Z7vwnc$_$0,6,already,1.7077296296296298,2.2510981481481482,27324,36018,14,18,1707.72962962963,2251.098148148148,42,52,1751.7555555555555,2127.1222222222223,2168.8305203938116,52,4,1.0,0.6666666666666666,0.6666666666666666,proportional,True,transcript_proportional
-ri04Z7vwnc$_$0,7,married,2.2510981481481482,2.7944666666666667,36018,44213,18,23,2251.098148148148,2763.3125,54,67,2252.2555555555555,2752.7555555555555,2794.463853727145,49,5,0.9423076923076923,0.8333333333333334,0.8333333333333334,proportional,True,transcript_proportional
-ri04Z7vwnc$_$2,0,most,0.0,0.28599947089947086,0,4576,0,3,0.0,285.99947089947085,0,7,0.0,250.25555555555556,291.96385542168673,27,3,1.0,1.0,1.0,proportional,True,transcript_proportional
-ri04Z7vwnc$_$2,1,people,0.28599947089947086,0.7149986772486772,4576,11440,3,6,285.99947089947085,714.9986772486772,9,16,375.37777777777774,625.6333333333333,667.3416331994645,41,3,1.0,0.6,0.6,proportional,True,transcript_proportional
-ri04Z7vwnc$_$2,2,think,0.7149986772486772,1.0724980158730157,11440,17160,6,9,714.9986772486772,1072.4980158730157,18,25,750.7555555555555,1000.9999999999999,1042.708299866131,34,3,1.0,0.75,0.75,proportional,True,transcript_proportional
-ri04Z7vwnc$_$2,3,it'll,1.0724980158730157,1.4299973544973543,17160,22880,9,12,1072.4980158730157,1429.9973544973543,27,34,1126.1333333333334,1376.3777777777777,1418.086077643909,34,3,1.0,0.75,0.75,proportional,True,transcript_proportional
-ri04Z7vwnc$_$2,4,sort,1.4299973544973543,1.7159968253968254,22880,27456,12,14,1429.9973544973543,1715.9968253968254,36,40,1501.5,1626.6333333333334,1668.3416331994647,27,2,1.0,0.6666666666666666,0.6666666666666666,proportional,True,transcript_proportional
-ri04Z7vwnc$_$2,5,itself,1.7159968253968254,2.1449960317460315,27456,34320,14,18,1715.9968253968254,2144.9960317460313,42,52,1751.7555555555555,2127.1333333333337,2168.841633199465,41,4,1.0,0.8,0.8,proportional,True,transcript_proportional
-ri04Z7vwnc$_$2,6,"out,",2.1449960317460315,2.4309955026455023,34320,38896,18,20,2144.9960317460313,2430.9955026455023,54,58,2252.2555555555555,2377.3777777777777,2419.086077643909,27,2,1.0,0.6666666666666666,0.6666666666666666,proportional,True,transcript_proportional
-ri04Z7vwnc$_$2,7,"""we'll",2.4309955026455023,2.8599947089947086,38896,45760,20,23,2430.9955026455023,2859.9947089947086,60,67,2502.5,2752.7555555555555,2794.4638554216867,41,3,1.0,0.6,0.6,proportional,True,transcript_proportional
-ri04Z7vwnc$_$2,8,discuss,2.8599947089947086,3.3604937830687827,45760,53768,23,27,2859.9947089947086,3360.4937830687827,69,79,2877.877777777778,3253.2555555555555,3294.9638554216867,48,4,1.0,0.6666666666666666,0.6666666666666666,proportional,True,transcript_proportional
-ri04Z7vwnc$_$2,9,it,3.3604937830687827,3.503493518518518,53768,56056,27,28,3360.4937830687827,3503.493518518518,81,82,3378.3777777777777,3378.3777777777777,3420.086077643909,12,1,1.0,0.5,0.5,proportional,True,transcript_proportional
-ri04Z7vwnc$_$2,10,"later,""",3.503493518518518,4.003992592592592,56056,64064,28,32,3503.493518518518,4003.9925925925922,84,94,3503.5,3878.8777777777777,3920.586077643909,48,4,1.0,0.6666666666666666,0.6666666666666666,proportional,True,transcript_proportional
-ri04Z7vwnc$_$2,11,it's,4.003992592592592,4.289992063492063,64064,68640,32,35,4003.9925925925922,4289.992063492063,96,103,4003.9999999999995,4254.2555555555555,4295.963855421686,27,3,1.0,1.0,1.0,proportional,True,transcript_proportional
-ri04Z7vwnc$_$2,12,not,4.289992063492063,4.504491666666666,68640,72072,35,36,4289.992063492063,4504.491666666666,105,106,4379.377777777778,4379.377777777778,4421.0860776439085,19,1,1.0,0.3333333333333333,0.3333333333333333,proportional,True,transcript_proportional
-ri04Z7vwnc$_$2,13,something,4.504491666666666,5.147990476190476,72072,82368,36,42,4504.491666666666,5147.990476190475,108,124,4504.5,5130.122222222222,5171.830522088353,62,6,1.0,0.8571428571428571,0.8571428571428571,proportional,True,transcript_proportional
-ri04Z7vwnc$_$2,14,too,5.147990476190476,5.362490079365078,82368,85800,42,43,5147.990476190475,5362.490079365079,126,127,5255.2555555555555,5255.2555555555555,5296.963855421686,19,1,1.0,0.3333333333333333,0.3333333333333333,proportional,True,transcript_proportional
-ri04Z7vwnc$_$2,15,important,5.362490079365078,6.005988888888888,85800,94615,43,48,5362.490079365079,5913.4375,129,142,5380.377777777778,5880.877777777778,5922.5860776439085,53,5,0.8548387096774194,0.7142857142857143,0.7142857142857143,proportional,True,transcript_proportional
-ri04Z7vwnc$_$5,0,"""",0.0,0.08983333333333333,0,1437,0,1,0.0,89.83333333333333,0,1,0.0,0.0,41.708294209702665,7,1,1.0,1.0,1.0,proportional,True,transcript_proportional
-ri04Z7vwnc$_$5,1,So,0.08983333333333333,0.2695,1437,4312,1,3,89.83333333333333,269.5,3,7,125.13333333333334,250.25555555555556,291.9638497652582,16,2,1.0,1.0,1.0,proportional,True,transcript_proportional
-ri04Z7vwnc$_$5,2,I,0.2695,0.35933333333333334,4312,5749,3,3,269.5,359.3333333333333,-1,-1,,,,7,0,1.0,0.0,0.0,proportional,True,transcript_proportional
-ri04Z7vwnc$_$5,3,think,0.35933333333333334,0.8085,5749,12936,3,7,359.3333333333333,808.5,9,19,375.37777777777774,750.7555555555555,792.4638497652581,43,4,1.0,0.8,0.8,proportional,True,transcript_proportional
-ri04Z7vwnc$_$5,4,it's,0.8085,1.1678333333333335,12936,18685,7,10,808.5,1167.8333333333335,21,28,875.8777777777777,1126.1333333333334,1167.841627543036,34,3,1.0,0.75,0.75,proportional,True,transcript_proportional
-ri04Z7vwnc$_$5,5,important,1.1678333333333335,1.9763333333333337,18685,31621,10,16,1167.8333333333335,1976.3333333333337,30,46,1251.2555555555555,1876.877777777778,1918.5860719874806,79,6,1.0,0.6666666666666666,0.6666666666666666,proportional,True,transcript_proportional
-ri04Z7vwnc$_$5,6,to,1.9763333333333337,2.156,31621,34496,16,18,1976.3333333333337,2156.0,48,52,2001.9999999999998,2127.1333333333337,2168.8416275430363,16,2,1.0,1.0,1.0,proportional,True,transcript_proportional
-ri04Z7vwnc$_$5,7,discuss,2.156,2.7848333333333337,34496,44557,18,23,2156.0,2784.833333333334,54,67,2252.2555555555555,2752.7555555555555,2794.463849765258,61,5,1.0,0.7142857142857143,0.7142857142857143,proportional,True,transcript_proportional
-ri04Z7vwnc$_$5,8,finances,2.7848333333333337,3.5035000000000003,44557,55036,23,28,2784.833333333334,3439.75,69,82,2877.877777777778,3378.3777777777777,3420.0860719874804,63,5,0.9,0.625,0.625,proportional,True,transcript_proportional
-s9qJ7ATP7w$_$1,0,But,0.0,0.35750000000000004,0,5720,0,4,0.0,357.50000000000006,0,10,0.0,300.0,333.3333333333333,34,4,1.0,1.0,1.0,proportional,True,transcript_proportional
-s9qJ7ATP7w$_$1,1,the,0.35750000000000004,0.7150000000000001,5720,11440,4,8,357.50000000000006,715.0000000000001,12,22,400.0,700.0,733.3333333333334,34,4,1.0,1.0,1.0,proportional,True,transcript_proportional
-s9qJ7ATP7w$_$1,2,hardest,0.7150000000000001,1.5491666666666668,11440,24787,8,16,715.0000000000001,1549.1666666666667,24,46,800.0,1500.0,1533.3333333333333,81,8,1.0,0.8888888888888888,0.8888888888888888,proportional,True,transcript_proportional
-s9qJ7ATP7w$_$1,3,thing,1.5491666666666668,2.145,24787,34320,16,22,1549.1666666666667,2145.0,48,64,1600.0,2100.0,2133.3333333333335,58,6,1.0,1.0,1.0,proportional,True,transcript_proportional
-s9qJ7ATP7w$_$1,4,in,2.145,2.3833333333333333,34320,38133,22,24,2145.0,2383.3333333333335,66,70,2200.0,2300.0,2333.3333333333335,22,2,1.0,0.6666666666666666,0.6666666666666666,proportional,True,transcript_proportional
-s9qJ7ATP7w$_$1,5,life,2.3833333333333333,2.8600000000000003,38133,45760,24,29,2383.3333333333335,2860.0000000000005,72,85,2400.0,2800.0,2833.3333333333335,46,5,1.0,1.0,1.0,proportional,True,transcript_proportional
-s9qJ7ATP7w$_$1,6,to,2.8600000000000003,3.0983333333333336,45760,49573,29,31,2860.0000000000005,3098.3333333333335,87,91,2900.0,3000.0,3033.3333333333335,22,2,1.0,0.6666666666666666,0.6666666666666666,proportional,True,transcript_proportional
-s9qJ7ATP7w$_$1,7,"learn,",3.0983333333333336,3.8133333333333335,49573,61013,31,39,3098.3333333333335,3813.3333333333335,93,115,3100.0,3800.0,3833.3333333333335,70,8,1.0,1.0,1.0,proportional,True,transcript_proportional
-s9qJ7ATP7w$_$1,8,is,3.8133333333333335,4.051666666666667,61013,64827,39,41,3813.3333333333335,4051.666666666667,117,121,3900.0,4000.0,4033.3333333333335,22,2,1.0,0.6666666666666666,0.6666666666666666,proportional,True,transcript_proportional
-s9qJ7ATP7w$_$1,9,to,4.051666666666667,4.29,64827,68640,41,43,4051.666666666667,4290.0,123,127,4100.0,4200.0,4233.333333333333,22,2,1.0,0.6666666666666666,0.6666666666666666,proportional,True,transcript_proportional
-s9qJ7ATP7w$_$1,10,lose,4.29,4.766666666666667,68640,74302,43,48,4290.0,4643.875,129,140,4300.0,4733.333333333333,4766.666666666666,33,5,0.717391304347826,1.0,0.717391304347826,proportional,True,transcript_proportional
-s9qJ7ATP7w$_$0,0,they,0.0,0.3086142322097378,0,4938,0,4,0.0,308.61423220973785,0,10,0.0,300.0,333.3333333333333,29,4,1.0,1.0,1.0,proportional,True,transcript_proportional
-s9qJ7ATP7w$_$0,1,have,0.3086142322097378,0.6172284644194757,4938,9876,4,7,308.61423220973785,617.2284644194757,12,19,400.0,600.0,633.3333333333334,29,3,1.0,0.75,0.75,proportional,True,transcript_proportional
-s9qJ7ATP7w$_$0,2,"doubt,",0.6172284644194757,1.0801498127340823,9876,17282,7,11,617.2284644194757,1080.1498127340824,21,31,700.0,1000.0,1033.3333333333333,44,4,1.0,0.8,0.8,proportional,True,transcript_proportional
-s9qJ7ATP7w$_$0,3,they,1.0801498127340823,1.38876404494382,17282,22220,11,14,1080.1498127340824,1388.7640449438202,33,40,1100.0,1300.0,1333.3333333333333,29,3,1.0,0.75,0.75,proportional,True,transcript_proportional
-s9qJ7ATP7w$_$0,4,have,1.38876404494382,1.697378277153558,22220,27158,14,17,1388.7640449438202,1697.378277153558,42,49,1400.0,1600.0,1633.3333333333333,29,3,1.0,0.75,0.75,proportional,True,transcript_proportional
-s9qJ7ATP7w$_$0,5,"fear,",1.697378277153558,2.08314606741573,27158,33330,17,21,1697.378277153558,2083.14606741573,51,61,1700.0,2000.0,2033.3333333333333,37,4,1.0,1.0,1.0,proportional,True,transcript_proportional
-s9qJ7ATP7w$_$0,6,they,2.08314606741573,2.391760299625468,33330,38268,21,24,2083.14606741573,2391.760299625468,63,70,2100.0,2300.0,2333.3333333333335,29,3,1.0,0.75,0.75,proportional,True,transcript_proportional
-s9qJ7ATP7w$_$0,7,lose,2.391760299625468,2.7003745318352057,38268,43206,24,28,2391.760299625468,2700.3745318352057,72,82,2400.0,2700.0,2733.3333333333335,29,4,1.0,1.0,1.0,proportional,True,transcript_proportional
-s9qJ7ATP7w$_$0,8,in,2.7003745318352057,2.8546816479400747,43206,45675,28,29,2700.3745318352057,2854.6816479400745,84,85,2800.0,2800.0,2833.3333333333335,13,1,1.0,0.5,0.5,proportional,True,transcript_proportional
-s9qJ7ATP7w$_$0,9,a,2.8546816479400747,2.9318352059925092,45675,46909,29,30,2854.6816479400745,2931.835205992509,87,88,2900.0,2900.0,2933.3333333333335,6,1,1.0,1.0,1.0,proportional,True,transcript_proportional
-s9qJ7ATP7w$_$0,10,Ferrari,2.9318352059925092,3.4719101123595504,46909,55551,30,35,2931.835205992509,3471.9101123595506,90,103,3000.0,3400.0,3433.3333333333335,52,5,1.0,0.8333333333333334,0.8333333333333334,proportional,True,transcript_proportional
-s9qJ7ATP7w$_$0,11,"race,",3.4719101123595504,3.8576779026217225,55551,61723,35,39,3471.9101123595506,3857.6779026217223,105,115,3500.0,3800.0,3833.3333333333335,37,4,1.0,1.0,1.0,proportional,True,transcript_proportional
-s9qJ7ATP7w$_$0,12,or,3.8576779026217225,4.011985018726592,61723,64192,39,41,3857.6779026217223,4011.985018726592,117,121,3900.0,4000.0,4033.3333333333335,13,2,1.0,1.0,1.0,proportional,True,transcript_proportional
-s9qJ7ATP7w$_$0,13,they,4.011985018726592,4.320599250936329,64192,69130,41,44,4011.985018726592,4320.59925093633,123,130,4100.0,4300.0,4333.333333333333,29,3,1.0,0.75,0.75,proportional,True,transcript_proportional
-s9qJ7ATP7w$_$0,14,lose,4.320599250936329,4.629213483146067,69130,74067,44,47,4320.59925093633,4629.213483146067,132,139,4400.0,4600.0,4633.333333333333,29,3,1.0,0.75,0.75,proportional,True,transcript_proportional
-s9qJ7ATP7w$_$0,15,in,4.629213483146067,4.783520599250936,74067,76536,47,48,4629.213483146067,4783.520599250936,141,142,4700.0,4700.0,4733.333333333333,13,1,1.0,0.5,0.5,proportional,True,transcript_proportional
-s9qJ7ATP7w$_$0,16,a,4.783520599250936,4.860674157303371,76536,77771,48,49,4783.520599250936,4860.6741573033705,144,145,4800.0,4800.0,4833.333333333333,6,1,1.0,1.0,1.0,proportional,True,transcript_proportional
-s9qJ7ATP7w$_$0,17,"race,",4.860674157303371,5.246441947565542,77771,83943,49,53,4860.6741573033705,5246.441947565542,147,157,4900.0,5200.0,5233.333333333333,37,4,1.0,1.0,1.0,proportional,True,transcript_proportional
-s9qJ7ATP7w$_$0,18,and,5.246441947565542,5.477902621722846,83943,87646,53,55,5246.441947565542,5477.902621722846,159,163,5300.0,5400.0,5433.333333333333,21,2,1.0,0.6666666666666666,0.6666666666666666,proportional,True,transcript_proportional
-s9qJ7ATP7w$_$0,19,then,5.477902621722846,5.786516853932584,87646,92584,55,58,5477.902621722846,5786.516853932584,165,172,5500.0,5700.0,5733.333333333333,29,3,1.0,0.75,0.75,proportional,True,transcript_proportional
-s9qJ7ATP7w$_$0,20,they,5.786516853932584,6.095131086142321,92584,97522,58,61,5786.516853932584,6095.131086142321,174,181,5800.0,6000.0,6033.333333333333,29,3,1.0,0.75,0.75,proportional,True,transcript_proportional
-s9qJ7ATP7w$_$0,21,just,6.095131086142321,6.403745318352059,97522,102460,61,65,6095.131086142321,6403.745318352059,183,193,6100.0,6400.0,6433.333333333333,29,4,1.0,1.0,1.0,proportional,True,transcript_proportional
-s9qJ7ATP7w$_$0,22,give,6.403745318352059,6.712359550561797,102460,107370,65,68,6403.745318352059,6710.625,195,202,6500.0,6700.0,6733.333333333333,29,3,1.0,0.75,0.75,proportional,True,transcript_proportional
-s9qJ7ATP7w$_$0,23,up,6.712359550561797,6.866666666666666,107370,107370,68,69,6710.625,6710.625,203,204,6833.333333333333,6833.333333333333,6866.666666666666,0,1,0.0,0.5,0.0,proportional,True,transcript_proportional
-s9qJ7ATP7w$_$5,0,I,0.0,0.1219047619047619,0,1950,0,2,0.0,121.9047619047619,0,4,0.0,100.0,133.33333333333334,10,2,1.0,1.0,1.0,proportional,True,transcript_proportional
-s9qJ7ATP7w$_$5,1,have,0.1219047619047619,0.6095238095238095,1950,9752,2,7,121.9047619047619,609.5238095238095,6,19,200.0,600.0,633.3333333333334,47,5,1.0,1.0,1.0,proportional,True,transcript_proportional
-s9qJ7ATP7w$_$5,2,been,0.6095238095238095,1.0971428571428572,9752,17554,7,11,609.5238095238095,1097.142857142857,21,31,700.0,1000.0,1033.3333333333333,47,4,1.0,0.8,0.8,proportional,True,transcript_proportional
-s9qJ7ATP7w$_$5,3,beat,1.0971428571428572,1.5847619047619048,17554,25356,11,16,1097.142857142857,1584.7619047619048,33,46,1100.0,1500.0,1533.3333333333333,47,5,1.0,1.0,1.0,proportional,True,transcript_proportional
-s9qJ7ATP7w$_$5,4,up,1.5847619047619048,1.8285714285714285,25356,29257,16,19,1584.7619047619048,1828.5714285714284,48,55,1600.0,1800.0,1833.3333333333333,22,3,1.0,1.0,1.0,proportional,True,transcript_proportional
-s9qJ7ATP7w$_$5,5,and,1.8285714285714285,2.1942857142857144,29257,35109,19,22,1828.5714285714284,2194.285714285714,57,64,1900.0,2100.0,2133.3333333333335,35,3,1.0,0.75,0.75,proportional,True,transcript_proportional
-s9qJ7ATP7w$_$5,6,put,2.1942857142857144,2.56,35109,40960,22,26,2194.285714285714,2560.0,66,76,2200.0,2500.0,2533.3333333333335,35,4,1.0,1.0,1.0,proportional,True,transcript_proportional
-s9qJ7ATP7w$_$5,7,down,2.56,3.047619047619048,40960,48762,26,31,2560.0,3047.6190476190477,78,91,2600.0,3000.0,3033.3333333333335,47,5,1.0,1.0,1.0,proportional,True,transcript_proportional
-s9qJ7ATP7w$_$5,8,and,3.047619047619048,3.4133333333333336,48762,54613,31,35,3047.6190476190477,3413.3333333333335,93,103,3100.0,3400.0,3433.3333333333335,35,4,1.0,1.0,1.0,proportional,True,transcript_proportional
-s9qJ7ATP7w$_$5,9,everything,3.4133333333333336,4.632380952380952,54613,74118,35,47,3413.3333333333335,4632.380952380952,105,139,3500.0,4600.0,4633.333333333333,120,12,1.0,0.9230769230769231,0.9230769230769231,proportional,True,transcript_proportional
-s9qJ7ATP7w$_$5,10,that,4.632380952380952,5.12,74118,81920,47,52,4632.380952380952,5120.0,141,154,4700.0,5100.0,5133.333333333333,47,5,1.0,1.0,1.0,proportional,True,transcript_proportional
-s9qJ7ATP7w$_$5,11,can,5.12,5.485714285714286,81920,87771,52,55,5120.0,5485.714285714285,156,163,5200.0,5400.0,5433.333333333333,35,3,1.0,0.75,0.75,proportional,True,transcript_proportional
-s9qJ7ATP7w$_$5,12,go,5.485714285714286,5.729523809523809,87771,91672,55,58,5485.714285714285,5729.523809523809,165,172,5500.0,5700.0,5733.333333333333,22,3,1.0,1.0,1.0,proportional,True,transcript_proportional
-s9qJ7ATP7w$_$5,13,"wrong,",5.729523809523809,6.460952380952381,91672,103375,58,65,5729.523809523809,6460.952380952381,174,193,5800.0,6400.0,6433.333333333333,71,7,1.0,0.875,0.875,proportional,True,transcript_proportional
-s9qJ7ATP7w$_$5,14,has,6.460952380952381,6.826666666666667,103375,109227,65,69,6460.952380952381,6826.666666666667,195,205,6500.0,6800.0,6833.333333333333,35,4,1.0,1.0,1.0,proportional,True,transcript_proportional
-s9qJ7ATP7w$_$5,15,gone,6.826666666666667,7.314285714285714,109227,117029,69,74,6826.666666666667,7314.285714285714,207,220,6900.0,7300.0,7333.333333333333,47,5,1.0,1.0,1.0,proportional,True,transcript_proportional
-s9qJ7ATP7w$_$5,16,wrong,7.314285714285714,7.923809523809523,117029,126781,74,80,7314.285714285714,7923.809523809523,222,238,7400.0,7900.0,7933.333333333333,59,6,1.0,0.8571428571428571,0.8571428571428571,proportional,True,transcript_proportional
-s9qJ7ATP7w$_$5,17,for,7.923809523809523,8.289523809523809,126781,132632,80,83,7923.809523809523,8289.52380952381,240,247,8000.0,8200.0,8233.333333333334,35,3,1.0,0.75,0.75,proportional,True,transcript_proportional
-s9qJ7ATP7w$_$5,18,me,8.289523809523809,8.533333333333333,132632,134366,83,85,8289.52380952381,8397.875,249,253,8300.0,8500.0,8533.333333333334,9,2,0.4090909090909091,0.6666666666666666,0.4090909090909091,proportional,True,transcript_proportional
-s9qJ7ATP7w$_$4,0,I,0.0,0.09999999999999999,0,1600,0,1,0.0,99.99999999999999,0,1,0.0,0.0,33.333333333333336,8,1,1.0,1.0,1.0,proportional,True,transcript_proportional
-s9qJ7ATP7w$_$4,1,have,0.09999999999999999,0.49999999999999994,1600,8000,1,5,99.99999999999999,499.99999999999994,3,13,100.0,400.0,433.3333333333333,38,4,1.0,1.0,1.0,proportional,True,transcript_proportional
-s9qJ7ATP7w$_$4,2,lost,0.49999999999999994,0.8999999999999999,8000,14400,5,9,499.99999999999994,899.9999999999999,15,25,500.0,800.0,833.3333333333334,38,4,1.0,1.0,1.0,proportional,True,transcript_proportional
-s9qJ7ATP7w$_$4,3,at,0.8999999999999999,1.0999999999999999,14400,17600,9,11,899.9999999999999,1099.9999999999998,27,31,900.0,1000.0,1033.3333333333333,18,2,1.0,1.0,1.0,proportional,True,transcript_proportional
-s9qJ7ATP7w$_$4,4,everything,1.0999999999999999,2.0999999999999996,17600,33600,11,21,1099.9999999999998,2099.9999999999995,33,61,1100.0,2000.0,2033.3333333333333,98,10,1.0,1.0,1.0,proportional,True,transcript_proportional
-s9qJ7ATP7w$_$4,5,you,2.0999999999999996,2.4,33600,38400,21,24,2099.9999999999995,2400.0,63,70,2100.0,2300.0,2333.3333333333335,28,3,1.0,0.75,0.75,proportional,True,transcript_proportional
-s9qJ7ATP7w$_$4,6,can,2.4,2.6999999999999997,38400,43200,24,27,2400.0,2699.9999999999995,72,79,2400.0,2600.0,2633.3333333333335,28,3,1.0,1.0,1.0,proportional,True,transcript_proportional
-s9qJ7ATP7w$_$4,7,"imagine,",2.6999999999999997,3.4999999999999996,43200,56000,27,35,2699.9999999999995,3499.9999999999995,81,103,2700.0,3400.0,3433.3333333333335,78,8,1.0,1.0,1.0,proportional,True,transcript_proportional
-s9qJ7ATP7w$_$4,8,seriously,3.4999999999999996,4.3999999999999995,56000,67951,35,44,3499.9999999999995,4246.9375,105,129,3500.0,4366.666666666666,4399.999999999999,73,9,0.8295454545454546,1.0,0.8295454545454546,proportional,True,transcript_proportional
-s9qJ7ATP7w$_$7,0,I,0.0,0.0636085626911315,0,1018,0,1,0.0,63.6085626911315,0,1,0.0,0.0,33.333333333333336,4,1,1.0,1.0,1.0,proportional,True,transcript_proportional
-s9qJ7ATP7w$_$7,1,used,0.0636085626911315,0.31804281345565755,1018,5089,1,4,63.6085626911315,318.04281345565755,3,10,100.0,300.0,333.3333333333333,23,3,1.0,1.0,1.0,proportional,True,transcript_proportional
-s9qJ7ATP7w$_$7,2,to,0.31804281345565755,0.4452599388379205,5089,7124,4,5,318.04281345565755,445.25993883792046,12,13,400.0,400.0,433.3333333333333,11,1,1.0,0.5,0.5,proportional,True,transcript_proportional
-s9qJ7ATP7w$_$7,3,work,0.4452599388379205,0.6996941896024464,7124,11195,5,7,445.25993883792046,699.6941896024465,15,19,500.0,600.0,633.3333333333334,23,2,1.0,0.6666666666666666,0.6666666666666666,proportional,True,transcript_proportional
-s9qJ7ATP7w$_$7,4,for,0.6996941896024464,0.890519877675841,11195,14248,7,9,699.6941896024465,890.5198776758409,21,25,700.0,800.0,833.3333333333334,17,2,1.0,1.0,1.0,proportional,True,transcript_proportional
-s9qJ7ATP7w$_$7,5,Warren,0.890519877675841,1.2721712538226302,14248,20355,9,13,890.5198776758409,1272.1712538226302,27,37,900.0,1200.0,1233.3333333333333,36,4,1.0,1.0,1.0,proportional,True,transcript_proportional
-s9qJ7ATP7w$_$7,6,"Avis,",1.2721712538226302,1.5902140672782876,20355,25443,13,16,1272.1712538226302,1590.2140672782875,39,46,1300.0,1500.0,1533.3333333333333,30,3,1.0,0.75,0.75,proportional,True,transcript_proportional
-s9qJ7ATP7w$_$7,7,the,1.5902140672782876,1.781039755351682,25443,28497,16,18,1590.2140672782875,1781.0397553516818,48,52,1600.0,1700.0,1733.3333333333333,17,2,1.0,1.0,1.0,proportional,True,transcript_proportional
-s9qJ7ATP7w$_$7,8,guy,1.781039755351682,1.9718654434250764,28497,31550,18,20,1781.0397553516818,1971.8654434250764,54,58,1800.0,1900.0,1933.3333333333333,17,2,1.0,1.0,1.0,proportional,True,transcript_proportional
-s9qJ7ATP7w$_$7,9,who,1.9718654434250764,2.162691131498471,31550,34603,20,22,1971.8654434250764,2162.691131498471,60,64,2000.0,2100.0,2133.3333333333335,17,2,1.0,1.0,1.0,proportional,True,transcript_proportional
-s9qJ7ATP7w$_$7,10,started,2.162691131498471,2.6079510703363913,34603,41727,22,27,2162.691131498471,2607.9510703363912,66,79,2200.0,2600.0,2633.3333333333335,43,5,1.0,1.0,1.0,proportional,True,transcript_proportional
-s9qJ7ATP7w$_$7,11,Avis,2.6079510703363913,2.8623853211009176,41727,45798,27,29,2607.9510703363912,2862.3853211009177,81,85,2700.0,2800.0,2833.3333333333335,23,2,1.0,0.6666666666666666,0.6666666666666666,proportional,True,transcript_proportional
-s9qJ7ATP7w$_$7,12,Rent,2.8623853211009176,3.1168195718654435,45798,49869,29,32,2862.3853211009177,3116.8195718654433,87,94,2900.0,3100.0,3133.3333333333335,23,3,1.0,1.0,1.0,proportional,True,transcript_proportional
-s9qJ7ATP7w$_$7,13,a,3.1168195718654435,3.1804281345565752,49869,50887,32,32,3116.8195718654433,3180.428134556575,-1,-1,,,,4,0,1.0,0.0,0.0,proportional,True,transcript_proportional
-s9qJ7ATP7w$_$7,14,"Car,",3.1804281345565752,3.434862385321101,50887,54958,32,35,3180.428134556575,3434.862385321101,96,103,3200.0,3400.0,3433.3333333333335,23,3,1.0,1.0,1.0,proportional,True,transcript_proportional
-s9qJ7ATP7w$_$7,15,and,3.434862385321101,3.625688073394495,54958,58011,35,37,3434.862385321101,3625.688073394495,105,109,3500.0,3600.0,3633.3333333333335,17,2,1.0,1.0,1.0,proportional,True,transcript_proportional
-s9qJ7ATP7w$_$7,16,he,3.625688073394495,3.7529051987767583,58011,60046,37,38,3625.688073394495,3752.9051987767584,111,112,3700.0,3700.0,3733.3333333333335,11,1,1.0,0.5,0.5,proportional,True,transcript_proportional
-s9qJ7ATP7w$_$7,17,said,3.7529051987767583,4.007339449541284,60046,64117,38,41,3752.9051987767584,4007.339449541284,114,121,3800.0,4000.0,4033.3333333333335,23,3,1.0,1.0,1.0,proportional,True,transcript_proportional
-s9qJ7ATP7w$_$7,18,to,4.007339449541284,4.134556574923548,64117,66153,41,42,4007.339449541284,4134.5565749235475,123,124,4100.0,4100.0,4133.333333333333,11,1,1.0,0.5,0.5,proportional,True,transcript_proportional
-s9qJ7ATP7w$_$7,19,me,4.134556574923548,4.2617737003058105,66153,68188,42,43,4134.5565749235475,4261.77370030581,126,127,4200.0,4200.0,4233.333333333333,11,1,1.0,0.5,0.5,proportional,True,transcript_proportional
-s9qJ7ATP7w$_$7,20,one,4.2617737003058105,4.452599388379205,68188,71242,43,45,4261.77370030581,4452.599388379205,129,133,4300.0,4400.0,4433.333333333333,17,2,1.0,1.0,1.0,proportional,True,transcript_proportional
-s9qJ7ATP7w$_$7,21,"day,",4.452599388379205,4.707033639143732,71242,75313,45,48,4452.599388379205,4707.033639143731,135,142,4500.0,4700.0,4733.333333333333,23,3,1.0,1.0,1.0,proportional,True,transcript_proportional
-s9qJ7ATP7w$_$7,22,"""Robert,",4.707033639143732,5.215902140672783,75313,83454,48,53,4707.033639143731,5215.9021406727825,144,157,4800.0,5200.0,5233.333333333333,49,5,1.0,0.8333333333333334,0.8333333333333334,proportional,True,transcript_proportional
-s9qJ7ATP7w$_$7,23,"""what's",5.215902140672783,5.661162079510704,83454,90579,53,57,5215.9021406727825,5661.162079510704,159,169,5300.0,5600.0,5633.333333333333,43,4,1.0,0.8,0.8,proportional,True,transcript_proportional
-s9qJ7ATP7w$_$7,24,the,5.661162079510704,5.851987767584098,90579,93632,57,59,5661.162079510704,5851.987767584098,171,175,5700.0,5800.0,5833.333333333333,17,2,1.0,1.0,1.0,proportional,True,transcript_proportional
-s9qJ7ATP7w$_$7,25,purpose,5.851987767584098,6.297247706422018,93632,100756,59,63,5851.987767584098,6297.247706422018,177,187,5900.0,6200.0,6233.333333333333,43,4,1.0,0.8,0.8,proportional,True,transcript_proportional
-s9qJ7ATP7w$_$7,26,of,6.297247706422018,6.424464831804281,100756,102791,63,65,6297.247706422018,6424.464831804281,189,193,6300.0,6400.0,6433.333333333333,11,2,1.0,1.0,1.0,proportional,True,transcript_proportional
-s9qJ7ATP7w$_$7,27,business,6.424464831804281,6.933333333333334,102791,109417,65,70,6424.464831804281,6838.5625,195,207,6500.0,6900.0,6933.333333333333,39,5,0.7959183673469388,0.8333333333333334,0.7959183673469388,proportional,True,transcript_proportional
-s9qJ7ATP7w$_$6,0,But,0.0,0.4352941176470587,0,6965,0,5,0.0,435.2941176470587,0,13,0.0,400.0,433.3333333333333,42,5,1.0,1.0,1.0,proportional,True,transcript_proportional
-s9qJ7ATP7w$_$6,1,I,0.4352941176470587,0.580392156862745,6965,9286,5,6,435.2941176470587,580.3921568627451,15,16,500.0,500.0,533.3333333333334,13,1,1.0,0.5,0.5,proportional,True,transcript_proportional
-s9qJ7ATP7w$_$6,2,just,0.580392156862745,1.16078431372549,9286,18573,6,12,580.3921568627451,1160.7843137254902,18,34,600.0,1100.0,1133.3333333333333,56,6,1.0,1.0,1.0,proportional,True,transcript_proportional
-s9qJ7ATP7w$_$6,3,kept,1.16078431372549,1.7411764705882349,18573,27859,12,18,1160.7843137254902,1741.176470588235,36,52,1200.0,1700.0,1733.3333333333333,56,6,1.0,1.0,1.0,proportional,True,transcript_proportional
-s9qJ7ATP7w$_$6,4,going,1.7411764705882349,2.4666666666666663,27859,37037,18,25,1741.176470588235,2314.8125,54,71,1800.0,2433.333333333333,2466.6666666666665,55,7,0.7746478873239436,0.875,0.7746478873239436,proportional,True,transcript_proportional
-s9qJ7ATP7w$_$8,0,"""",0.0,0.06805555555555555,0,1089,0,1,0.0,68.05555555555554,0,1,0.0,0.0,33.333333333333336,5,1,1.0,1.0,1.0,proportional,True,transcript_proportional
-s9qJ7ATP7w$_$8,1,And,0.06805555555555555,0.2722222222222222,1089,4356,1,3,68.05555555555554,272.2222222222222,3,7,100.0,200.0,233.33333333333334,18,2,1.0,0.6666666666666666,0.6666666666666666,proportional,True,transcript_proportional
-s9qJ7ATP7w$_$8,2,I,0.2722222222222222,0.34027777777777773,4356,5444,3,4,272.2222222222222,340.2777777777777,9,10,300.0,300.0,333.3333333333333,5,1,1.0,1.0,1.0,proportional,True,transcript_proportional
-s9qJ7ATP7w$_$8,3,"said,",0.34027777777777773,0.6805555555555555,5444,10889,4,7,340.2777777777777,680.5555555555554,12,19,400.0,600.0,633.3333333333334,32,3,1.0,0.75,0.75,proportional,True,transcript_proportional
-s9qJ7ATP7w$_$8,4,"""Oh,",0.6805555555555555,0.9527777777777778,10889,15244,7,10,680.5555555555554,952.7777777777778,21,28,700.0,900.0,933.3333333333334,25,3,1.0,1.0,1.0,proportional,True,transcript_proportional
-s9qJ7ATP7w$_$8,5,make,0.9527777777777778,1.2249999999999999,15244,19600,10,13,952.7777777777778,1224.9999999999998,30,37,1000.0,1200.0,1233.3333333333333,25,3,1.0,1.0,1.0,proportional,True,transcript_proportional
-s9qJ7ATP7w$_$8,6,a,1.2249999999999999,1.2930555555555554,19600,20689,13,13,1224.9999999999998,1293.0555555555554,-1,-1,,,,5,0,1.0,0.0,0.0,proportional,True,transcript_proportional
-s9qJ7ATP7w$_$8,7,"profit,",1.2930555555555554,1.7694444444444446,20689,28311,13,18,1293.0555555555554,1769.4444444444446,39,52,1300.0,1700.0,1733.3333333333333,46,5,1.0,1.0,1.0,proportional,True,transcript_proportional
-s9qJ7ATP7w$_$8,8,and,1.7694444444444446,1.9736111111111112,28311,31578,18,20,1769.4444444444446,1973.6111111111113,54,58,1800.0,1900.0,1933.3333333333333,18,2,1.0,0.6666666666666666,0.6666666666666666,proportional,True,transcript_proportional
-s9qJ7ATP7w$_$8,9,all,1.9736111111111112,2.1777777777777776,31578,34844,20,22,1973.6111111111113,2177.7777777777774,60,64,2000.0,2100.0,2133.3333333333335,18,2,1.0,0.6666666666666666,0.6666666666666666,proportional,True,transcript_proportional
-s9qJ7ATP7w$_$8,10,these,2.1777777777777776,2.5180555555555553,34844,40289,22,26,2177.7777777777774,2518.055555555555,66,76,2200.0,2500.0,2533.3333333333335,32,4,1.0,1.0,1.0,proportional,True,transcript_proportional
-s9qJ7ATP7w$_$8,11,other,2.5180555555555553,2.858333333333333,40289,45733,26,29,2518.055555555555,2858.333333333333,78,85,2600.0,2800.0,2833.3333333333335,32,3,1.0,0.75,0.75,proportional,True,transcript_proportional
-s9qJ7ATP7w$_$8,12,things,2.858333333333333,3.266666666666667,45733,50948,29,33,2858.333333333333,3184.25,87,97,2900.0,3233.3333333333335,3266.666666666667,31,4,0.7948717948717948,0.8,0.7948717948717948,proportional,True,transcript_proportional
-yRb-Jum7EQ$_$1,0,it,0.0,0.2105515587529976,0,3369,0,3,0.0,210.5515587529976,0,7,0.0,200.0,233.33333333333334,19,3,1.0,1.0,1.0,proportional,True,transcript_proportional
-yRb-Jum7EQ$_$1,1,comes,0.2105515587529976,0.7369304556354916,3369,11791,3,8,210.5515587529976,736.9304556354916,9,22,300.0,700.0,733.3333333333334,51,5,1.0,0.8333333333333334,0.8333333333333334,proportional,True,transcript_proportional
-yRb-Jum7EQ$_$1,2,with,0.7369304556354916,1.1580335731414868,11791,18529,8,12,736.9304556354916,1158.0335731414868,24,34,800.0,1100.0,1133.3333333333333,40,4,1.0,0.8,0.8,proportional,True,transcript_proportional
-yRb-Jum7EQ$_$1,3,the,1.1580335731414868,1.4738609112709833,18529,23582,12,15,1158.0335731414868,1473.8609112709833,36,43,1200.0,1400.0,1433.3333333333333,30,3,1.0,0.75,0.75,proportional,True,transcript_proportional
-yRb-Jum7EQ$_$1,4,assistance,1.4738609112709833,2.5266187050359714,23582,40426,15,26,1473.8609112709833,2526.6187050359713,45,76,1500.0,2500.0,2533.3333333333335,103,11,1.0,1.0,1.0,proportional,True,transcript_proportional
-yRb-Jum7EQ$_$1,5,and,2.5266187050359714,2.842446043165468,40426,45479,26,29,2526.6187050359713,2842.446043165468,78,85,2600.0,2800.0,2833.3333333333335,30,3,1.0,0.75,0.75,proportional,True,transcript_proportional
-yRb-Jum7EQ$_$1,6,agitation,2.842446043165468,3.7899280575539573,45479,60639,29,38,2842.446043165468,3789.9280575539574,87,112,2900.0,3700.0,3733.3333333333335,93,9,1.0,0.9,0.9,proportional,True,transcript_proportional
-yRb-Jum7EQ$_$1,7,of,3.7899280575539573,4.000479616306955,60639,64008,38,41,3789.9280575539574,4000.479616306955,114,121,3800.0,4000.0,4033.3333333333335,19,3,1.0,1.0,1.0,proportional,True,transcript_proportional
-yRb-Jum7EQ$_$1,8,states,4.000479616306955,4.632134292565947,64008,74114,41,47,4000.479616306955,4632.134292565947,123,139,4100.0,4600.0,4633.333333333333,61,6,1.0,0.8571428571428571,0.8571428571428571,proportional,True,transcript_proportional
-yRb-Jum7EQ$_$1,9,and,4.632134292565947,4.947961630695445,74114,79167,47,50,4632.134292565947,4947.961630695445,141,148,4700.0,4900.0,4933.333333333333,30,3,1.0,0.75,0.75,proportional,True,transcript_proportional
-yRb-Jum7EQ$_$1,10,"regimes,",4.947961630695445,5.790167865707434,79167,92643,50,58,4947.961630695445,5790.167865707434,150,172,5000.0,5700.0,5733.333333333333,82,8,1.0,0.8888888888888888,0.8888888888888888,proportional,True,transcript_proportional
-yRb-Jum7EQ$_$1,11,Yesterday,5.790167865707434,6.7376498800959235,92643,107802,58,68,5790.167865707434,6737.649880095923,174,202,5800.0,6700.0,6733.333333333333,93,10,1.0,1.0,1.0,proportional,True,transcript_proportional
-yRb-Jum7EQ$_$1,12,Iran,6.7376498800959235,7.158752997601919,107802,114540,68,72,6737.649880095923,7158.752997601919,204,214,6800.0,7100.0,7133.333333333333,40,4,1.0,0.8,0.8,proportional,True,transcript_proportional
-yRb-Jum7EQ$_$1,13,announced,7.158752997601919,8.106235011990409,114540,129700,72,82,7158.752997601919,8106.235011990409,216,244,7200.0,8100.0,8133.333333333333,93,10,1.0,1.0,1.0,proportional,True,transcript_proportional
-yRb-Jum7EQ$_$1,14,that,8.106235011990409,8.527338129496405,129700,136437,82,86,8106.235011990409,8527.338129496406,246,256,8200.0,8500.0,8533.333333333334,40,4,1.0,0.8,0.8,proportional,True,transcript_proportional
-yRb-Jum7EQ$_$1,15,it,8.527338129496405,8.737889688249401,136437,139806,86,88,8527.338129496406,8737.889688249401,258,262,8600.0,8700.0,8733.333333333334,19,2,1.0,0.6666666666666666,0.6666666666666666,proportional,True,transcript_proportional
-yRb-Jum7EQ$_$1,16,will,8.737889688249401,9.158992805755396,139806,146544,88,92,8737.889688249401,9158.992805755397,264,274,8800.0,9100.0,9133.333333333334,40,4,1.0,0.8,0.8,proportional,True,transcript_proportional
-yRb-Jum7EQ$_$1,17,finance,9.158992805755396,9.89592326139089,146544,158335,92,99,9158.992805755397,9895.92326139089,276,295,9200.0,9800.0,9833.333333333334,72,7,1.0,0.875,0.875,proportional,True,transcript_proportional
-yRb-Jum7EQ$_$1,18,the,9.89592326139089,10.211750599520384,158335,163388,99,103,9895.92326139089,10211.750599520385,297,307,9900.0,10200.0,10233.333333333334,30,4,1.0,1.0,1.0,proportional,True,transcript_proportional
-yRb-Jum7EQ$_$1,19,families,10.211750599520384,11.053956834532375,163388,176863,103,111,10211.750599520385,11053.956834532375,309,331,10300.0,11000.0,11033.333333333334,82,8,1.0,0.8888888888888888,0.8888888888888888,proportional,True,transcript_proportional
-yRb-Jum7EQ$_$1,20,of,11.053956834532375,11.264508393285373,176863,180232,111,113,11053.956834532375,11264.508393285374,333,337,11100.0,11200.0,11233.333333333334,19,2,1.0,0.6666666666666666,0.6666666666666666,proportional,True,transcript_proportional
-yRb-Jum7EQ$_$1,21,the,11.264508393285373,11.580335731414868,180232,185285,113,116,11264.508393285374,11580.335731414869,339,346,11300.0,11500.0,11533.333333333334,30,3,1.0,0.75,0.75,proportional,True,transcript_proportional
-yRb-Jum7EQ$_$1,22,terrorists,11.580335731414868,12.633093525179858,185285,202129,116,127,11580.335731414869,12633.093525179858,348,379,11600.0,12600.0,12633.333333333334,103,11,1.0,1.0,1.0,proportional,True,transcript_proportional
-yRb-Jum7EQ$_$1,23,and,12.633093525179858,12.948920863309354,202129,207183,127,130,12633.093525179858,12948.920863309355,381,388,12700.0,12900.0,12933.333333333334,30,3,1.0,0.75,0.75,proportional,True,transcript_proportional
-yRb-Jum7EQ$_$1,24,murderers,12.948920863309354,13.896402877697843,207183,222342,130,139,12948.920863309355,13896.402877697843,390,415,13000.0,13800.0,13833.333333333334,93,9,1.0,0.9,0.9,proportional,True,transcript_proportional
-yRb-Jum7EQ$_$1,25,this,13.896402877697843,14.317505995203838,222342,229080,139,144,13896.402877697843,14317.505995203837,417,430,13900.0,14300.0,14333.333333333334,40,5,1.0,1.0,1.0,proportional,True,transcript_proportional
-yRb-Jum7EQ$_$1,26,shows,14.317505995203838,14.843884892086333,229080,237502,144,149,14317.505995203837,14843.884892086333,432,445,14400.0,14800.0,14833.333333333334,51,5,1.0,0.8333333333333334,0.8333333333333334,proportional,True,transcript_proportional
-yRb-Jum7EQ$_$1,27,that,14.843884892086333,15.264988009592328,237502,244240,149,153,14843.884892086333,15264.988009592327,447,457,14900.0,15200.0,15233.333333333334,40,4,1.0,0.8,0.8,proportional,True,transcript_proportional
-yRb-Jum7EQ$_$1,28,"Iran,",15.264988009592328,15.79136690647482,244240,252662,153,158,15264.988009592327,15791.366906474821,459,472,15300.0,15700.0,15733.333333333334,51,5,1.0,0.8333333333333334,0.8333333333333334,proportional,True,transcript_proportional
-yRb-Jum7EQ$_$1,29,even,15.79136690647482,16.212470023980817,252662,259400,158,163,15791.366906474821,16212.470023980817,474,487,15800.0,16200.0,16233.333333333334,40,5,1.0,1.0,1.0,proportional,True,transcript_proportional
-yRb-Jum7EQ$_$1,30,after,16.212470023980817,16.73884892086331,259400,267822,163,168,16212.470023980817,16738.84892086331,489,502,16300.0,16700.0,16733.333333333332,51,5,1.0,0.8333333333333334,0.8333333333333334,proportional,True,transcript_proportional
-yRb-Jum7EQ$_$1,31,the,16.73884892086331,17.05467625899281,267822,272875,168,171,16738.84892086331,17054.67625899281,504,511,16800.0,17000.0,17033.333333333332,30,3,1.0,0.75,0.75,proportional,True,transcript_proportional
-yRb-Jum7EQ$_$1,32,nuclear,17.05467625899281,17.7916067146283,272875,284666,171,178,17054.67625899281,17791.606714628302,513,532,17100.0,17700.0,17733.333333333332,72,7,1.0,0.875,0.875,proportional,True,transcript_proportional
-yRb-Jum7EQ$_$1,33,"agreement,",17.7916067146283,18.844364508393287,284666,301510,178,189,17791.606714628302,18844.364508393286,534,565,17800.0,18800.0,18833.333333333332,103,11,1.0,1.0,1.0,proportional,True,transcript_proportional
-yRb-Jum7EQ$_$1,34,is,18.844364508393287,19.054916067146284,301510,304879,189,191,18844.364508393286,19054.916067146285,567,571,18900.0,19000.0,19033.333333333332,19,2,1.0,0.6666666666666666,0.6666666666666666,proportional,True,transcript_proportional
-yRb-Jum7EQ$_$1,35,continuing,19.054916067146284,20.10767386091127,304879,321723,191,202,19054.916067146285,20107.67386091127,573,604,19100.0,20100.0,20133.333333333332,103,11,1.0,1.0,1.0,proportional,True,transcript_proportional
-yRb-Jum7EQ$_$1,36,to,20.10767386091127,20.31822541966427,321723,325092,202,204,20107.67386091127,20318.225419664268,606,610,20200.0,20300.0,20333.333333333332,19,2,1.0,0.6666666666666666,0.6666666666666666,proportional,True,transcript_proportional
-yRb-Jum7EQ$_$1,37,aid,20.31822541966427,20.634052757793768,325092,330145,204,207,20318.225419664268,20634.05275779377,612,619,20400.0,20600.0,20633.333333333332,30,3,1.0,0.75,0.75,proportional,True,transcript_proportional
-yRb-Jum7EQ$_$1,38,"terrorism,",20.634052757793768,21.686810551558757,330145,346989,207,217,20634.05275779377,21686.810551558756,621,649,20700.0,21600.0,21633.333333333332,103,10,1.0,0.9090909090909091,0.9090909090909091,proportional,True,transcript_proportional
-yRb-Jum7EQ$_$1,39,including,21.686810551558757,22.634292565947245,346989,362149,217,227,21686.810551558756,22634.292565947246,651,679,21700.0,22600.0,22633.333333333332,93,10,1.0,1.0,1.0,proportional,True,transcript_proportional
-yRb-Jum7EQ$_$1,40,Palestinian,22.634292565947245,23.792326139088733,362149,380677,227,238,22634.292565947246,23792.32613908873,681,712,22700.0,23700.0,23733.333333333332,114,11,1.0,0.9166666666666666,0.9166666666666666,proportional,True,transcript_proportional
-yRb-Jum7EQ$_$1,41,"terrorism,",23.792326139088733,24.845083932853722,380677,397521,238,249,23792.32613908873,24845.083932853722,714,745,23800.0,24800.0,24833.333333333332,103,11,1.0,1.0,1.0,proportional,True,transcript_proportional
-yRb-Jum7EQ$_$1,42,Hezbollah,24.845083932853722,25.79256594724221,397521,412681,249,258,24845.083932853722,25792.56594724221,747,772,24900.0,25700.0,25733.333333333332,93,9,1.0,0.9,0.9,proportional,True,transcript_proportional
-yRb-Jum7EQ$_$1,43,terrorism,25.79256594724221,26.740047961630697,412681,427841,258,268,25792.56594724221,26740.0479616307,774,802,25800.0,26700.0,26733.333333333332,93,10,1.0,1.0,1.0,proportional,True,transcript_proportional
-yRb-Jum7EQ$_$1,44,and,26.740047961630697,27.055875299760192,427841,432894,268,271,26740.0479616307,27055.87529976019,804,811,26800.0,27000.0,27033.333333333332,30,3,1.0,0.75,0.75,proportional,True,transcript_proportional
-yRb-Jum7EQ$_$1,45,its,27.055875299760192,27.37170263788969,432894,437947,271,274,27055.87529976019,27371.70263788969,813,820,27100.0,27300.0,27333.333333333332,30,3,1.0,0.75,0.75,proportional,True,transcript_proportional
-yRb-Jum7EQ$_$1,46,assistance,27.37170263788969,28.42446043165468,437947,454791,274,285,27371.70263788969,28424.46043165468,822,853,27400.0,28400.0,28433.333333333332,103,11,1.0,1.0,1.0,proportional,True,transcript_proportional
-yRb-Jum7EQ$_$1,47,to,28.42446043165468,28.635011990407676,454791,458160,285,287,28424.46043165468,28635.011990407675,855,859,28500.0,28600.0,28633.333333333332,19,2,1.0,0.6666666666666666,0.6666666666666666,proportional,True,transcript_proportional
-yRb-Jum7EQ$_$1,48,Hamas.,28.635011990407676,29.26666666666667,458160,465757,287,293,28635.011990407675,29109.8125,861,875,28700.0,29233.333333333336,29266.666666666668,45,6,0.7377049180327869,0.8571428571428571,0.7377049180327869,proportional,True,transcript_proportional
-yRb-Jum7EQ$_$5,0,Yesterday,0.0,0.8977272727272727,0,14364,0,9,0.0,897.7272727272727,0,25,0.0,800.0,833.3333333333334,88,9,1.0,1.0,1.0,proportional,True,transcript_proportional
-yRb-Jum7EQ$_$5,1,Eliav,0.8977272727272727,1.3964646464646464,14364,22343,9,14,897.7272727272727,1396.4646464646464,27,40,900.0,1300.0,1333.3333333333333,48,5,1.0,1.0,1.0,proportional,True,transcript_proportional
-yRb-Jum7EQ$_$5,2,Gelman,1.3964646464646464,1.9949494949494948,22343,31919,14,20,1396.4646464646464,1994.9494949494947,42,58,1400.0,1900.0,1933.3333333333333,58,6,1.0,1.0,1.0,proportional,True,transcript_proportional
-yRb-Jum7EQ$_$5,3,lost,1.9949494949494948,2.393939393939394,31919,38303,20,24,1994.9494949494947,2393.939393939394,60,70,2000.0,2300.0,2333.3333333333335,38,4,1.0,1.0,1.0,proportional,True,transcript_proportional
-yRb-Jum7EQ$_$5,4,his,2.393939393939394,2.6931818181818183,38303,43091,24,27,2393.939393939394,2693.1818181818185,72,79,2400.0,2600.0,2633.3333333333335,28,3,1.0,1.0,1.0,proportional,True,transcript_proportional
-yRb-Jum7EQ$_$5,5,life,2.6931818181818183,3.0921717171717167,43091,49475,27,31,2693.1818181818185,3092.171717171717,81,91,2700.0,3000.0,3033.3333333333335,38,4,1.0,1.0,1.0,proportional,True,transcript_proportional
-yRb-Jum7EQ$_$5,6,in,3.0921717171717167,3.2916666666666665,49475,52667,31,33,3092.171717171717,3291.6666666666665,93,97,3100.0,3200.0,3233.3333333333335,18,2,1.0,1.0,1.0,proportional,True,transcript_proportional
-yRb-Jum7EQ$_$5,7,another,3.2916666666666665,3.9898989898989896,52667,63838,33,40,3291.6666666666665,3989.8989898989894,99,118,3300.0,3900.0,3933.3333333333335,68,7,1.0,1.0,1.0,proportional,True,transcript_proportional
-yRb-Jum7EQ$_$5,8,terrorist,3.9898989898989896,4.887626262626262,63838,78202,40,49,3989.8989898989894,4887.626262626262,120,145,4000.0,4800.0,4833.333333333333,88,9,1.0,1.0,1.0,proportional,True,transcript_proportional
-yRb-Jum7EQ$_$5,9,"attack,",4.887626262626262,5.585858585858586,78202,89374,49,56,4887.626262626262,5585.858585858586,147,166,4900.0,5500.0,5533.333333333333,68,7,1.0,1.0,1.0,proportional,True,transcript_proportional
-yRb-Jum7EQ$_$5,10,not,5.585858585858586,5.8851010101010095,89374,94162,56,59,5585.858585858586,5885.10101010101,168,175,5600.0,5800.0,5833.333333333333,28,3,1.0,1.0,1.0,proportional,True,transcript_proportional
-yRb-Jum7EQ$_$5,11,by,5.8851010101010095,6.084595959595959,94162,97354,59,61,5885.10101010101,6084.595959595959,177,181,5900.0,6000.0,6033.333333333333,18,2,1.0,1.0,1.0,proportional,True,transcript_proportional
-yRb-Jum7EQ$_$5,12,the,6.084595959595959,6.383838383838383,97354,102141,61,64,6084.595959595959,6383.838383838383,183,190,6100.0,6300.0,6333.333333333333,28,3,1.0,1.0,1.0,proportional,True,transcript_proportional
-yRb-Jum7EQ$_$5,13,students,6.383838383838383,7.181818181818182,102141,114909,64,72,6383.838383838383,7181.818181818182,192,214,6400.0,7100.0,7133.333333333333,78,8,1.0,1.0,1.0,proportional,True,transcript_proportional
-yRb-Jum7EQ$_$5,14,of,7.181818181818182,7.381313131313131,114909,118101,72,74,7181.818181818182,7381.313131313131,216,220,7200.0,7300.0,7333.333333333333,18,2,1.0,1.0,1.0,proportional,True,transcript_proportional
-yRb-Jum7EQ$_$5,15,"terrorism,",7.381313131313131,8.378787878787879,118101,134061,74,84,7381.313131313131,8378.787878787878,222,250,7400.0,8300.0,8333.333333333334,98,10,1.0,1.0,1.0,proportional,True,transcript_proportional
-yRb-Jum7EQ$_$5,16,but,8.378787878787879,8.678030303030303,134061,138848,84,87,8378.787878787878,8678.030303030302,252,259,8400.0,8600.0,8633.333333333334,28,3,1.0,1.0,1.0,proportional,True,transcript_proportional
-yRb-Jum7EQ$_$5,17,by,8.678030303030303,8.877525252525253,138848,142040,87,89,8678.030303030302,8877.525252525253,261,265,8700.0,8800.0,8833.333333333334,18,2,1.0,1.0,1.0,proportional,True,transcript_proportional
-yRb-Jum7EQ$_$5,18,those,8.877525252525253,9.376262626262625,142040,150020,89,94,8877.525252525253,9376.262626262625,267,280,8900.0,9300.0,9333.333333333334,48,5,1.0,1.0,1.0,proportional,True,transcript_proportional
-yRb-Jum7EQ$_$5,19,who,9.376262626262625,9.67550505050505,150020,154808,94,97,9376.262626262625,9675.50505050505,282,289,9400.0,9600.0,9633.333333333334,28,3,1.0,1.0,1.0,proportional,True,transcript_proportional
-yRb-Jum7EQ$_$5,20,teach,9.67550505050505,10.174242424242424,154808,162788,97,102,9675.50505050505,10174.242424242424,291,304,9700.0,10100.0,10133.333333333334,48,5,1.0,1.0,1.0,proportional,True,transcript_proportional
-yRb-Jum7EQ$_$5,21,"terrorism,",10.174242424242424,11.171717171717171,162788,178747,102,112,10174.242424242424,11171.717171717171,306,334,10200.0,11100.0,11133.333333333334,98,10,1.0,1.0,1.0,proportional,True,transcript_proportional
-yRb-Jum7EQ$_$5,22,a,11.171717171717171,11.271464646464645,178747,180343,112,113,11171.717171717171,11271.464646464645,336,337,11200.0,11200.0,11233.333333333334,8,1,1.0,1.0,1.0,proportional,True,transcript_proportional
-yRb-Jum7EQ$_$5,23,Palestinian,11.271464646464645,12.368686868686867,180343,197899,113,124,11271.464646464645,12368.686868686867,339,370,11300.0,12300.0,12333.333333333334,108,11,1.0,1.0,1.0,proportional,True,transcript_proportional
-yRb-Jum7EQ$_$5,24,teacher.,12.368686868686867,13.166666666666666,197899,208713,124,132,12368.686868686867,13044.5625,372,394,12400.0,13133.333333333332,13166.666666666666,66,8,0.8461538461538461,1.0,0.8461538461538461,proportional,True,transcript_proportional
-yRb-Jum7EQ$_$6,0,"Therefore,",0.0,1.1472002551020408,0,18355,0,12,0.0,1147.2002551020407,0,34,0.0,1100.0,1133.3333333333333,113,12,1.0,1.0,1.0,proportional,True,transcript_proportional
-yRb-Jum7EQ$_$6,1,the,1.1472002551020408,1.4913603316326531,18355,23862,12,15,1147.2002551020407,1491.3603316326532,36,43,1200.0,1400.0,1433.3333333333333,32,3,1.0,0.75,0.75,proportional,True,transcript_proportional
-yRb-Jum7EQ$_$6,2,world,1.4913603316326531,2.0649604591836734,23862,33039,15,21,1491.3603316326532,2064.9604591836733,45,61,1500.0,2000.0,2033.3333333333333,55,6,1.0,1.0,1.0,proportional,True,transcript_proportional
-yRb-Jum7EQ$_$6,3,needs,2.0649604591836734,2.6385605867346937,33039,42217,21,27,2064.9604591836733,2638.5605867346935,63,79,2100.0,2600.0,2633.3333333333335,55,6,1.0,1.0,1.0,proportional,True,transcript_proportional
-yRb-Jum7EQ$_$6,4,to,2.6385605867346937,2.868000637755102,42217,45888,27,29,2638.5605867346935,2868.000637755102,81,85,2700.0,2800.0,2833.3333333333335,21,2,1.0,0.6666666666666666,0.6666666666666666,proportional,True,transcript_proportional
-yRb-Jum7EQ$_$6,5,stand,2.868000637755102,3.4416007653061227,45888,55066,29,35,2868.000637755102,3441.600765306123,87,103,2900.0,3400.0,3433.3333333333335,55,6,1.0,1.0,1.0,proportional,True,transcript_proportional
-yRb-Jum7EQ$_$6,6,with,3.4416007653061227,3.9004808673469387,55066,62408,35,40,3441.600765306123,3900.480867346939,105,118,3500.0,3900.0,3933.3333333333335,44,5,1.0,1.0,1.0,proportional,True,transcript_proportional
-yRb-Jum7EQ$_$6,7,Israel,3.9004808673469387,4.588801020408163,62408,73421,40,46,3900.480867346939,4588.801020408163,120,136,4000.0,4500.0,4533.333333333333,67,6,1.0,0.8571428571428571,0.8571428571428571,proportional,True,transcript_proportional
-yRb-Jum7EQ$_$6,8,against,4.588801020408163,5.391841198979591,73421,86269,46,54,4588.801020408163,5391.841198979591,138,160,4600.0,5300.0,5333.333333333333,78,8,1.0,0.8888888888888888,0.8888888888888888,proportional,True,transcript_proportional
-yRb-Jum7EQ$_$6,9,this,5.391841198979591,5.850721301020409,86269,93612,54,59,5391.841198979591,5850.721301020409,162,175,5400.0,5800.0,5833.333333333333,44,5,1.0,1.0,1.0,proportional,True,transcript_proportional
-yRb-Jum7EQ$_$6,10,"incitement,",5.850721301020409,7.112641581632652,93612,113802,59,72,5850.721301020409,7112.641581632653,177,214,5900.0,7100.0,7133.333333333333,124,13,1.0,1.0,1.0,proportional,True,transcript_proportional
-yRb-Jum7EQ$_$6,11,which,7.112641581632652,7.686241709183673,113802,122980,72,77,7112.641581632653,7686.241709183673,216,229,7200.0,7600.0,7633.333333333333,55,5,1.0,0.8333333333333334,0.8333333333333334,proportional,True,transcript_proportional
-yRb-Jum7EQ$_$6,12,is,7.686241709183673,7.915681760204082,122980,126651,77,80,7686.241709183673,7915.681760204082,231,238,7700.0,7900.0,7933.333333333333,21,3,1.0,1.0,1.0,proportional,True,transcript_proportional
-yRb-Jum7EQ$_$6,13,the,7.915681760204082,8.259841836734694,126651,132157,80,83,7915.681760204082,8259.841836734693,240,247,8000.0,8200.0,8233.333333333334,32,3,1.0,0.75,0.75,proportional,True,transcript_proportional
-yRb-Jum7EQ$_$6,14,number,8.259841836734694,8.948161989795919,132157,143171,83,90,8259.841836734693,8948.161989795919,249,268,8300.0,8900.0,8933.333333333334,67,7,1.0,1.0,1.0,proportional,True,transcript_proportional
-yRb-Jum7EQ$_$6,15,one,8.948161989795919,9.29232206632653,143171,148677,90,93,8948.161989795919,9292.322066326531,270,277,9000.0,9200.0,9233.333333333334,32,3,1.0,0.75,0.75,proportional,True,transcript_proportional
-yRb-Jum7EQ$_$6,16,cause,9.29232206632653,9.865922193877552,148677,157855,93,99,9292.322066326531,9865.922193877552,279,295,9300.0,9800.0,9833.333333333334,55,6,1.0,1.0,1.0,proportional,True,transcript_proportional
-yRb-Jum7EQ$_$6,17,of,9.865922193877552,10.09536224489796,157855,161526,99,101,9865.922193877552,10095.362244897959,297,301,9900.0,10000.0,10033.333333333334,21,2,1.0,0.6666666666666666,0.6666666666666666,proportional,True,transcript_proportional
-yRb-Jum7EQ$_$6,18,terrorism.,10.09536224489796,11.2425625,161526,179881,101,112,10095.362244897959,11242.5625,303,334,10100.0,11100.0,11133.333333333334,113,11,1.0,0.9166666666666666,0.9166666666666666,proportional,True,transcript_proportional
