sample_id,modality,source_path,container_declared_duration_sec,container_effective_duration_sec,decoded_timeline_duration_sec,stream_duration_sec,sample_rate_hz,source_fps,sampled_fps,raw_shape,feature_dim,native_granularity,aligned_granularity,sequence_length,valid_position_count,padding_position_count,alignment_method,feature_path,unaligned_feature_path,face_detection_rate,feature_sha256,status,warnings,unaligned_feature_sha256
-3g5yACwYnA$_$13,text,data/raw/extracted/E题数据/附件1-数据集原始多模态样本/MOSEI数据集部分原始视频-100条/-3g5yACwYnA/13.mp4,8.767,5.513997,5.5,5.5,n/a,n/a,n/a,n/a,128,grouped_transcript_anchor,variable_text_anchor_mean_pool,15,15,35,proportional,q1_features.npz,n/a,n/a,b4261dff718cb6a3657fa394bed1617e73ea1b32c187bd083590d60d24d23cc2,ok,,n/a
-3g5yACwYnA$_$13,audio,data/raw/extracted/E题数据/附件1-数据集原始多模态样本/MOSEI数据集部分原始视频-100条/-3g5yACwYnA/13.mp4,8.767,5.513997,5.5,5.399125,16000,n/a,n/a,n/a,74,10_ms_frame,variable_text_anchor_mean_pool,15,15,35,proportional,q1_features.npz,q1_features_unaligned.npz,n/a,b4261dff718cb6a3657fa394bed1617e73ea1b32c187bd083590d60d24d23cc2,ok,,945939ddd12064686060ad96d05424b0d23f9beea7e526ebc2ef56c838009f9c
-3g5yACwYnA$_$13,vision,data/raw/extracted/E题数据/附件1-数据集原始多模态样本/MOSEI数据集部分原始视频-100条/-3g5yACwYnA/13.mp4,8.767,5.513997,5.5,5.5,n/a,30.0,10.0,n/a,35,10_fps_sample,variable_text_anchor_mean_pool,15,15,35,proportional,q1_features.npz,q1_features_unaligned.npz,1.0,b4261dff718cb6a3657fa394bed1617e73ea1b32c187bd083590d60d24d23cc2,ok,,945939ddd12064686060ad96d05424b0d23f9beea7e526ebc2ef56c838009f9c
-3g5yACwYnA$_$3,text,data/raw/extracted/E题数据/附件1-数据集原始多模态样本/MOSEI数据集部分原始视频-100条/-3g5yACwYnA/3.mp4,19.273,14.388997,14.366666666666667,14.366666666666667,n/a,n/a,n/a,n/a,128,grouped_transcript_anchor,variable_text_anchor_mean_pool,29,29,21,proportional,q1_features.npz,n/a,n/a,b4261dff718cb6a3657fa394bed1617e73ea1b32c187bd083590d60d24d23cc2,ok,,n/a
-3g5yACwYnA$_$3,audio,data/raw/extracted/E题数据/附件1-数据集原始多模态样本/MOSEI数据集部分原始视频-100条/-3g5yACwYnA/3.mp4,19.273,14.388997,14.366666666666667,14.327875,16000,n/a,n/a,n/a,74,10_ms_frame,variable_text_anchor_mean_pool,29,29,21,proportional,q1_features.npz,q1_features_unaligned.npz,n/a,b4261dff718cb6a3657fa394bed1617e73ea1b32c187bd083590d60d24d23cc2,ok,,945939ddd12064686060ad96d05424b0d23f9beea7e526ebc2ef56c838009f9c
-3g5yACwYnA$_$3,vision,data/raw/extracted/E题数据/附件1-数据集原始多模态样本/MOSEI数据集部分原始视频-100条/-3g5yACwYnA/3.mp4,19.273,14.388997,14.366666666666667,14.366666666666667,n/a,30.0,10.0,n/a,35,10_fps_sample,variable_text_anchor_mean_pool,29,29,21,proportional,q1_features.npz,q1_features_unaligned.npz,1.0,b4261dff718cb6a3657fa394bed1617e73ea1b32c187bd083590d60d24d23cc2,ok,,945939ddd12064686060ad96d05424b0d23f9beea7e526ebc2ef56c838009f9c
-3g5yACwYnA$_$2,text,data/raw/extracted/E题数据/附件1-数据集原始多模态样本/MOSEI数据集部分原始视频-100条/-3g5yACwYnA/2.mp4,14.234,9.39401,9.366666666666667,9.366666666666667,n/a,n/a,n/a,n/a,128,grouped_transcript_anchor,variable_text_anchor_mean_pool,14,14,36,proportional,q1_features.npz,n/a,n/a,b4261dff718cb6a3657fa394bed1617e73ea1b32c187bd083590d60d24d23cc2,ok,,n/a
-3g5yACwYnA$_$2,audio,data/raw/extracted/E题数据/附件1-数据集原始多模态样本/MOSEI数据集部分原始视频-100条/-3g5yACwYnA/2.mp4,14.234,9.39401,9.366666666666667,9.2313125,16000,n/a,n/a,n/a,74,10_ms_frame,variable_text_anchor_mean_pool,14,14,36,proportional,q1_features.npz,q1_features_unaligned.npz,n/a,b4261dff718cb6a3657fa394bed1617e73ea1b32c187bd083590d60d24d23cc2,ok,,945939ddd12064686060ad96d05424b0d23f9beea7e526ebc2ef56c838009f9c
-3g5yACwYnA$_$2,vision,data/raw/extracted/E题数据/附件1-数据集原始多模态样本/MOSEI数据集部分原始视频-100条/-3g5yACwYnA/2.mp4,14.234,9.39401,9.366666666666667,9.366666666666667,n/a,30.0,10.0,n/a,35,10_fps_sample,variable_text_anchor_mean_pool,14,14,36,proportional,q1_features.npz,q1_features_unaligned.npz,1.0,b4261dff718cb6a3657fa394bed1617e73ea1b32c187bd083590d60d24d23cc2,ok,,945939ddd12064686060ad96d05424b0d23f9beea7e526ebc2ef56c838009f9c
-3g5yACwYnA$_$9,text,data/raw/extracted/E题数据/附件1-数据集原始多模态样本/MOSEI数据集部分原始视频-100条/-3g5yACwYnA/9.mp4,16.234,8.816992,8.8,8.8,n/a,n/a,n/a,n/a,128,grouped_transcript_anchor,variable_text_anchor_mean_pool,21,21,29,proportional,q1_features.npz,n/a,n/a,b4261dff718cb6a3657fa394bed1617e73ea1b32c187bd083590d60d24d23cc2,ok,,n/a
-3g5yACwYnA$_$9,audio,data/raw/extracted/E题数据/附件1-数据集原始多模态样本/MOSEI数据集部分原始视频-100条/-3g5yACwYnA/9.mp4,16.234,8.816992,8.8,8.6961875,16000,n/a,n/a,n/a,74,10_ms_frame,variable_text_anchor_mean_pool,21,21,29,proportional,q1_features.npz,q1_features_unaligned.npz,n/a,b4261dff718cb6a3657fa394bed1617e73ea1b32c187bd083590d60d24d23cc2,ok,,945939ddd12064686060ad96d05424b0d23f9beea7e526ebc2ef56c838009f9c
-3g5yACwYnA$_$9,vision,data/raw/extracted/E题数据/附件1-数据集原始多模态样本/MOSEI数据集部分原始视频-100条/-3g5yACwYnA/9.mp4,16.234,8.816992,8.8,8.8,n/a,30.0,10.0,n/a,35,10_fps_sample,variable_text_anchor_mean_pool,21,21,29,proportional,q1_features.npz,q1_features_unaligned.npz,1.0,b4261dff718cb6a3657fa394bed1617e73ea1b32c187bd083590d60d24d23cc2,ok,,945939ddd12064686060ad96d05424b0d23f9beea7e526ebc2ef56c838009f9c
-3nNcZdcdvU$_$5,text,data/raw/extracted/E题数据/附件1-数据集原始多模态样本/MOSEI数据集部分原始视频-100条/-3nNcZdcdvU/5.mp4,10.937,7.867969,7.866666666666666,7.866666666666666,n/a,n/a,n/a,n/a,128,grouped_transcript_anchor,variable_text_anchor_mean_pool,18,18,32,proportional,q1_features.npz,n/a,n/a,b4261dff718cb6a3657fa394bed1617e73ea1b32c187bd083590d60d24d23cc2,ok,,n/a
-3nNcZdcdvU$_$5,audio,data/raw/extracted/E题数据/附件1-数据集原始多模态样本/MOSEI数据集部分原始视频-100条/-3nNcZdcdvU/5.mp4,10.937,7.867969,7.866666666666666,7.788625,16000,n/a,n/a,n/a,74,10_ms_frame,variable_text_anchor_mean_pool,18,18,32,proportional,q1_features.npz,q1_features_unaligned.npz,n/a,b4261dff718cb6a3657fa394bed1617e73ea1b32c187bd083590d60d24d23cc2,ok,,945939ddd12064686060ad96d05424b0d23f9beea7e526ebc2ef56c838009f9c
-3nNcZdcdvU$_$5,vision,data/raw/extracted/E题数据/附件1-数据集原始多模态样本/MOSEI数据集部分原始视频-100条/-3nNcZdcdvU/5.mp4,10.937,7.867969,7.866666666666666,7.866666666666666,n/a,30.0,10.0,n/a,35,10_fps_sample,variable_text_anchor_mean_pool,18,18,32,proportional,q1_features.npz,q1_features_unaligned.npz,0.9113924050632911,b4261dff718cb6a3657fa394bed1617e73ea1b32c187bd083590d60d24d23cc2,ok,,945939ddd12064686060ad96d05424b0d23f9beea7e526ebc2ef56c838009f9c
-HwX2H8Z4hY$_$2,text,data/raw/extracted/E题数据/附件1-数据集原始多模态样本/MOSEI数据集部分原始视频-100条/-HwX2H8Z4hY/2.mp4,8.151,3.982031,3.9666666666666663,3.9666666666666663,n/a,n/a,n/a,n/a,128,grouped_transcript_anchor,variable_text_anchor_mean_pool,8,8,42,proportional,q1_features.npz,n/a,n/a,b4261dff718cb6a3657fa394bed1617e73ea1b32c187bd083590d60d24d23cc2,ok,,n/a
-HwX2H8Z4hY$_$2,audio,data/raw/extracted/E题数据/附件1-数据集原始多模态样本/MOSEI数据集部分原始视频-100条/-HwX2H8Z4hY/2.mp4,8.151,3.982031,3.9666666666666663,3.915875,16000,n/a,n/a,n/a,74,10_ms_frame,variable_text_anchor_mean_pool,8,8,42,proportional,q1_features.npz,q1_features_unaligned.npz,n/a,b4261dff718cb6a3657fa394bed1617e73ea1b32c187bd083590d60d24d23cc2,ok,,945939ddd12064686060ad96d05424b0d23f9beea7e526ebc2ef56c838009f9c
-HwX2H8Z4hY$_$2,vision,data/raw/extracted/E题数据/附件1-数据集原始多模态样本/MOSEI数据集部分原始视频-100条/-HwX2H8Z4hY/2.mp4,8.151,3.982031,3.9666666666666663,3.9666666666666663,n/a,30.0,10.0,n/a,35,10_fps_sample,variable_text_anchor_mean_pool,8,8,42,proportional,q1_features.npz,q1_features_unaligned.npz,0.0,b4261dff718cb6a3657fa394bed1617e73ea1b32c187bd083590d60d24d23cc2,ok,,945939ddd12064686060ad96d05424b0d23f9beea7e526ebc2ef56c838009f9c
-HwX2H8Z4hY$_$5,text,data/raw/extracted/E题数据/附件1-数据集原始多模态样本/MOSEI数据集部分原始视频-100条/-HwX2H8Z4hY/5.mp4,11.467,5.652995,5.633333333333333,5.633333333333333,n/a,n/a,n/a,n/a,128,grouped_transcript_anchor,variable_text_anchor_mean_pool,10,10,40,proportional,q1_features.npz,n/a,n/a,b4261dff718cb6a3657fa394bed1617e73ea1b32c187bd083590d60d24d23cc2,ok,,n/a
-HwX2H8Z4hY$_$5,audio,data/raw/extracted/E题数据/附件1-数据集原始多模态样本/MOSEI数据集部分原始视频-100条/-HwX2H8Z4hY/5.mp4,11.467,5.652995,5.633333333333333,5.5440625,16000,n/a,n/a,n/a,74,10_ms_frame,variable_text_anchor_mean_pool,10,10,40,proportional,q1_features.npz,q1_features_unaligned.npz,n/a,b4261dff718cb6a3657fa394bed1617e73ea1b32c187bd083590d60d24d23cc2,ok,,945939ddd12064686060ad96d05424b0d23f9beea7e526ebc2ef56c838009f9c
-HwX2H8Z4hY$_$5,vision,data/raw/extracted/E题数据/附件1-数据集原始多模态样本/MOSEI数据集部分原始视频-100条/-HwX2H8Z4hY/5.mp4,11.467,5.652995,5.633333333333333,5.633333333333333,n/a,30.0,10.0,n/a,35,10_fps_sample,variable_text_anchor_mean_pool,10,10,40,proportional,q1_features.npz,q1_features_unaligned.npz,0.07017543859649122,b4261dff718cb6a3657fa394bed1617e73ea1b32c187bd083590d60d24d23cc2,ok,,945939ddd12064686060ad96d05424b0d23f9beea7e526ebc2ef56c838009f9c
-HwX2H8Z4hY$_$6,text,data/raw/extracted/E题数据/附件1-数据集原始多模态样本/MOSEI数据集部分原始视频-100条/-HwX2H8Z4hY/6.mp4,6.767,3.358008,3.333333333333333,3.333333333333333,n/a,n/a,n/a,n/a,128,grouped_transcript_anchor,variable_text_anchor_mean_pool,7,7,43,proportional,q1_features.npz,n/a,n/a,b4261dff718cb6a3657fa394bed1617e73ea1b32c187bd083590d60d24d23cc2,ok,,n/a
-HwX2H8Z4hY$_$6,audio,data/raw/extracted/E题数据/附件1-数据集原始多模态样本/MOSEI数据集部分原始视频-100条/-HwX2H8Z4hY/6.mp4,6.767,3.358008,3.333333333333333,3.256,16000,n/a,n/a,n/a,74,10_ms_frame,variable_text_anchor_mean_pool,7,7,43,proportional,q1_features.npz,q1_features_unaligned.npz,n/a,b4261dff718cb6a3657fa394bed1617e73ea1b32c187bd083590d60d24d23cc2,ok,,945939ddd12064686060ad96d05424b0d23f9beea7e526ebc2ef56c838009f9c
-HwX2H8Z4hY$_$6,vision,data/raw/extracted/E题数据/附件1-数据集原始多模态样本/MOSEI数据集部分原始视频-100条/-HwX2H8Z4hY/6.mp4,6.767,3.358008,3.333333333333333,3.333333333333333,n/a,30.0,10.0,n/a,35,10_fps_sample,variable_text_anchor_mean_pool,7,7,43,proportional,q1_features.npz,q1_features_unaligned.npz,0.029411764705882353,b4261dff718cb6a3657fa394bed1617e73ea1b32c187bd083590d60d24d23cc2,ok,,945939ddd12064686060ad96d05424b0d23f9beea7e526ebc2ef56c838009f9c
-HwX2H8Z4hY$_$9,text,data/raw/extracted/E题数据/附件1-数据集原始多模态样本/MOSEI数据集部分原始视频-100条/-HwX2H8Z4hY/9.mp4,11.434,7.733984,7.733333333333333,7.733333333333333,n/a,n/a,n/a,n/a,128,grouped_transcript_anchor,variable_text_anchor_mean_pool,22,22,28,proportional,q1_features.npz,n/a,n/a,b4261dff718cb6a3657fa394bed1617e73ea1b32c187bd083590d60d24d23cc2,ok,,n/a
-HwX2H8Z4hY$_$9,audio,data/raw/extracted/E题数据/附件1-数据集原始多模态样本/MOSEI数据集部分原始视频-100条/-HwX2H8Z4hY/9.mp4,11.434,7.733984,7.733333333333333,7.636375,16000,n/a,n/a,n/a,74,10_ms_frame,variable_text_anchor_mean_pool,22,22,28,proportional,q1_features.npz,q1_features_unaligned.npz,n/a,b4261dff718cb6a3657fa394bed1617e73ea1b32c187bd083590d60d24d23cc2,ok,,945939ddd12064686060ad96d05424b0d23f9beea7e526ebc2ef56c838009f9c
-HwX2H8Z4hY$_$9,vision,data/raw/extracted/E题数据/附件1-数据集原始多模态样本/MOSEI数据集部分原始视频-100条/-HwX2H8Z4hY/9.mp4,11.434,7.733984,7.733333333333333,7.733333333333333,n/a,30.0,10.0,n/a,35,10_fps_sample,variable_text_anchor_mean_pool,22,21,28,proportional,q1_features.npz,q1_features_unaligned.npz,0.0,b4261dff718cb6a3657fa394bed1617e73ea1b32c187bd083590d60d24d23cc2,warning,invalid_nonpadding_positions,945939ddd12064686060ad96d05424b0d23f9beea7e526ebc2ef56c838009f9c
-NFrJFQijFE$_$1,text,data/raw/extracted/E题数据/附件1-数据集原始多模态样本/MOSEI数据集部分原始视频-100条/-NFrJFQijFE/1.mp4,9.12,5.746,5.72,5.72,n/a,n/a,n/a,n/a,128,grouped_transcript_anchor,variable_text_anchor_mean_pool,16,16,34,proportional,q1_features.npz,n/a,n/a,b4261dff718cb6a3657fa394bed1617e73ea1b32c187bd083590d60d24d23cc2,ok,,n/a
-NFrJFQijFE$_$1,audio,data/raw/extracted/E题数据/附件1-数据集原始多模态样本/MOSEI数据集部分原始视频-100条/-NFrJFQijFE/1.mp4,9.12,5.746,5.72,5.658875,16000,n/a,n/a,n/a,74,10_ms_frame,variable_text_anchor_mean_pool,16,16,34,proportional,q1_features.npz,q1_features_unaligned.npz,n/a,b4261dff718cb6a3657fa394bed1617e73ea1b32c187bd083590d60d24d23cc2,ok,,945939ddd12064686060ad96d05424b0d23f9beea7e526ebc2ef56c838009f9c
-NFrJFQijFE$_$1,vision,data/raw/extracted/E题数据/附件1-数据集原始多模态样本/MOSEI数据集部分原始视频-100条/-NFrJFQijFE/1.mp4,9.12,5.746,5.72,5.72,n/a,25.0,10.0,n/a,35,10_fps_sample,variable_text_anchor_mean_pool,16,16,34,proportional,q1_features.npz,q1_features_unaligned.npz,0.0,b4261dff718cb6a3657fa394bed1617e73ea1b32c187bd083590d60d24d23cc2,ok,,945939ddd12064686060ad96d05424b0d23f9beea7e526ebc2ef56c838009f9c
-NFrJFQijFE$_$2,text,data/raw/extracted/E题数据/附件1-数据集原始多模态样本/MOSEI数据集部分原始视频-100条/-NFrJFQijFE/2.mp4,9.76,6.856,6.84,6.84,n/a,n/a,n/a,n/a,128,grouped_transcript_anchor,variable_text_anchor_mean_pool,18,18,32,proportional,q1_features.npz,n/a,n/a,b4261dff718cb6a3657fa394bed1617e73ea1b32c187bd083590d60d24d23cc2,ok,,n/a
-NFrJFQijFE$_$2,audio,data/raw/extracted/E题数据/附件1-数据集原始多模态样本/MOSEI数据集部分原始视频-100条/-NFrJFQijFE/2.mp4,9.76,6.856,6.84,6.698375,16000,n/a,n/a,n/a,74,10_ms_frame,variable_text_anchor_mean_pool,18,18,32,proportional,q1_features.npz,q1_features_unaligned.npz,n/a,b4261dff718cb6a3657fa394bed1617e73ea1b32c187bd083590d60d24d23cc2,ok,,945939ddd12064686060ad96d05424b0d23f9beea7e526ebc2ef56c838009f9c
-NFrJFQijFE$_$2,vision,data/raw/extracted/E题数据/附件1-数据集原始多模态样本/MOSEI数据集部分原始视频-100条/-NFrJFQijFE/2.mp4,9.76,6.856,6.84,6.84,n/a,25.0,10.0,n/a,35,10_fps_sample,variable_text_anchor_mean_pool,18,18,32,proportional,q1_features.npz,q1_features_unaligned.npz,0.0,b4261dff718cb6a3657fa394bed1617e73ea1b32c187bd083590d60d24d23cc2,ok,,945939ddd12064686060ad96d05424b0d23f9beea7e526ebc2ef56c838009f9c
-THoVjtIkeU$_$12,text,data/raw/extracted/E题数据/附件1-数据集原始多模态样本/MOSEI数据集部分原始视频-100条/-THoVjtIkeU/12.mp4,18.8,14.896029,14.866666666666667,14.866666666666667,n/a,n/a,n/a,n/a,128,grouped_transcript_anchor,variable_text_anchor_mean_pool,39,39,11,proportional,q1_features.npz,n/a,n/a,b4261dff718cb6a3657fa394bed1617e73ea1b32c187bd083590d60d24d23cc2,ok,,n/a
-THoVjtIkeU$_$12,audio,data/raw/extracted/E题数据/附件1-数据集原始多模态样本/MOSEI数据集部分原始视频-100条/-THoVjtIkeU/12.mp4,18.8,14.896029,14.866666666666667,14.8055625,16000,n/a,n/a,n/a,74,10_ms_frame,variable_text_anchor_mean_pool,39,39,11,proportional,q1_features.npz,q1_features_unaligned.npz,n/a,b4261dff718cb6a3657fa394bed1617e73ea1b32c187bd083590d60d24d23cc2,ok,,945939ddd12064686060ad96d05424b0d23f9beea7e526ebc2ef56c838009f9c
-THoVjtIkeU$_$12,vision,data/raw/extracted/E题数据/附件1-数据集原始多模态样本/MOSEI数据集部分原始视频-100条/-THoVjtIkeU/12.mp4,18.8,14.896029,14.866666666666667,14.866666666666667,n/a,30.0,10.0,n/a,35,10_fps_sample,variable_text_anchor_mean_pool,39,39,11,proportional,q1_features.npz,q1_features_unaligned.npz,0.09395973154362416,b4261dff718cb6a3657fa394bed1617e73ea1b32c187bd083590d60d24d23cc2,ok,,945939ddd12064686060ad96d05424b0d23f9beea7e526ebc2ef56c838009f9c
-THoVjtIkeU$_$2,text,data/raw/extracted/E题数据/附件1-数据集原始多模态样本/MOSEI数据集部分原始视频-100条/-THoVjtIkeU/2.mp4,4.644,4.291992,4.266666666666667,4.266666666666667,n/a,n/a,n/a,n/a,128,grouped_transcript_anchor,variable_text_anchor_mean_pool,10,10,40,proportional,q1_features.npz,n/a,n/a,b4261dff718cb6a3657fa394bed1617e73ea1b32c187bd083590d60d24d23cc2,ok,,n/a
-THoVjtIkeU$_$2,audio,data/raw/extracted/E题数据/附件1-数据集原始多模态样本/MOSEI数据集部分原始视频-100条/-THoVjtIkeU/2.mp4,4.644,4.291992,4.266666666666667,4.230875,16000,n/a,n/a,n/a,74,10_ms_frame,variable_text_anchor_mean_pool,10,10,40,proportional,q1_features.npz,q1_features_unaligned.npz,n/a,b4261dff718cb6a3657fa394bed1617e73ea1b32c187bd083590d60d24d23cc2,ok,,945939ddd12064686060ad96d05424b0d23f9beea7e526ebc2ef56c838009f9c
-THoVjtIkeU$_$2,vision,data/raw/extracted/E题数据/附件1-数据集原始多模态样本/MOSEI数据集部分原始视频-100条/-THoVjtIkeU/2.mp4,4.644,4.291992,4.266666666666667,4.266666666666667,n/a,30.0,10.0,n/a,35,10_fps_sample,variable_text_anchor_mean_pool,10,10,40,proportional,q1_features.npz,q1_features_unaligned.npz,0.11627906976744186,b4261dff718cb6a3657fa394bed1617e73ea1b32c187bd083590d60d24d23cc2,ok,,945939ddd12064686060ad96d05424b0d23f9beea7e526ebc2ef56c838009f9c
-THoVjtIkeU$_$6,text,data/raw/extracted/E题数据/附件1-数据集原始多模态样本/MOSEI数据集部分原始视频-100条/-THoVjtIkeU/6.mp4,11.067,8.097005,8.066666666666666,8.066666666666666,n/a,n/a,n/a,n/a,128,grouped_transcript_anchor,variable_text_anchor_mean_pool,30,30,20,proportional,q1_features.npz,n/a,n/a,b4261dff718cb6a3657fa394bed1617e73ea1b32c187bd083590d60d24d23cc2,ok,,n/a
-THoVjtIkeU$_$6,audio,data/raw/extracted/E题数据/附件1-数据集原始多模态样本/MOSEI数据集部分原始视频-100条/-THoVjtIkeU/6.mp4,11.067,8.097005,8.066666666666666,7.9829375,16000,n/a,n/a,n/a,74,10_ms_frame,variable_text_anchor_mean_pool,30,30,20,proportional,q1_features.npz,q1_features_unaligned.npz,n/a,b4261dff718cb6a3657fa394bed1617e73ea1b32c187bd083590d60d24d23cc2,ok,,945939ddd12064686060ad96d05424b0d23f9beea7e526ebc2ef56c838009f9c
-THoVjtIkeU$_$6,vision,data/raw/extracted/E题数据/附件1-数据集原始多模态样本/MOSEI数据集部分原始视频-100条/-THoVjtIkeU/6.mp4,11.067,8.097005,8.066666666666666,8.066666666666666,n/a,30.0,10.0,n/a,35,10_fps_sample,variable_text_anchor_mean_pool,30,29,20,proportional,q1_features.npz,q1_features_unaligned.npz,0.024691358024691357,b4261dff718cb6a3657fa394bed1617e73ea1b32c187bd083590d60d24d23cc2,warning,invalid_nonpadding_positions,945939ddd12064686060ad96d05424b0d23f9beea7e526ebc2ef56c838009f9c
-UuX1xuaiiE$_$1,text,data/raw/extracted/E题数据/附件1-数据集原始多模态样本/MOSEI数据集部分原始视频-100条/-UuX1xuaiiE/1.mp4,13.434,10.35,10.333333333333334,10.333333333333334,n/a,n/a,n/a,n/a,128,grouped_transcript_anchor,variable_text_anchor_mean_pool,27,27,23,proportional,q1_features.npz,n/a,n/a,b4261dff718cb6a3657fa394bed1617e73ea1b32c187bd083590d60d24d23cc2,ok,,n/a
-UuX1xuaiiE$_$1,audio,data/raw/extracted/E题数据/附件1-数据集原始多模态样本/MOSEI数据集部分原始视频-100条/-UuX1xuaiiE/1.mp4,13.434,10.35,10.333333333333334,10.2675,16000,n/a,n/a,n/a,74,10_ms_frame,variable_text_anchor_mean_pool,27,27,23,proportional,q1_features.npz,q1_features_unaligned.npz,n/a,b4261dff718cb6a3657fa394bed1617e73ea1b32c187bd083590d60d24d23cc2,ok,,945939ddd12064686060ad96d05424b0d23f9beea7e526ebc2ef56c838009f9c
-UuX1xuaiiE$_$1,vision,data/raw/extracted/E题数据/附件1-数据集原始多模态样本/MOSEI数据集部分原始视频-100条/-UuX1xuaiiE/1.mp4,13.434,10.35,10.333333333333334,10.333333333333334,n/a,30.0,10.0,n/a,35,10_fps_sample,variable_text_anchor_mean_pool,27,27,23,proportional,q1_features.npz,q1_features_unaligned.npz,0.04807692307692308,b4261dff718cb6a3657fa394bed1617e73ea1b32c187bd083590d60d24d23cc2,ok,,945939ddd12064686060ad96d05424b0d23f9beea7e526ebc2ef56c838009f9c
-UuX1xuaiiE$_$0,text,data/raw/extracted/E题数据/附件1-数据集原始多模态样本/MOSEI数据集部分原始视频-100条/-UuX1xuaiiE/0.mp4,3.7,3.633333,3.6999999999999997,3.6999999999999997,n/a,n/a,n/a,n/a,128,grouped_transcript_anchor,variable_text_anchor_mean_pool,9,9,41,proportional,q1_features.npz,n/a,n/a,b4261dff718cb6a3657fa394bed1617e73ea1b32c187bd083590d60d24d23cc2,ok,,n/a
-UuX1xuaiiE$_$0,audio,data/raw/extracted/E题数据/附件1-数据集原始多模态样本/MOSEI数据集部分原始视频-100条/-UuX1xuaiiE/0.mp4,3.7,3.633333,3.6999999999999997,3.575875,16000,n/a,n/a,n/a,74,10_ms_frame,variable_text_anchor_mean_pool,9,9,41,proportional,q1_features.npz,q1_features_unaligned.npz,n/a,b4261dff718cb6a3657fa394bed1617e73ea1b32c187bd083590d60d24d23cc2,ok,,945939ddd12064686060ad96d05424b0d23f9beea7e526ebc2ef56c838009f9c
-UuX1xuaiiE$_$0,vision,data/raw/extracted/E题数据/附件1-数据集原始多模态样本/MOSEI数据集部分原始视频-100条/-UuX1xuaiiE/0.mp4,3.7,3.633333,3.6999999999999997,3.6999999999999997,n/a,30.0,10.0,n/a,35,10_fps_sample,variable_text_anchor_mean_pool,9,9,41,proportional,q1_features.npz,q1_features_unaligned.npz,0.4864864864864865,b4261dff718cb6a3657fa394bed1617e73ea1b32c187bd083590d60d24d23cc2,ok,,945939ddd12064686060ad96d05424b0d23f9beea7e526ebc2ef56c838009f9c
-UuX1xuaiiE$_$3,text,data/raw/extracted/E题数据/附件1-数据集原始多模态样本/MOSEI数据集部分原始视频-100条/-UuX1xuaiiE/3.mp4,10.634,4.130013,4.1,4.1,n/a,n/a,n/a,n/a,128,grouped_transcript_anchor,variable_text_anchor_mean_pool,9,9,41,proportional,q1_features.npz,n/a,n/a,b4261dff718cb6a3657fa394bed1617e73ea1b32c187bd083590d60d24d23cc2,ok,,n/a
-UuX1xuaiiE$_$3,audio,data/raw/extracted/E题数据/附件1-数据集原始多模态样本/MOSEI数据集部分原始视频-100条/-UuX1xuaiiE/3.mp4,10.634,4.130013,4.1,4.038375,16000,n/a,n/a,n/a,74,10_ms_frame,variable_text_anchor_mean_pool,9,9,41,proportional,q1_features.npz,q1_features_unaligned.npz,n/a,b4261dff718cb6a3657fa394bed1617e73ea1b32c187bd083590d60d24d23cc2,ok,,945939ddd12064686060ad96d05424b0d23f9beea7e526ebc2ef56c838009f9c
-UuX1xuaiiE$_$3,vision,data/raw/extracted/E题数据/附件1-数据集原始多模态样本/MOSEI数据集部分原始视频-100条/-UuX1xuaiiE/3.mp4,10.634,4.130013,4.1,4.1,n/a,30.0,10.0,n/a,35,10_fps_sample,variable_text_anchor_mean_pool,9,9,41,proportional,q1_features.npz,q1_features_unaligned.npz,0.9024390243902439,b4261dff718cb6a3657fa394bed1617e73ea1b32c187bd083590d60d24d23cc2,ok,,945939ddd12064686060ad96d05424b0d23f9beea7e526ebc2ef56c838009f9c
-UuX1xuaiiE$_$6,text,data/raw/extracted/E题数据/附件1-数据集原始多模态样本/MOSEI数据集部分原始视频-100条/-UuX1xuaiiE/6.mp4,15.234,8.113997,8.1,8.1,n/a,n/a,n/a,n/a,128,grouped_transcript_anchor,variable_text_anchor_mean_pool,22,22,28,proportional,q1_features.npz,n/a,n/a,b4261dff718cb6a3657fa394bed1617e73ea1b32c187bd083590d60d24d23cc2,ok,,n/a
-UuX1xuaiiE$_$6,audio,data/raw/extracted/E题数据/附件1-数据集原始多模态样本/MOSEI数据集部分原始视频-100条/-UuX1xuaiiE/6.mp4,15.234,8.113997,8.1,7.943875,16000,n/a,n/a,n/a,74,10_ms_frame,variable_text_anchor_mean_pool,22,22,28,proportional,q1_features.npz,q1_features_unaligned.npz,n/a,b4261dff718cb6a3657fa394bed1617e73ea1b32c187bd083590d60d24d23cc2,ok,,945939ddd12064686060ad96d05424b0d23f9beea7e526ebc2ef56c838009f9c
-UuX1xuaiiE$_$6,vision,data/raw/extracted/E题数据/附件1-数据集原始多模态样本/MOSEI数据集部分原始视频-100条/-UuX1xuaiiE/6.mp4,15.234,8.113997,8.1,8.1,n/a,30.0,10.0,n/a,35,10_fps_sample,variable_text_anchor_mean_pool,22,22,28,proportional,q1_features.npz,q1_features_unaligned.npz,0.49382716049382713,b4261dff718cb6a3657fa394bed1617e73ea1b32c187bd083590d60d24d23cc2,ok,,945939ddd12064686060ad96d05424b0d23f9beea7e526ebc2ef56c838009f9c
-a55Q6RWvTA$_$3,text,data/raw/extracted/E题数据/附件1-数据集原始多模态样本/MOSEI数据集部分原始视频-100条/-a55Q6RWvTA/3.mp4,22.617,22.153971,22.133333333333336,22.133333333333336,n/a,n/a,n/a,n/a,128,grouped_transcript_anchor,variable_text_anchor_mean_pool,50,50,0,proportional,q1_features.npz,n/a,n/a,b4261dff718cb6a3657fa394bed1617e73ea1b32c187bd083590d60d24d23cc2,ok,,n/a
-a55Q6RWvTA$_$3,audio,data/raw/extracted/E题数据/附件1-数据集原始多模态样本/MOSEI数据集部分原始视频-100条/-a55Q6RWvTA/3.mp4,22.617,22.153971,22.133333333333336,22.0833125,16000,n/a,n/a,n/a,74,10_ms_frame,variable_text_anchor_mean_pool,50,50,0,proportional,q1_features.npz,q1_features_unaligned.npz,n/a,b4261dff718cb6a3657fa394bed1617e73ea1b32c187bd083590d60d24d23cc2,ok,,945939ddd12064686060ad96d05424b0d23f9beea7e526ebc2ef56c838009f9c
-a55Q6RWvTA$_$3,vision,data/raw/extracted/E题数据/附件1-数据集原始多模态样本/MOSEI数据集部分原始视频-100条/-a55Q6RWvTA/3.mp4,22.617,22.153971,22.133333333333336,22.133333333333336,n/a,30.0,10.0,n/a,35,10_fps_sample,variable_text_anchor_mean_pool,50,49,0,proportional,q1_features.npz,q1_features_unaligned.npz,0.009009009009009009,b4261dff718cb6a3657fa394bed1617e73ea1b32c187bd083590d60d24d23cc2,warning,invalid_nonpadding_positions,945939ddd12064686060ad96d05424b0d23f9beea7e526ebc2ef56c838009f9c
-aNfi7CP8vM$_$7,text,data/raw/extracted/E题数据/附件1-数据集原始多模态样本/MOSEI数据集部分原始视频-100条/-aNfi7CP8vM/7.mp4,11.334,8.694987,8.666666666666666,8.666666666666666,n/a,n/a,n/a,n/a,128,grouped_transcript_anchor,variable_text_anchor_mean_pool,18,18,32,proportional,q1_features.npz,n/a,n/a,b4261dff718cb6a3657fa394bed1617e73ea1b32c187bd083590d60d24d23cc2,ok,,n/a
-aNfi7CP8vM$_$7,audio,data/raw/extracted/E题数据/附件1-数据集原始多模态样本/MOSEI数据集部分原始视频-100条/-aNfi7CP8vM/7.mp4,11.334,8.694987,8.666666666666666,8.5376875,16000,n/a,n/a,n/a,74,10_ms_frame,variable_text_anchor_mean_pool,18,18,32,proportional,q1_features.npz,q1_features_unaligned.npz,n/a,b4261dff718cb6a3657fa394bed1617e73ea1b32c187bd083590d60d24d23cc2,ok,,945939ddd12064686060ad96d05424b0d23f9beea7e526ebc2ef56c838009f9c
-aNfi7CP8vM$_$7,vision,data/raw/extracted/E题数据/附件1-数据集原始多模态样本/MOSEI数据集部分原始视频-100条/-aNfi7CP8vM/7.mp4,11.334,8.694987,8.666666666666666,8.666666666666666,n/a,30.0,10.0,n/a,35,10_fps_sample,variable_text_anchor_mean_pool,18,18,32,proportional,q1_features.npz,q1_features_unaligned.npz,0.9885057471264368,b4261dff718cb6a3657fa394bed1617e73ea1b32c187bd083590d60d24d23cc2,ok,,945939ddd12064686060ad96d05424b0d23f9beea7e526ebc2ef56c838009f9c
-aqamKhZ1Ec$_$0,text,data/raw/extracted/E题数据/附件1-数据集原始多模态样本/MOSEI数据集部分原始视频-100条/-aqamKhZ1Ec/0.mp4,11.0,10.966667,11.0,11.0,n/a,n/a,n/a,n/a,128,grouped_transcript_anchor,variable_text_anchor_mean_pool,14,14,36,proportional,q1_features.npz,n/a,n/a,b4261dff718cb6a3657fa394bed1617e73ea1b32c187bd083590d60d24d23cc2,ok,,n/a
-aqamKhZ1Ec$_$0,audio,data/raw/extracted/E题数据/附件1-数据集原始多模态样本/MOSEI数据集部分原始视频-100条/-aqamKhZ1Ec/0.mp4,11.0,10.966667,11.0,10.8901875,16000,n/a,n/a,n/a,74,10_ms_frame,variable_text_anchor_mean_pool,14,14,36,proportional,q1_features.npz,q1_features_unaligned.npz,n/a,b4261dff718cb6a3657fa394bed1617e73ea1b32c187bd083590d60d24d23cc2,ok,,945939ddd12064686060ad96d05424b0d23f9beea7e526ebc2ef56c838009f9c
-aqamKhZ1Ec$_$0,vision,data/raw/extracted/E题数据/附件1-数据集原始多模态样本/MOSEI数据集部分原始视频-100条/-aqamKhZ1Ec/0.mp4,11.0,10.966667,11.0,11.0,n/a,30.0,10.0,n/a,35,10_fps_sample,variable_text_anchor_mean_pool,14,14,36,proportional,q1_features.npz,q1_features_unaligned.npz,0.9272727272727272,b4261dff718cb6a3657fa394bed1617e73ea1b32c187bd083590d60d24d23cc2,ok,,945939ddd12064686060ad96d05424b0d23f9beea7e526ebc2ef56c838009f9c
-dxfTGcXJoc$_$1,text,data/raw/extracted/E题数据/附件1-数据集原始多模态样本/MOSEI数据集部分原始视频-100条/-dxfTGcXJoc/1.mp4,19.7,16.161003,16.133333333333336,16.133333333333336,n/a,n/a,n/a,n/a,128,grouped_transcript_anchor,variable_text_anchor_mean_pool,36,36,14,proportional,q1_features.npz,n/a,n/a,b4261dff718cb6a3657fa394bed1617e73ea1b32c187bd083590d60d24d23cc2,ok,,n/a
-dxfTGcXJoc$_$1,audio,data/raw/extracted/E题数据/附件1-数据集原始多模态样本/MOSEI数据集部分原始视频-100条/-dxfTGcXJoc/1.mp4,19.7,16.161003,16.133333333333336,16.018125,16000,n/a,n/a,n/a,74,10_ms_frame,variable_text_anchor_mean_pool,36,36,14,proportional,q1_features.npz,q1_features_unaligned.npz,n/a,b4261dff718cb6a3657fa394bed1617e73ea1b32c187bd083590d60d24d23cc2,ok,,945939ddd12064686060ad96d05424b0d23f9beea7e526ebc2ef56c838009f9c
-dxfTGcXJoc$_$1,vision,data/raw/extracted/E题数据/附件1-数据集原始多模态样本/MOSEI数据集部分原始视频-100条/-dxfTGcXJoc/1.mp4,19.7,16.161003,16.133333333333336,16.133333333333336,n/a,30.0,10.0,n/a,35,10_fps_sample,variable_text_anchor_mean_pool,36,35,14,proportional,q1_features.npz,q1_features_unaligned.npz,0.453416149068323,b4261dff718cb6a3657fa394bed1617e73ea1b32c187bd083590d60d24d23cc2,warning,invalid_nonpadding_positions,945939ddd12064686060ad96d05424b0d23f9beea7e526ebc2ef56c838009f9c
-dxfTGcXJoc$_$0,text,data/raw/extracted/E题数据/附件1-数据集原始多模态样本/MOSEI数据集部分原始视频-100条/-dxfTGcXJoc/0.mp4,20.534,20.5,20.533333333333335,20.533333333333335,n/a,n/a,n/a,n/a,128,grouped_transcript_anchor,variable_text_anchor_mean_pool,41,41,9,proportional,q1_features.npz,n/a,n/a,b4261dff718cb6a3657fa394bed1617e73ea1b32c187bd083590d60d24d23cc2,ok,,n/a
-dxfTGcXJoc$_$0,audio,data/raw/extracted/E题数据/附件1-数据集原始多模态样本/MOSEI数据集部分原始视频-100条/-dxfTGcXJoc/0.mp4,20.534,20.5,20.533333333333335,20.410375,16000,n/a,n/a,n/a,74,10_ms_frame,variable_text_anchor_mean_pool,41,41,9,proportional,q1_features.npz,q1_features_unaligned.npz,n/a,b4261dff718cb6a3657fa394bed1617e73ea1b32c187bd083590d60d24d23cc2,ok,,945939ddd12064686060ad96d05424b0d23f9beea7e526ebc2ef56c838009f9c
-dxfTGcXJoc$_$0,vision,data/raw/extracted/E题数据/附件1-数据集原始多模态样本/MOSEI数据集部分原始视频-100条/-dxfTGcXJoc/0.mp4,20.534,20.5,20.533333333333335,20.533333333333335,n/a,30.0,10.0,n/a,35,10_fps_sample,variable_text_anchor_mean_pool,41,41,9,proportional,q1_features.npz,q1_features_unaligned.npz,0.21844660194174756,b4261dff718cb6a3657fa394bed1617e73ea1b32c187bd083590d60d24d23cc2,ok,,945939ddd12064686060ad96d05424b0d23f9beea7e526ebc2ef56c838009f9c
-dxfTGcXJoc$_$2,text,data/raw/extracted/E题数据/附件1-数据集原始多模态样本/MOSEI数据集部分原始视频-100条/-dxfTGcXJoc/2.mp4,19.552,16.697982,16.666666666666668,16.666666666666668,n/a,n/a,n/a,n/a,128,grouped_transcript_anchor,variable_text_anchor_mean_pool,34,34,16,proportional,q1_features.npz,n/a,n/a,b4261dff718cb6a3657fa394bed1617e73ea1b32c187bd083590d60d24d23cc2,ok,,n/a
-dxfTGcXJoc$_$2,audio,data/raw/extracted/E题数据/附件1-数据集原始多模态样本/MOSEI数据集部分原始视频-100条/-dxfTGcXJoc/2.mp4,19.552,16.697982,16.666666666666668,16.6331875,16000,n/a,n/a,n/a,74,10_ms_frame,variable_text_anchor_mean_pool,34,34,16,proportional,q1_features.npz,q1_features_unaligned.npz,n/a,b4261dff718cb6a3657fa394bed1617e73ea1b32c187bd083590d60d24d23cc2,ok,,945939ddd12064686060ad96d05424b0d23f9beea7e526ebc2ef56c838009f9c
-dxfTGcXJoc$_$2,vision,data/raw/extracted/E题数据/附件1-数据集原始多模态样本/MOSEI数据集部分原始视频-100条/-dxfTGcXJoc/2.mp4,19.552,16.697982,16.666666666666668,16.666666666666668,n/a,30.0,10.0,n/a,35,10_fps_sample,variable_text_anchor_mean_pool,34,34,16,proportional,q1_features.npz,q1_features_unaligned.npz,0.7485029940119761,b4261dff718cb6a3657fa394bed1617e73ea1b32c187bd083590d60d24d23cc2,ok,,945939ddd12064686060ad96d05424b0d23f9beea7e526ebc2ef56c838009f9c
-dxfTGcXJoc$_$6,text,data/raw/extracted/E题数据/附件1-数据集原始多模态样本/MOSEI数据集部分原始视频-100条/-dxfTGcXJoc/6.mp4,12.967,12.735026,12.733333333333333,12.733333333333333,n/a,n/a,n/a,n/a,128,grouped_transcript_anchor,variable_text_anchor_mean_pool,27,27,23,proportional,q1_features.npz,n/a,n/a,b4261dff718cb6a3657fa394bed1617e73ea1b32c187bd083590d60d24d23cc2,ok,,n/a
-dxfTGcXJoc$_$6,audio,data/raw/extracted/E题数据/附件1-数据集原始多模态样本/MOSEI数据集部分原始视频-100条/-dxfTGcXJoc/6.mp4,12.967,12.735026,12.733333333333333,12.6284375,16000,n/a,n/a,n/a,74,10_ms_frame,variable_text_anchor_mean_pool,27,27,23,proportional,q1_features.npz,q1_features_unaligned.npz,n/a,b4261dff718cb6a3657fa394bed1617e73ea1b32c187bd083590d60d24d23cc2,ok,,945939ddd12064686060ad96d05424b0d23f9beea7e526ebc2ef56c838009f9c
-dxfTGcXJoc$_$6,vision,data/raw/extracted/E题数据/附件1-数据集原始多模态样本/MOSEI数据集部分原始视频-100条/-dxfTGcXJoc/6.mp4,12.967,12.735026,12.733333333333333,12.733333333333333,n/a,30.0,10.0,n/a,35,10_fps_sample,variable_text_anchor_mean_pool,27,27,23,proportional,q1_features.npz,q1_features_unaligned.npz,0.5625,b4261dff718cb6a3657fa394bed1617e73ea1b32c187bd083590d60d24d23cc2,ok,,945939ddd12064686060ad96d05424b0d23f9beea7e526ebc2ef56c838009f9c
-egA8-b7-3M$_$26,text,data/raw/extracted/E题数据/附件1-数据集原始多模态样本/MOSEI数据集部分原始视频-100条/-egA8-b7-3M/26.mp4,11.5,6.03099,6.0,6.0,n/a,n/a,n/a,n/a,128,grouped_transcript_anchor,variable_text_anchor_mean_pool,15,15,35,proportional,q1_features.npz,n/a,n/a,b4261dff718cb6a3657fa394bed1617e73ea1b32c187bd083590d60d24d23cc2,ok,,n/a
-egA8-b7-3M$_$26,audio,data/raw/extracted/E题数据/附件1-数据集原始多模态样本/MOSEI数据集部分原始视频-100条/-egA8-b7-3M/26.mp4,11.5,6.03099,6.0,5.9205625,16000,n/a,n/a,n/a,74,10_ms_frame,variable_text_anchor_mean_pool,15,15,35,proportional,q1_features.npz,q1_features_unaligned.npz,n/a,b4261dff718cb6a3657fa394bed1617e73ea1b32c187bd083590d60d24d23cc2,ok,,945939ddd12064686060ad96d05424b0d23f9beea7e526ebc2ef56c838009f9c
-egA8-b7-3M$_$26,vision,data/raw/extracted/E题数据/附件1-数据集原始多模态样本/MOSEI数据集部分原始视频-100条/-egA8-b7-3M/26.mp4,11.5,6.03099,6.0,6.0,n/a,30.0,10.0,n/a,35,10_fps_sample,variable_text_anchor_mean_pool,15,15,35,proportional,q1_features.npz,q1_features_unaligned.npz,0.8333333333333334,b4261dff718cb6a3657fa394bed1617e73ea1b32c187bd083590d60d24d23cc2,ok,,945939ddd12064686060ad96d05424b0d23f9beea7e526ebc2ef56c838009f9c
-egA8-b7-3M$_$17,text,data/raw/extracted/E题数据/附件1-数据集原始多模态样本/MOSEI数据集部分原始视频-100条/-egA8-b7-3M/17.mp4,14.0,7.271029,7.266666666666667,7.266666666666667,n/a,n/a,n/a,n/a,128,grouped_transcript_anchor,variable_text_anchor_mean_pool,16,16,34,proportional,q1_features.npz,n/a,n/a,b4261dff718cb6a3657fa394bed1617e73ea1b32c187bd083590d60d24d23cc2,ok,,n/a
-egA8-b7-3M$_$17,audio,data/raw/extracted/E题数据/附件1-数据集原始多模态样本/MOSEI数据集部分原始视频-100条/-egA8-b7-3M/17.mp4,14.0,7.271029,7.266666666666667,7.09525,16000,n/a,n/a,n/a,74,10_ms_frame,variable_text_anchor_mean_pool,16,16,34,proportional,q1_features.npz,q1_features_unaligned.npz,n/a,b4261dff718cb6a3657fa394bed1617e73ea1b32c187bd083590d60d24d23cc2,ok,,945939ddd12064686060ad96d05424b0d23f9beea7e526ebc2ef56c838009f9c
-egA8-b7-3M$_$17,vision,data/raw/extracted/E题数据/附件1-数据集原始多模态样本/MOSEI数据集部分原始视频-100条/-egA8-b7-3M/17.mp4,14.0,7.271029,7.266666666666667,7.266666666666667,n/a,30.0,10.0,n/a,35,10_fps_sample,variable_text_anchor_mean_pool,16,16,34,proportional,q1_features.npz,q1_features_unaligned.npz,0.9863013698630136,b4261dff718cb6a3657fa394bed1617e73ea1b32c187bd083590d60d24d23cc2,ok,,945939ddd12064686060ad96d05424b0d23f9beea7e526ebc2ef56c838009f9c
-egA8-b7-3M$_$18,text,data/raw/extracted/E题数据/附件1-数据集原始多模态样本/MOSEI数据集部分原始视频-100条/-egA8-b7-3M/18.mp4,13.367,8.386003,8.366666666666667,8.366666666666667,n/a,n/a,n/a,n/a,128,grouped_transcript_anchor,variable_text_anchor_mean_pool,22,22,28,proportional,q1_features.npz,n/a,n/a,b4261dff718cb6a3657fa394bed1617e73ea1b32c187bd083590d60d24d23cc2,ok,,n/a
-egA8-b7-3M$_$18,audio,data/raw/extracted/E题数据/附件1-数据集原始多模态样本/MOSEI数据集部分原始视频-100条/-egA8-b7-3M/18.mp4,13.367,8.386003,8.366666666666667,8.26575,16000,n/a,n/a,n/a,74,10_ms_frame,variable_text_anchor_mean_pool,22,22,28,proportional,q1_features.npz,q1_features_unaligned.npz,n/a,b4261dff718cb6a3657fa394bed1617e73ea1b32c187bd083590d60d24d23cc2,ok,,945939ddd12064686060ad96d05424b0d23f9beea7e526ebc2ef56c838009f9c
-egA8-b7-3M$_$18,vision,data/raw/extracted/E题数据/附件1-数据集原始多模态样本/MOSEI数据集部分原始视频-100条/-egA8-b7-3M/18.mp4,13.367,8.386003,8.366666666666667,8.366666666666667,n/a,30.0,10.0,n/a,35,10_fps_sample,variable_text_anchor_mean_pool,22,22,28,proportional,q1_features.npz,q1_features_unaligned.npz,0.9404761904761905,b4261dff718cb6a3657fa394bed1617e73ea1b32c187bd083590d60d24d23cc2,ok,,945939ddd12064686060ad96d05424b0d23f9beea7e526ebc2ef56c838009f9c
-egA8-b7-3M$_$16,text,data/raw/extracted/E题数据/附件1-数据集原始多模态样本/MOSEI数据集部分原始视频-100条/-egA8-b7-3M/16.mp4,7.129,5.538021,5.533333333333333,5.533333333333333,n/a,n/a,n/a,n/a,128,grouped_transcript_anchor,variable_text_anchor_mean_pool,11,11,39,proportional,q1_features.npz,n/a,n/a,b4261dff718cb6a3657fa394bed1617e73ea1b32c187bd083590d60d24d23cc2,ok,,n/a
-egA8-b7-3M$_$16,audio,data/raw/extracted/E题数据/附件1-数据集原始多模态样本/MOSEI数据集部分原始视频-100条/-egA8-b7-3M/16.mp4,7.129,5.538021,5.533333333333333,5.483,16000,n/a,n/a,n/a,74,10_ms_frame,variable_text_anchor_mean_pool,11,11,39,proportional,q1_features.npz,q1_features_unaligned.npz,n/a,b4261dff718cb6a3657fa394bed1617e73ea1b32c187bd083590d60d24d23cc2,ok,,945939ddd12064686060ad96d05424b0d23f9beea7e526ebc2ef56c838009f9c
-egA8-b7-3M$_$16,vision,data/raw/extracted/E题数据/附件1-数据集原始多模态样本/MOSEI数据集部分原始视频-100条/-egA8-b7-3M/16.mp4,7.129,5.538021,5.533333333333333,5.533333333333333,n/a,30.0,10.0,n/a,35,10_fps_sample,variable_text_anchor_mean_pool,11,11,39,proportional,q1_features.npz,q1_features_unaligned.npz,0.875,b4261dff718cb6a3657fa394bed1617e73ea1b32c187bd083590d60d24d23cc2,ok,,945939ddd12064686060ad96d05424b0d23f9beea7e526ebc2ef56c838009f9c
-egA8-b7-3M$_$13,text,data/raw/extracted/E题数据/附件1-数据集原始多模态样本/MOSEI数据集部分原始视频-100条/-egA8-b7-3M/13.mp4,6.967,4.183984,4.166666666666667,4.166666666666667,n/a,n/a,n/a,n/a,128,grouped_transcript_anchor,variable_text_anchor_mean_pool,11,11,39,proportional,q1_features.npz,n/a,n/a,b4261dff718cb6a3657fa394bed1617e73ea1b32c187bd083590d60d24d23cc2,ok,,n/a
-egA8-b7-3M$_$13,audio,data/raw/extracted/E题数据/附件1-数据集原始多模态样本/MOSEI数据集部分原始视频-100条/-egA8-b7-3M/13.mp4,6.967,4.183984,4.166666666666667,4.023875,16000,n/a,n/a,n/a,74,10_ms_frame,variable_text_anchor_mean_pool,11,11,39,proportional,q1_features.npz,q1_features_unaligned.npz,n/a,b4261dff718cb6a3657fa394bed1617e73ea1b32c187bd083590d60d24d23cc2,ok,,945939ddd12064686060ad96d05424b0d23f9beea7e526ebc2ef56c838009f9c
-egA8-b7-3M$_$13,vision,data/raw/extracted/E题数据/附件1-数据集原始多模态样本/MOSEI数据集部分原始视频-100条/-egA8-b7-3M/13.mp4,6.967,4.183984,4.166666666666667,4.166666666666667,n/a,30.0,10.0,n/a,35,10_fps_sample,variable_text_anchor_mean_pool,11,11,39,proportional,q1_features.npz,q1_features_unaligned.npz,0.8095238095238095,b4261dff718cb6a3657fa394bed1617e73ea1b32c187bd083590d60d24d23cc2,ok,,945939ddd12064686060ad96d05424b0d23f9beea7e526ebc2ef56c838009f9c
-egA8-b7-3M$_$1,text,data/raw/extracted/E题数据/附件1-数据集原始多模态样本/MOSEI数据集部分原始视频-100条/-egA8-b7-3M/1.mp4,11.534,10.266016,10.233333333333333,10.233333333333333,n/a,n/a,n/a,n/a,128,grouped_transcript_anchor,variable_text_anchor_mean_pool,20,20,30,proportional,q1_features.npz,n/a,n/a,b4261dff718cb6a3657fa394bed1617e73ea1b32c187bd083590d60d24d23cc2,ok,,n/a
-egA8-b7-3M$_$1,audio,data/raw/extracted/E题数据/附件1-数据集原始多模态样本/MOSEI数据集部分原始视频-100条/-egA8-b7-3M/1.mp4,11.534,10.266016,10.233333333333333,10.15625,16000,n/a,n/a,n/a,74,10_ms_frame,variable_text_anchor_mean_pool,20,20,30,proportional,q1_features.npz,q1_features_unaligned.npz,n/a,b4261dff718cb6a3657fa394bed1617e73ea1b32c187bd083590d60d24d23cc2,ok,,945939ddd12064686060ad96d05424b0d23f9beea7e526ebc2ef56c838009f9c
-egA8-b7-3M$_$1,vision,data/raw/extracted/E题数据/附件1-数据集原始多模态样本/MOSEI数据集部分原始视频-100条/-egA8-b7-3M/1.mp4,11.534,10.266016,10.233333333333333,10.233333333333333,n/a,30.0,10.0,n/a,35,10_fps_sample,variable_text_anchor_mean_pool,20,20,30,proportional,q1_features.npz,q1_features_unaligned.npz,0.8349514563106796,b4261dff718cb6a3657fa394bed1617e73ea1b32c187bd083590d60d24d23cc2,ok,,945939ddd12064686060ad96d05424b0d23f9beea7e526ebc2ef56c838009f9c
-egA8-b7-3M$_$6,text,data/raw/extracted/E题数据/附件1-数据集原始多模态样本/MOSEI数据集部分原始视频-100条/-egA8-b7-3M/6.mp4,8.035,6.264974,6.233333333333333,6.233333333333333,n/a,n/a,n/a,n/a,128,grouped_transcript_anchor,variable_text_anchor_mean_pool,12,12,38,proportional,q1_features.npz,n/a,n/a,b4261dff718cb6a3657fa394bed1617e73ea1b32c187bd083590d60d24d23cc2,ok,,n/a
-egA8-b7-3M$_$6,audio,data/raw/extracted/E题数据/附件1-数据集原始多模态样本/MOSEI数据集部分原始视频-100条/-egA8-b7-3M/6.mp4,8.035,6.264974,6.233333333333333,6.183125,16000,n/a,n/a,n/a,74,10_ms_frame,variable_text_anchor_mean_pool,12,12,38,proportional,q1_features.npz,q1_features_unaligned.npz,n/a,b4261dff718cb6a3657fa394bed1617e73ea1b32c187bd083590d60d24d23cc2,ok,,945939ddd12064686060ad96d05424b0d23f9beea7e526ebc2ef56c838009f9c
-egA8-b7-3M$_$6,vision,data/raw/extracted/E题数据/附件1-数据集原始多模态样本/MOSEI数据集部分原始视频-100条/-egA8-b7-3M/6.mp4,8.035,6.264974,6.233333333333333,6.233333333333333,n/a,30.0,10.0,n/a,35,10_fps_sample,variable_text_anchor_mean_pool,12,12,38,proportional,q1_features.npz,q1_features_unaligned.npz,0.7936507936507936,b4261dff718cb6a3657fa394bed1617e73ea1b32c187bd083590d60d24d23cc2,ok,,945939ddd12064686060ad96d05424b0d23f9beea7e526ebc2ef56c838009f9c
-egA8-b7-3M$_$9,text,data/raw/extracted/E题数据/附件1-数据集原始多模态样本/MOSEI数据集部分原始视频-100条/-egA8-b7-3M/9.mp4,10.134,5.089974,5.066666666666666,5.066666666666666,n/a,n/a,n/a,n/a,128,grouped_transcript_anchor,variable_text_anchor_mean_pool,10,10,40,proportional,q1_features.npz,n/a,n/a,b4261dff718cb6a3657fa394bed1617e73ea1b32c187bd083590d60d24d23cc2,ok,,n/a
-egA8-b7-3M$_$9,audio,data/raw/extracted/E题数据/附件1-数据集原始多模态样本/MOSEI数据集部分原始视频-100条/-egA8-b7-3M/9.mp4,10.134,5.089974,5.066666666666666,4.936125,16000,n/a,n/a,n/a,74,10_ms_frame,variable_text_anchor_mean_pool,10,10,40,proportional,q1_features.npz,q1_features_unaligned.npz,n/a,b4261dff718cb6a3657fa394bed1617e73ea1b32c187bd083590d60d24d23cc2,ok,,945939ddd12064686060ad96d05424b0d23f9beea7e526ebc2ef56c838009f9c
-egA8-b7-3M$_$9,vision,data/raw/extracted/E题数据/附件1-数据集原始多模态样本/MOSEI数据集部分原始视频-100条/-egA8-b7-3M/9.mp4,10.134,5.089974,5.066666666666666,5.066666666666666,n/a,30.0,10.0,n/a,35,10_fps_sample,variable_text_anchor_mean_pool,10,10,40,proportional,q1_features.npz,q1_features_unaligned.npz,0.9411764705882353,b4261dff718cb6a3657fa394bed1617e73ea1b32c187bd083590d60d24d23cc2,ok,,945939ddd12064686060ad96d05424b0d23f9beea7e526ebc2ef56c838009f9c
-egA8-b7-3M$_$20,text,data/raw/extracted/E题数据/附件1-数据集原始多模态样本/MOSEI数据集部分原始视频-100条/-egA8-b7-3M/20.mp4,14.767,6.644987,6.633333333333333,6.633333333333333,n/a,n/a,n/a,n/a,128,grouped_transcript_anchor,variable_text_anchor_mean_pool,20,20,30,proportional,q1_features.npz,n/a,n/a,b4261dff718cb6a3657fa394bed1617e73ea1b32c187bd083590d60d24d23cc2,ok,,n/a
-egA8-b7-3M$_$20,audio,data/raw/extracted/E题数据/附件1-数据集原始多模态样本/MOSEI数据集部分原始视频-100条/-egA8-b7-3M/20.mp4,14.767,6.644987,6.633333333333333,6.4744375,16000,n/a,n/a,n/a,74,10_ms_frame,variable_text_anchor_mean_pool,20,20,30,proportional,q1_features.npz,q1_features_unaligned.npz,n/a,b4261dff718cb6a3657fa394bed1617e73ea1b32c187bd083590d60d24d23cc2,ok,,945939ddd12064686060ad96d05424b0d23f9beea7e526ebc2ef56c838009f9c
-egA8-b7-3M$_$20,vision,data/raw/extracted/E题数据/附件1-数据集原始多模态样本/MOSEI数据集部分原始视频-100条/-egA8-b7-3M/20.mp4,14.767,6.644987,6.633333333333333,6.633333333333333,n/a,30.0,10.0,n/a,35,10_fps_sample,variable_text_anchor_mean_pool,20,19,30,proportional,q1_features.npz,q1_features_unaligned.npz,0.9090909090909091,b4261dff718cb6a3657fa394bed1617e73ea1b32c187bd083590d60d24d23cc2,warning,invalid_nonpadding_positions,945939ddd12064686060ad96d05424b0d23f9beea7e526ebc2ef56c838009f9c
-iRBcNs9oI8$_$3,text,data/raw/extracted/E题数据/附件1-数据集原始多模态样本/MOSEI数据集部分原始视频-100条/-iRBcNs9oI8/3.mp4,5.84,5.621,5.6056,5.6056,n/a,n/a,n/a,n/a,128,grouped_transcript_anchor,variable_text_anchor_mean_pool,8,8,42,proportional,q1_features.npz,n/a,n/a,b4261dff718cb6a3657fa394bed1617e73ea1b32c187bd083590d60d24d23cc2,ok,,n/a
-iRBcNs9oI8$_$3,audio,data/raw/extracted/E题数据/附件1-数据集原始多模态样本/MOSEI数据集部分原始视频-100条/-iRBcNs9oI8/3.mp4,5.84,5.621,5.6056,5.53825,16000,n/a,n/a,n/a,74,10_ms_frame,variable_text_anchor_mean_pool,8,8,42,proportional,q1_features.npz,q1_features_unaligned.npz,n/a,b4261dff718cb6a3657fa394bed1617e73ea1b32c187bd083590d60d24d23cc2,ok,,945939ddd12064686060ad96d05424b0d23f9beea7e526ebc2ef56c838009f9c
-iRBcNs9oI8$_$3,vision,data/raw/extracted/E题数据/附件1-数据集原始多模态样本/MOSEI数据集部分原始视频-100条/-iRBcNs9oI8/3.mp4,5.84,5.621,5.6056,5.6056,n/a,29.97002997002997,10.0,n/a,35,10_fps_sample,variable_text_anchor_mean_pool,8,8,42,proportional,q1_features.npz,q1_features_unaligned.npz,0.0,b4261dff718cb6a3657fa394bed1617e73ea1b32c187bd083590d60d24d23cc2,ok,,945939ddd12064686060ad96d05424b0d23f9beea7e526ebc2ef56c838009f9c
-iRBcNs9oI8$_$7,text,data/raw/extracted/E题数据/附件1-数据集原始多模态样本/MOSEI数据集部分原始视频-100条/-iRBcNs9oI8/7.mp4,5.806,4.104,4.070733333333333,4.070733333333333,n/a,n/a,n/a,n/a,128,grouped_transcript_anchor,variable_text_anchor_mean_pool,9,9,41,proportional,q1_features.npz,n/a,n/a,b4261dff718cb6a3657fa394bed1617e73ea1b32c187bd083590d60d24d23cc2,ok,,n/a
-iRBcNs9oI8$_$7,audio,data/raw/extracted/E题数据/附件1-数据集原始多模态样本/MOSEI数据集部分原始视频-100条/-iRBcNs9oI8/7.mp4,5.806,4.104,4.070733333333333,4.00575,16000,n/a,n/a,n/a,74,10_ms_frame,variable_text_anchor_mean_pool,9,9,41,proportional,q1_features.npz,q1_features_unaligned.npz,n/a,b4261dff718cb6a3657fa394bed1617e73ea1b32c187bd083590d60d24d23cc2,ok,,945939ddd12064686060ad96d05424b0d23f9beea7e526ebc2ef56c838009f9c
-iRBcNs9oI8$_$7,vision,data/raw/extracted/E题数据/附件1-数据集原始多模态样本/MOSEI数据集部分原始视频-100条/-iRBcNs9oI8/7.mp4,5.806,4.104,4.070733333333333,4.070733333333333,n/a,29.97002997002997,10.0,n/a,35,10_fps_sample,variable_text_anchor_mean_pool,9,9,41,proportional,q1_features.npz,q1_features_unaligned.npz,0.0,b4261dff718cb6a3657fa394bed1617e73ea1b32c187bd083590d60d24d23cc2,ok,,945939ddd12064686060ad96d05424b0d23f9beea7e526ebc2ef56c838009f9c
-iRBcNs9oI8$_$6,text,data/raw/extracted/E题数据/附件1-数据集原始多模态样本/MOSEI数据集部分原始视频-100条/-iRBcNs9oI8/6.mp4,7.475,2.903,2.8695333333333335,2.8695333333333335,n/a,n/a,n/a,n/a,128,grouped_transcript_anchor,variable_text_anchor_mean_pool,5,5,45,proportional,q1_features.npz,n/a,n/a,b4261dff718cb6a3657fa394bed1617e73ea1b32c187bd083590d60d24d23cc2,ok,,n/a
-iRBcNs9oI8$_$6,audio,data/raw/extracted/E题数据/附件1-数据集原始多模态样本/MOSEI数据集部分原始视频-100条/-iRBcNs9oI8/6.mp4,7.475,2.903,2.8695333333333335,2.8204375,16000,n/a,n/a,n/a,74,10_ms_frame,variable_text_anchor_mean_pool,5,5,45,proportional,q1_features.npz,q1_features_unaligned.npz,n/a,b4261dff718cb6a3657fa394bed1617e73ea1b32c187bd083590d60d24d23cc2,ok,,945939ddd12064686060ad96d05424b0d23f9beea7e526ebc2ef56c838009f9c
-iRBcNs9oI8$_$6,vision,data/raw/extracted/E题数据/附件1-数据集原始多模态样本/MOSEI数据集部分原始视频-100条/-iRBcNs9oI8/6.mp4,7.475,2.903,2.8695333333333335,2.8695333333333335,n/a,29.97002997002997,10.0,n/a,35,10_fps_sample,variable_text_anchor_mean_pool,5,5,45,proportional,q1_features.npz,q1_features_unaligned.npz,0.0,b4261dff718cb6a3657fa394bed1617e73ea1b32c187bd083590d60d24d23cc2,ok,,945939ddd12064686060ad96d05424b0d23f9beea7e526ebc2ef56c838009f9c
-iRBcNs9oI8$_$9,text,data/raw/extracted/E题数据/附件1-数据集原始多模态样本/MOSEI数据集部分原始视频-100条/-iRBcNs9oI8/9.mp4,7.152,3.416,3.4034,3.4034,n/a,n/a,n/a,n/a,128,grouped_transcript_anchor,variable_text_anchor_mean_pool,5,5,45,proportional,q1_features.npz,n/a,n/a,b4261dff718cb6a3657fa394bed1617e73ea1b32c187bd083590d60d24d23cc2,ok,,n/a
-iRBcNs9oI8$_$9,audio,data/raw/extracted/E题数据/附件1-数据集原始多模态样本/MOSEI数据集部分原始视频-100条/-iRBcNs9oI8/9.mp4,7.152,3.416,3.4034,3.3740625,16000,n/a,n/a,n/a,74,10_ms_frame,variable_text_anchor_mean_pool,5,5,45,proportional,q1_features.npz,q1_features_unaligned.npz,n/a,b4261dff718cb6a3657fa394bed1617e73ea1b32c187bd083590d60d24d23cc2,ok,,945939ddd12064686060ad96d05424b0d23f9beea7e526ebc2ef56c838009f9c
-iRBcNs9oI8$_$9,vision,data/raw/extracted/E题数据/附件1-数据集原始多模态样本/MOSEI数据集部分原始视频-100条/-iRBcNs9oI8/9.mp4,7.152,3.416,3.4034,3.4034,n/a,29.97002997002997,10.0,n/a,35,10_fps_sample,variable_text_anchor_mean_pool,5,5,45,proportional,q1_features.npz,q1_features_unaligned.npz,0.0,b4261dff718cb6a3657fa394bed1617e73ea1b32c187bd083590d60d24d23cc2,ok,,945939ddd12064686060ad96d05424b0d23f9beea7e526ebc2ef56c838009f9c
-iRBcNs9oI8$_$8,text,data/raw/extracted/E题数据/附件1-数据集原始多模态样本/MOSEI数据集部分原始视频-100条/-iRBcNs9oI8/8.mp4,8.642,8.093,8.074733333333333,8.074733333333333,n/a,n/a,n/a,n/a,128,grouped_transcript_anchor,variable_text_anchor_mean_pool,21,21,29,proportional,q1_features.npz,n/a,n/a,b4261dff718cb6a3657fa394bed1617e73ea1b32c187bd083590d60d24d23cc2,ok,,n/a
-iRBcNs9oI8$_$8,audio,data/raw/extracted/E题数据/附件1-数据集原始多模态样本/MOSEI数据集部分原始视频-100条/-iRBcNs9oI8/8.mp4,8.642,8.093,8.074733333333333,8.0260625,16000,n/a,n/a,n/a,74,10_ms_frame,variable_text_anchor_mean_pool,21,21,29,proportional,q1_features.npz,q1_features_unaligned.npz,n/a,b4261dff718cb6a3657fa394bed1617e73ea1b32c187bd083590d60d24d23cc2,ok,,945939ddd12064686060ad96d05424b0d23f9beea7e526ebc2ef56c838009f9c
-iRBcNs9oI8$_$8,vision,data/raw/extracted/E题数据/附件1-数据集原始多模态样本/MOSEI数据集部分原始视频-100条/-iRBcNs9oI8/8.mp4,8.642,8.093,8.074733333333333,8.074733333333333,n/a,29.97002997002997,10.0,n/a,35,10_fps_sample,variable_text_anchor_mean_pool,21,21,29,proportional,q1_features.npz,q1_features_unaligned.npz,0.0,b4261dff718cb6a3657fa394bed1617e73ea1b32c187bd083590d60d24d23cc2,ok,,945939ddd12064686060ad96d05424b0d23f9beea7e526ebc2ef56c838009f9c
-lzEya4AM_4$_$5,text,data/raw/extracted/E题数据/附件1-数据集原始多模态样本/MOSEI数据集部分原始视频-100条/-lzEya4AM_4/5.mp4,7.8,7.675,7.666666666666667,7.666666666666667,n/a,n/a,n/a,n/a,128,grouped_transcript_anchor,variable_text_anchor_mean_pool,19,19,31,proportional,q1_features.npz,n/a,n/a,b4261dff718cb6a3657fa394bed1617e73ea1b32c187bd083590d60d24d23cc2,ok,,n/a
-lzEya4AM_4$_$5,audio,data/raw/extracted/E题数据/附件1-数据集原始多模态样本/MOSEI数据集部分原始视频-100条/-lzEya4AM_4/5.mp4,7.8,7.675,7.666666666666667,7.56975,16000,n/a,n/a,n/a,74,10_ms_frame,variable_text_anchor_mean_pool,19,19,31,proportional,q1_features.npz,q1_features_unaligned.npz,n/a,b4261dff718cb6a3657fa394bed1617e73ea1b32c187bd083590d60d24d23cc2,ok,,945939ddd12064686060ad96d05424b0d23f9beea7e526ebc2ef56c838009f9c
-lzEya4AM_4$_$5,vision,data/raw/extracted/E题数据/附件1-数据集原始多模态样本/MOSEI数据集部分原始视频-100条/-lzEya4AM_4/5.mp4,7.8,7.675,7.666666666666667,7.666666666666667,n/a,30.0,10.0,n/a,35,10_fps_sample,variable_text_anchor_mean_pool,19,19,31,proportional,q1_features.npz,q1_features_unaligned.npz,0.012987012987012988,b4261dff718cb6a3657fa394bed1617e73ea1b32c187bd083590d60d24d23cc2,ok,,945939ddd12064686060ad96d05424b0d23f9beea7e526ebc2ef56c838009f9c
-lzEya4AM_4$_$6,text,data/raw/extracted/E题数据/附件1-数据集原始多模态样本/MOSEI数据集部分原始视频-100条/-lzEya4AM_4/6.mp4,22.733,14.791992,14.766666666666666,14.766666666666666,n/a,n/a,n/a,n/a,128,grouped_transcript_anchor,variable_text_anchor_mean_pool,43,43,7,proportional,q1_features.npz,n/a,n/a,b4261dff718cb6a3657fa394bed1617e73ea1b32c187bd083590d60d24d23cc2,ok,,n/a
-lzEya4AM_4$_$6,audio,data/raw/extracted/E题数据/附件1-数据集原始多模态样本/MOSEI数据集部分原始视频-100条/-lzEya4AM_4/6.mp4,22.733,14.791992,14.766666666666666,14.740375,16000,n/a,n/a,n/a,74,10_ms_frame,variable_text_anchor_mean_pool,43,43,7,proportional,q1_features.npz,q1_features_unaligned.npz,n/a,b4261dff718cb6a3657fa394bed1617e73ea1b32c187bd083590d60d24d23cc2,ok,,945939ddd12064686060ad96d05424b0d23f9beea7e526ebc2ef56c838009f9c
-lzEya4AM_4$_$6,vision,data/raw/extracted/E题数据/附件1-数据集原始多模态样本/MOSEI数据集部分原始视频-100条/-lzEya4AM_4/6.mp4,22.733,14.791992,14.766666666666666,14.766666666666666,n/a,30.0,10.0,n/a,35,10_fps_sample,variable_text_anchor_mean_pool,43,43,7,proportional,q1_features.npz,q1_features_unaligned.npz,0.527027027027027,b4261dff718cb6a3657fa394bed1617e73ea1b32c187bd083590d60d24d23cc2,ok,,945939ddd12064686060ad96d05424b0d23f9beea7e526ebc2ef56c838009f9c
-mJ2ud6oKI8$_$1,text,data/raw/extracted/E题数据/附件1-数据集原始多模态样本/MOSEI数据集部分原始视频-100条/-mJ2ud6oKI8/1.mp4,6.574,6.103,6.072733333333334,6.072733333333334,n/a,n/a,n/a,n/a,128,grouped_transcript_anchor,variable_text_anchor_mean_pool,13,13,37,proportional,q1_features.npz,n/a,n/a,b4261dff718cb6a3657fa394bed1617e73ea1b32c187bd083590d60d24d23cc2,ok,,n/a
-mJ2ud6oKI8$_$1,audio,data/raw/extracted/E题数据/附件1-数据集原始多模态样本/MOSEI数据集部分原始视频-100条/-mJ2ud6oKI8/1.mp4,6.574,6.103,6.072733333333334,6.0545625,16000,n/a,n/a,n/a,74,10_ms_frame,variable_text_anchor_mean_pool,13,13,37,proportional,q1_features.npz,q1_features_unaligned.npz,n/a,b4261dff718cb6a3657fa394bed1617e73ea1b32c187bd083590d60d24d23cc2,ok,,945939ddd12064686060ad96d05424b0d23f9beea7e526ebc2ef56c838009f9c
-mJ2ud6oKI8$_$1,vision,data/raw/extracted/E题数据/附件1-数据集原始多模态样本/MOSEI数据集部分原始视频-100条/-mJ2ud6oKI8/1.mp4,6.574,6.103,6.072733333333334,6.072733333333334,n/a,29.97002997002997,10.0,n/a,35,10_fps_sample,variable_text_anchor_mean_pool,13,13,37,proportional,q1_features.npz,q1_features_unaligned.npz,0.0,b4261dff718cb6a3657fa394bed1617e73ea1b32c187bd083590d60d24d23cc2,ok,,945939ddd12064686060ad96d05424b0d23f9beea7e526ebc2ef56c838009f9c
-mJ2ud6oKI8$_$2,text,data/raw/extracted/E题数据/附件1-数据集原始多模态样本/MOSEI数据集部分原始视频-100条/-mJ2ud6oKI8/2.mp4,6.781,5.731,5.7057,5.7057,n/a,n/a,n/a,n/a,128,grouped_transcript_anchor,variable_text_anchor_mean_pool,11,11,39,proportional,q1_features.npz,n/a,n/a,b4261dff718cb6a3657fa394bed1617e73ea1b32c187bd083590d60d24d23cc2,ok,,n/a
-mJ2ud6oKI8$_$2,audio,data/raw/extracted/E题数据/附件1-数据集原始多模态样本/MOSEI数据集部分原始视频-100条/-mJ2ud6oKI8/2.mp4,6.781,5.731,5.7057,5.7016875,16000,n/a,n/a,n/a,74,10_ms_frame,variable_text_anchor_mean_pool,11,11,39,proportional,q1_features.npz,q1_features_unaligned.npz,n/a,b4261dff718cb6a3657fa394bed1617e73ea1b32c187bd083590d60d24d23cc2,ok,,945939ddd12064686060ad96d05424b0d23f9beea7e526ebc2ef56c838009f9c
-mJ2ud6oKI8$_$2,vision,data/raw/extracted/E题数据/附件1-数据集原始多模态样本/MOSEI数据集部分原始视频-100条/-mJ2ud6oKI8/2.mp4,6.781,5.731,5.7057,5.7057,n/a,29.97002997002997,10.0,n/a,35,10_fps_sample,variable_text_anchor_mean_pool,11,11,39,proportional,q1_features.npz,q1_features_unaligned.npz,0.0,b4261dff718cb6a3657fa394bed1617e73ea1b32c187bd083590d60d24d23cc2,ok,,945939ddd12064686060ad96d05424b0d23f9beea7e526ebc2ef56c838009f9c
-mJ2ud6oKI8$_$6,text,data/raw/extracted/E题数据/附件1-数据集原始多模态样本/MOSEI数据集部分原始视频-100条/-mJ2ud6oKI8/6.mp4,2.648,2.257,2.2355666666666667,2.2355666666666667,n/a,n/a,n/a,n/a,128,grouped_transcript_anchor,variable_text_anchor_mean_pool,5,5,45,proportional,q1_features.npz,n/a,n/a,b4261dff718cb6a3657fa394bed1617e73ea1b32c187bd083590d60d24d23cc2,ok,,n/a
-mJ2ud6oKI8$_$6,audio,data/raw/extracted/E题数据/附件1-数据集原始多模态样本/MOSEI数据集部分原始视频-100条/-mJ2ud6oKI8/6.mp4,2.648,2.257,2.2355666666666667,2.228125,16000,n/a,n/a,n/a,74,10_ms_frame,variable_text_anchor_mean_pool,5,5,45,proportional,q1_features.npz,q1_features_unaligned.npz,n/a,b4261dff718cb6a3657fa394bed1617e73ea1b32c187bd083590d60d24d23cc2,ok,,945939ddd12064686060ad96d05424b0d23f9beea7e526ebc2ef56c838009f9c
-mJ2ud6oKI8$_$6,vision,data/raw/extracted/E题数据/附件1-数据集原始多模态样本/MOSEI数据集部分原始视频-100条/-mJ2ud6oKI8/6.mp4,2.648,2.257,2.2355666666666667,2.2355666666666667,n/a,29.97002997002997,10.0,n/a,35,10_fps_sample,variable_text_anchor_mean_pool,5,5,45,proportional,q1_features.npz,q1_features_unaligned.npz,1.0,b4261dff718cb6a3657fa394bed1617e73ea1b32c187bd083590d60d24d23cc2,ok,,945939ddd12064686060ad96d05424b0d23f9beea7e526ebc2ef56c838009f9c
-mJ2ud6oKI8$_$9,text,data/raw/extracted/E题数据/附件1-数据集原始多模态样本/MOSEI数据集部分原始视频-100条/-mJ2ud6oKI8/9.mp4,10.01,7.033,7.007,7.007,n/a,n/a,n/a,n/a,128,grouped_transcript_anchor,variable_text_anchor_mean_pool,22,22,28,proportional,q1_features.npz,n/a,n/a,b4261dff718cb6a3657fa394bed1617e73ea1b32c187bd083590d60d24d23cc2,ok,,n/a
-mJ2ud6oKI8$_$9,audio,data/raw/extracted/E题数据/附件1-数据集原始多模态样本/MOSEI数据集部分原始视频-100条/-mJ2ud6oKI8/9.mp4,10.01,7.033,7.007,6.9088125,16000,n/a,n/a,n/a,74,10_ms_frame,variable_text_anchor_mean_pool,22,22,28,proportional,q1_features.npz,q1_features_unaligned.npz,n/a,b4261dff718cb6a3657fa394bed1617e73ea1b32c187bd083590d60d24d23cc2,ok,,945939ddd12064686060ad96d05424b0d23f9beea7e526ebc2ef56c838009f9c
-mJ2ud6oKI8$_$9,vision,data/raw/extracted/E题数据/附件1-数据集原始多模态样本/MOSEI数据集部分原始视频-100条/-mJ2ud6oKI8/9.mp4,10.01,7.033,7.007,7.007,n/a,29.97002997002997,10.0,n/a,35,10_fps_sample,variable_text_anchor_mean_pool,22,22,28,proportional,q1_features.npz,q1_features_unaligned.npz,0.9857142857142858,b4261dff718cb6a3657fa394bed1617e73ea1b32c187bd083590d60d24d23cc2,ok,,945939ddd12064686060ad96d05424b0d23f9beea7e526ebc2ef56c838009f9c
-mJ2ud6oKI8$_$8,text,data/raw/extracted/E题数据/附件1-数据集原始多模态样本/MOSEI数据集部分原始视频-100条/-mJ2ud6oKI8/8.mp4,8.662,4.192,4.171375,4.171375,n/a,n/a,n/a,n/a,128,grouped_transcript_anchor,variable_text_anchor_mean_pool,11,11,39,proportional,q1_features.npz,n/a,n/a,b4261dff718cb6a3657fa394bed1617e73ea1b32c187bd083590d60d24d23cc2,ok,,n/a
-mJ2ud6oKI8$_$8,audio,data/raw/extracted/E题数据/附件1-数据集原始多模态样本/MOSEI数据集部分原始视频-100条/-mJ2ud6oKI8/8.mp4,8.662,4.192,4.171375,4.171375,16000,n/a,n/a,n/a,74,10_ms_frame,variable_text_anchor_mean_pool,11,11,39,proportional,q1_features.npz,q1_features_unaligned.npz,n/a,b4261dff718cb6a3657fa394bed1617e73ea1b32c187bd083590d60d24d23cc2,ok,,945939ddd12064686060ad96d05424b0d23f9beea7e526ebc2ef56c838009f9c
-mJ2ud6oKI8$_$8,vision,data/raw/extracted/E题数据/附件1-数据集原始多模态样本/MOSEI数据集部分原始视频-100条/-mJ2ud6oKI8/8.mp4,8.662,4.192,4.171375,4.170833333333333,n/a,29.97002997002997,10.0,n/a,35,10_fps_sample,variable_text_anchor_mean_pool,11,11,39,proportional,q1_features.npz,q1_features_unaligned.npz,1.0,b4261dff718cb6a3657fa394bed1617e73ea1b32c187bd083590d60d24d23cc2,ok,,945939ddd12064686060ad96d05424b0d23f9beea7e526ebc2ef56c838009f9c
-mqbVkbCndg$_$0,text,data/raw/extracted/E题数据/附件1-数据集原始多模态样本/MOSEI数据集部分原始视频-100条/-mqbVkbCndg/0.mp4,6.5,6.466667,6.5,6.5,n/a,n/a,n/a,n/a,128,grouped_transcript_anchor,variable_text_anchor_mean_pool,12,12,38,proportional,q1_features.npz,n/a,n/a,b4261dff718cb6a3657fa394bed1617e73ea1b32c187bd083590d60d24d23cc2,ok,,n/a
-mqbVkbCndg$_$0,audio,data/raw/extracted/E题数据/附件1-数据集原始多模态样本/MOSEI数据集部分原始视频-100条/-mqbVkbCndg/0.mp4,6.5,6.466667,6.5,6.3855,16000,n/a,n/a,n/a,74,10_ms_frame,variable_text_anchor_mean_pool,12,12,38,proportional,q1_features.npz,q1_features_unaligned.npz,n/a,b4261dff718cb6a3657fa394bed1617e73ea1b32c187bd083590d60d24d23cc2,ok,,945939ddd12064686060ad96d05424b0d23f9beea7e526ebc2ef56c838009f9c
-mqbVkbCndg$_$0,vision,data/raw/extracted/E题数据/附件1-数据集原始多模态样本/MOSEI数据集部分原始视频-100条/-mqbVkbCndg/0.mp4,6.5,6.466667,6.5,6.5,n/a,30.0,10.0,n/a,35,10_fps_sample,variable_text_anchor_mean_pool,12,12,38,proportional,q1_features.npz,q1_features_unaligned.npz,0.9230769230769231,b4261dff718cb6a3657fa394bed1617e73ea1b32c187bd083590d60d24d23cc2,ok,,945939ddd12064686060ad96d05424b0d23f9beea7e526ebc2ef56c838009f9c
-t217m2on-s$_$2,text,data/raw/extracted/E题数据/附件1-数据集原始多模态样本/MOSEI数据集部分原始视频-100条/-t217m2on-s/2.mp4,8.011,5.686003,5.666666666666667,5.666666666666667,n/a,n/a,n/a,n/a,128,grouped_transcript_anchor,variable_text_anchor_mean_pool,12,12,38,proportional,q1_features.npz,n/a,n/a,b4261dff718cb6a3657fa394bed1617e73ea1b32c187bd083590d60d24d23cc2,ok,,n/a
-t217m2on-s$_$2,audio,data/raw/extracted/E题数据/附件1-数据集原始多模态样本/MOSEI数据集部分原始视频-100条/-t217m2on-s/2.mp4,8.011,5.686003,5.666666666666667,5.6301875,16000,n/a,n/a,n/a,74,10_ms_frame,variable_text_anchor_mean_pool,12,12,38,proportional,q1_features.npz,q1_features_unaligned.npz,n/a,b4261dff718cb6a3657fa394bed1617e73ea1b32c187bd083590d60d24d23cc2,ok,,945939ddd12064686060ad96d05424b0d23f9beea7e526ebc2ef56c838009f9c
-t217m2on-s$_$2,vision,data/raw/extracted/E题数据/附件1-数据集原始多模态样本/MOSEI数据集部分原始视频-100条/-t217m2on-s/2.mp4,8.011,5.686003,5.666666666666667,5.666666666666667,n/a,30.0,10.0,n/a,35,10_fps_sample,variable_text_anchor_mean_pool,12,12,38,proportional,q1_features.npz,q1_features_unaligned.npz,0.6842105263157895,b4261dff718cb6a3657fa394bed1617e73ea1b32c187bd083590d60d24d23cc2,ok,,945939ddd12064686060ad96d05424b0d23f9beea7e526ebc2ef56c838009f9c
-t217m2on-s$_$7,text,data/raw/extracted/E题数据/附件1-数据集原始多模态样本/MOSEI数据集部分原始视频-100条/-t217m2on-s/7.mp4,18.7,17.183008,17.166666666666668,17.166666666666668,n/a,n/a,n/a,n/a,128,grouped_transcript_anchor,variable_text_anchor_mean_pool,45,45,5,proportional,q1_features.npz,n/a,n/a,b4261dff718cb6a3657fa394bed1617e73ea1b32c187bd083590d60d24d23cc2,ok,,n/a
-t217m2on-s$_$7,audio,data/raw/extracted/E题数据/附件1-数据集原始多模态样本/MOSEI数据集部分原始视频-100条/-t217m2on-s/7.mp4,18.7,17.183008,17.166666666666668,17.026375,16000,n/a,n/a,n/a,74,10_ms_frame,variable_text_anchor_mean_pool,45,45,5,proportional,q1_features.npz,q1_features_unaligned.npz,n/a,b4261dff718cb6a3657fa394bed1617e73ea1b32c187bd083590d60d24d23cc2,ok,,945939ddd12064686060ad96d05424b0d23f9beea7e526ebc2ef56c838009f9c
-t217m2on-s$_$7,vision,data/raw/extracted/E题数据/附件1-数据集原始多模态样本/MOSEI数据集部分原始视频-100条/-t217m2on-s/7.mp4,18.7,17.183008,17.166666666666668,17.166666666666668,n/a,30.0,10.0,n/a,35,10_fps_sample,variable_text_anchor_mean_pool,45,44,5,proportional,q1_features.npz,q1_features_unaligned.npz,0.6918604651162791,b4261dff718cb6a3657fa394bed1617e73ea1b32c187bd083590d60d24d23cc2,warning,invalid_nonpadding_positions,945939ddd12064686060ad96d05424b0d23f9beea7e526ebc2ef56c838009f9c
-tANM6ETl_M$_$3,text,data/raw/extracted/E题数据/附件1-数据集原始多模态样本/MOSEI数据集部分原始视频-100条/-tANM6ETl_M/3.mp4,9.1,6.758008,6.733333333333333,6.733333333333333,n/a,n/a,n/a,n/a,128,grouped_transcript_anchor,variable_text_anchor_mean_pool,22,22,28,proportional,q1_features.npz,n/a,n/a,b4261dff718cb6a3657fa394bed1617e73ea1b32c187bd083590d60d24d23cc2,ok,,n/a
-tANM6ETl_M$_$3,audio,data/raw/extracted/E题数据/附件1-数据集原始多模态样本/MOSEI数据集部分原始视频-100条/-tANM6ETl_M/3.mp4,9.1,6.758008,6.733333333333333,6.603625,16000,n/a,n/a,n/a,74,10_ms_frame,variable_text_anchor_mean_pool,22,22,28,proportional,q1_features.npz,q1_features_unaligned.npz,n/a,b4261dff718cb6a3657fa394bed1617e73ea1b32c187bd083590d60d24d23cc2,ok,,945939ddd12064686060ad96d05424b0d23f9beea7e526ebc2ef56c838009f9c
-tANM6ETl_M$_$3,vision,data/raw/extracted/E题数据/附件1-数据集原始多模态样本/MOSEI数据集部分原始视频-100条/-tANM6ETl_M/3.mp4,9.1,6.758008,6.733333333333333,6.733333333333333,n/a,30.0,10.0,n/a,35,10_fps_sample,variable_text_anchor_mean_pool,22,21,28,proportional,q1_features.npz,q1_features_unaligned.npz,0.13432835820895522,b4261dff718cb6a3657fa394bed1617e73ea1b32c187bd083590d60d24d23cc2,warning,invalid_nonpadding_positions,945939ddd12064686060ad96d05424b0d23f9beea7e526ebc2ef56c838009f9c
-tPCytz4rww$_$11,text,data/raw/extracted/E题数据/附件1-数据集原始多模态样本/MOSEI数据集部分原始视频-100条/-tPCytz4rww/11.mp4,8.0,5.466992,5.466666666666667,5.466666666666667,n/a,n/a,n/a,n/a,128,grouped_transcript_anchor,variable_text_anchor_mean_pool,17,17,33,proportional,q1_features.npz,n/a,n/a,b4261dff718cb6a3657fa394bed1617e73ea1b32c187bd083590d60d24d23cc2,ok,,n/a
-tPCytz4rww$_$11,audio,data/raw/extracted/E题数据/附件1-数据集原始多模态样本/MOSEI数据集部分原始视频-100条/-tPCytz4rww/11.mp4,8.0,5.466992,5.466666666666667,5.378625,16000,n/a,n/a,n/a,74,10_ms_frame,variable_text_anchor_mean_pool,17,17,33,proportional,q1_features.npz,q1_features_unaligned.npz,n/a,b4261dff718cb6a3657fa394bed1617e73ea1b32c187bd083590d60d24d23cc2,ok,,945939ddd12064686060ad96d05424b0d23f9beea7e526ebc2ef56c838009f9c
-tPCytz4rww$_$11,vision,data/raw/extracted/E题数据/附件1-数据集原始多模态样本/MOSEI数据集部分原始视频-100条/-tPCytz4rww/11.mp4,8.0,5.466992,5.466666666666667,5.466666666666667,n/a,30.0,10.0,n/a,35,10_fps_sample,variable_text_anchor_mean_pool,17,17,33,proportional,q1_features.npz,q1_features_unaligned.npz,0.9818181818181818,b4261dff718cb6a3657fa394bed1617e73ea1b32c187bd083590d60d24d23cc2,ok,,945939ddd12064686060ad96d05424b0d23f9beea7e526ebc2ef56c838009f9c
-tPCytz4rww$_$10,text,data/raw/extracted/E题数据/附件1-数据集原始多模态样本/MOSEI数据集部分原始视频-100条/-tPCytz4rww/10.mp4,11.734,4.788997,4.766666666666667,4.766666666666667,n/a,n/a,n/a,n/a,128,grouped_transcript_anchor,variable_text_anchor_mean_pool,12,12,38,proportional,q1_features.npz,n/a,n/a,b4261dff718cb6a3657fa394bed1617e73ea1b32c187bd083590d60d24d23cc2,ok,,n/a
-tPCytz4rww$_$10,audio,data/raw/extracted/E题数据/附件1-数据集原始多模态样本/MOSEI数据集部分原始视频-100条/-tPCytz4rww/10.mp4,11.734,4.788997,4.766666666666667,4.6788125,16000,n/a,n/a,n/a,74,10_ms_frame,variable_text_anchor_mean_pool,12,12,38,proportional,q1_features.npz,q1_features_unaligned.npz,n/a,b4261dff718cb6a3657fa394bed1617e73ea1b32c187bd083590d60d24d23cc2,ok,,945939ddd12064686060ad96d05424b0d23f9beea7e526ebc2ef56c838009f9c
-tPCytz4rww$_$10,vision,data/raw/extracted/E题数据/附件1-数据集原始多模态样本/MOSEI数据集部分原始视频-100条/-tPCytz4rww/10.mp4,11.734,4.788997,4.766666666666667,4.766666666666667,n/a,30.0,10.0,n/a,35,10_fps_sample,variable_text_anchor_mean_pool,12,12,38,proportional,q1_features.npz,q1_features_unaligned.npz,0.875,b4261dff718cb6a3657fa394bed1617e73ea1b32c187bd083590d60d24d23cc2,ok,,945939ddd12064686060ad96d05424b0d23f9beea7e526ebc2ef56c838009f9c
-tPCytz4rww$_$12,text,data/raw/extracted/E题数据/附件1-数据集原始多模态样本/MOSEI数据集部分原始视频-100条/-tPCytz4rww/12.mp4,18.767,11.863997,11.833333333333334,11.833333333333334,n/a,n/a,n/a,n/a,128,grouped_transcript_anchor,variable_text_anchor_mean_pool,26,26,24,proportional,q1_features.npz,n/a,n/a,b4261dff718cb6a3657fa394bed1617e73ea1b32c187bd083590d60d24d23cc2,ok,,n/a
-tPCytz4rww$_$12,audio,data/raw/extracted/E题数据/附件1-数据集原始多模态样本/MOSEI数据集部分原始视频-100条/-tPCytz4rww/12.mp4,18.767,11.863997,11.833333333333334,11.73625,16000,n/a,n/a,n/a,74,10_ms_frame,variable_text_anchor_mean_pool,26,26,24,proportional,q1_features.npz,q1_features_unaligned.npz,n/a,b4261dff718cb6a3657fa394bed1617e73ea1b32c187bd083590d60d24d23cc2,ok,,945939ddd12064686060ad96d05424b0d23f9beea7e526ebc2ef56c838009f9c
-tPCytz4rww$_$12,vision,data/raw/extracted/E题数据/附件1-数据集原始多模态样本/MOSEI数据集部分原始视频-100条/-tPCytz4rww/12.mp4,18.767,11.863997,11.833333333333334,11.833333333333334,n/a,30.0,10.0,n/a,35,10_fps_sample,variable_text_anchor_mean_pool,26,26,24,proportional,q1_features.npz,q1_features_unaligned.npz,0.9915254237288136,b4261dff718cb6a3657fa394bed1617e73ea1b32c187bd083590d60d24d23cc2,ok,,945939ddd12064686060ad96d05424b0d23f9beea7e526ebc2ef56c838009f9c
-tPCytz4rww$_$16,text,data/raw/extracted/E题数据/附件1-数据集原始多模态样本/MOSEI数据集部分原始视频-100条/-tPCytz4rww/16.mp4,13.236,7.20599,7.2,7.2,n/a,n/a,n/a,n/a,128,grouped_transcript_anchor,variable_text_anchor_mean_pool,16,16,34,proportional,q1_features.npz,n/a,n/a,b4261dff718cb6a3657fa394bed1617e73ea1b32c187bd083590d60d24d23cc2,ok,,n/a
-tPCytz4rww$_$16,audio,data/raw/extracted/E题数据/附件1-数据集原始多模态样本/MOSEI数据集部分原始视频-100条/-tPCytz4rww/16.mp4,13.236,7.20599,7.2,7.1391875,16000,n/a,n/a,n/a,74,10_ms_frame,variable_text_anchor_mean_pool,16,16,34,proportional,q1_features.npz,q1_features_unaligned.npz,n/a,b4261dff718cb6a3657fa394bed1617e73ea1b32c187bd083590d60d24d23cc2,ok,,945939ddd12064686060ad96d05424b0d23f9beea7e526ebc2ef56c838009f9c
-tPCytz4rww$_$16,vision,data/raw/extracted/E题数据/附件1-数据集原始多模态样本/MOSEI数据集部分原始视频-100条/-tPCytz4rww/16.mp4,13.236,7.20599,7.2,7.2,n/a,30.0,10.0,n/a,35,10_fps_sample,variable_text_anchor_mean_pool,16,16,34,proportional,q1_features.npz,q1_features_unaligned.npz,0.9166666666666666,b4261dff718cb6a3657fa394bed1617e73ea1b32c187bd083590d60d24d23cc2,ok,,945939ddd12064686060ad96d05424b0d23f9beea7e526ebc2ef56c838009f9c
-tPCytz4rww$_$18,text,data/raw/extracted/E题数据/附件1-数据集原始多模态样本/MOSEI数据集部分原始视频-100条/-tPCytz4rww/18.mp4,14.281,6.644987,6.633333333333333,6.633333333333333,n/a,n/a,n/a,n/a,128,grouped_transcript_anchor,variable_text_anchor_mean_pool,16,16,34,proportional,q1_features.npz,n/a,n/a,b4261dff718cb6a3657fa394bed1617e73ea1b32c187bd083590d60d24d23cc2,ok,,n/a
-tPCytz4rww$_$18,audio,data/raw/extracted/E题数据/附件1-数据集原始多模态样本/MOSEI数据集部分原始视频-100条/-tPCytz4rww/18.mp4,14.281,6.644987,6.633333333333333,6.5688125,16000,n/a,n/a,n/a,74,10_ms_frame,variable_text_anchor_mean_pool,16,16,34,proportional,q1_features.npz,q1_features_unaligned.npz,n/a,b4261dff718cb6a3657fa394bed1617e73ea1b32c187bd083590d60d24d23cc2,ok,,945939ddd12064686060ad96d05424b0d23f9beea7e526ebc2ef56c838009f9c
-tPCytz4rww$_$18,vision,data/raw/extracted/E题数据/附件1-数据集原始多模态样本/MOSEI数据集部分原始视频-100条/-tPCytz4rww/18.mp4,14.281,6.644987,6.633333333333333,6.633333333333333,n/a,30.0,10.0,n/a,35,10_fps_sample,variable_text_anchor_mean_pool,16,16,34,proportional,q1_features.npz,q1_features_unaligned.npz,0.9701492537313433,b4261dff718cb6a3657fa394bed1617e73ea1b32c187bd083590d60d24d23cc2,ok,,945939ddd12064686060ad96d05424b0d23f9beea7e526ebc2ef56c838009f9c
-vxjVxOeScU$_$4,text,data/raw/extracted/E题数据/附件1-数据集原始多模态样本/MOSEI数据集部分原始视频-100条/-vxjVxOeScU/4.mp4,11.734,9.127018,9.1,9.1,n/a,n/a,n/a,n/a,128,grouped_transcript_anchor,variable_text_anchor_mean_pool,21,21,29,proportional,q1_features.npz,n/a,n/a,b4261dff718cb6a3657fa394bed1617e73ea1b32c187bd083590d60d24d23cc2,ok,,n/a
-vxjVxOeScU$_$4,audio,data/raw/extracted/E题数据/附件1-数据集原始多模态样本/MOSEI数据集部分原始视频-100条/-vxjVxOeScU/4.mp4,11.734,9.127018,9.1,9.0370625,16000,n/a,n/a,n/a,74,10_ms_frame,variable_text_anchor_mean_pool,21,21,29,proportional,q1_features.npz,q1_features_unaligned.npz,n/a,b4261dff718cb6a3657fa394bed1617e73ea1b32c187bd083590d60d24d23cc2,ok,,945939ddd12064686060ad96d05424b0d23f9beea7e526ebc2ef56c838009f9c
-vxjVxOeScU$_$4,vision,data/raw/extracted/E题数据/附件1-数据集原始多模态样本/MOSEI数据集部分原始视频-100条/-vxjVxOeScU/4.mp4,11.734,9.127018,9.1,9.1,n/a,30.0,10.0,n/a,35,10_fps_sample,variable_text_anchor_mean_pool,21,21,29,proportional,q1_features.npz,q1_features_unaligned.npz,0.9010989010989011,b4261dff718cb6a3657fa394bed1617e73ea1b32c187bd083590d60d24d23cc2,ok,,945939ddd12064686060ad96d05424b0d23f9beea7e526ebc2ef56c838009f9c
-wMB_hJL-3o$_$7,text,data/raw/extracted/E题数据/附件1-数据集原始多模态样本/MOSEI数据集部分原始视频-100条/-wMB_hJL-3o/7.mp4,7.315,6.04401,6.033333333333333,6.033333333333333,n/a,n/a,n/a,n/a,128,grouped_transcript_anchor,variable_text_anchor_mean_pool,22,22,28,proportional,q1_features.npz,n/a,n/a,b4261dff718cb6a3657fa394bed1617e73ea1b32c187bd083590d60d24d23cc2,ok,,n/a
-wMB_hJL-3o$_$7,audio,data/raw/extracted/E题数据/附件1-数据集原始多模态样本/MOSEI数据集部分原始视频-100条/-wMB_hJL-3o/7.mp4,7.315,6.04401,6.033333333333333,5.975625,16000,n/a,n/a,n/a,74,10_ms_frame,variable_text_anchor_mean_pool,22,22,28,proportional,q1_features.npz,q1_features_unaligned.npz,n/a,b4261dff718cb6a3657fa394bed1617e73ea1b32c187bd083590d60d24d23cc2,ok,,945939ddd12064686060ad96d05424b0d23f9beea7e526ebc2ef56c838009f9c
-wMB_hJL-3o$_$7,vision,data/raw/extracted/E题数据/附件1-数据集原始多模态样本/MOSEI数据集部分原始视频-100条/-wMB_hJL-3o/7.mp4,7.315,6.04401,6.033333333333333,6.033333333333333,n/a,30.0,10.0,n/a,35,10_fps_sample,variable_text_anchor_mean_pool,22,22,28,proportional,q1_features.npz,q1_features_unaligned.npz,0.9344262295081968,b4261dff718cb6a3657fa394bed1617e73ea1b32c187bd083590d60d24d23cc2,ok,,945939ddd12064686060ad96d05424b0d23f9beea7e526ebc2ef56c838009f9c
-wny0OAz3g8$_$1,text,data/raw/extracted/E题数据/附件1-数据集原始多模态样本/MOSEI数据集部分原始视频-100条/-wny0OAz3g8/1.mp4,9.1,6.84401,6.833333333333333,6.833333333333333,n/a,n/a,n/a,n/a,128,grouped_transcript_anchor,variable_text_anchor_mean_pool,23,23,27,proportional,q1_features.npz,n/a,n/a,b4261dff718cb6a3657fa394bed1617e73ea1b32c187bd083590d60d24d23cc2,ok,,n/a
-wny0OAz3g8$_$1,audio,data/raw/extracted/E题数据/附件1-数据集原始多模态样本/MOSEI数据集部分原始视频-100条/-wny0OAz3g8/1.mp4,9.1,6.84401,6.833333333333333,6.7765625,16000,n/a,n/a,n/a,74,10_ms_frame,variable_text_anchor_mean_pool,23,23,27,proportional,q1_features.npz,q1_features_unaligned.npz,n/a,b4261dff718cb6a3657fa394bed1617e73ea1b32c187bd083590d60d24d23cc2,ok,,945939ddd12064686060ad96d05424b0d23f9beea7e526ebc2ef56c838009f9c
-wny0OAz3g8$_$1,vision,data/raw/extracted/E题数据/附件1-数据集原始多模态样本/MOSEI数据集部分原始视频-100条/-wny0OAz3g8/1.mp4,9.1,6.84401,6.833333333333333,6.833333333333333,n/a,30.0,10.0,n/a,35,10_fps_sample,variable_text_anchor_mean_pool,23,22,27,proportional,q1_features.npz,q1_features_unaligned.npz,0.18840579710144928,b4261dff718cb6a3657fa394bed1617e73ea1b32c187bd083590d60d24d23cc2,warning,invalid_nonpadding_positions,945939ddd12064686060ad96d05424b0d23f9beea7e526ebc2ef56c838009f9c
-wny0OAz3g8$_$0,text,data/raw/extracted/E题数据/附件1-数据集原始多模态样本/MOSEI数据集部分原始视频-100条/-wny0OAz3g8/0.mp4,3.334,3.333333,3.333333333333333,3.333333333333333,n/a,n/a,n/a,n/a,128,grouped_transcript_anchor,variable_text_anchor_mean_pool,9,9,41,proportional,q1_features.npz,n/a,n/a,b4261dff718cb6a3657fa394bed1617e73ea1b32c187bd083590d60d24d23cc2,ok,,n/a
-wny0OAz3g8$_$0,audio,data/raw/extracted/E题数据/附件1-数据集原始多模态样本/MOSEI数据集部分原始视频-100条/-wny0OAz3g8/0.mp4,3.334,3.333333,3.333333333333333,3.2740625,16000,n/a,n/a,n/a,74,10_ms_frame,variable_text_anchor_mean_pool,9,9,41,proportional,q1_features.npz,q1_features_unaligned.npz,n/a,b4261dff718cb6a3657fa394bed1617e73ea1b32c187bd083590d60d24d23cc2,ok,,945939ddd12064686060ad96d05424b0d23f9beea7e526ebc2ef56c838009f9c
-wny0OAz3g8$_$0,vision,data/raw/extracted/E题数据/附件1-数据集原始多模态样本/MOSEI数据集部分原始视频-100条/-wny0OAz3g8/0.mp4,3.334,3.333333,3.333333333333333,3.333333333333333,n/a,30.0,10.0,n/a,35,10_fps_sample,variable_text_anchor_mean_pool,9,9,41,proportional,q1_features.npz,q1_features_unaligned.npz,0.5882352941176471,b4261dff718cb6a3657fa394bed1617e73ea1b32c187bd083590d60d24d23cc2,ok,,945939ddd12064686060ad96d05424b0d23f9beea7e526ebc2ef56c838009f9c
-wny0OAz3g8$_$3,text,data/raw/extracted/E题数据/附件1-数据集原始多模态样本/MOSEI数据集部分原始视频-100条/-wny0OAz3g8/3.mp4,11.169,6.146029,6.133333333333333,6.133333333333333,n/a,n/a,n/a,n/a,128,grouped_transcript_anchor,variable_text_anchor_mean_pool,20,20,30,proportional,q1_features.npz,n/a,n/a,b4261dff718cb6a3657fa394bed1617e73ea1b32c187bd083590d60d24d23cc2,ok,,n/a
-wny0OAz3g8$_$3,audio,data/raw/extracted/E题数据/附件1-数据集原始多模态样本/MOSEI数据集部分原始视频-100条/-wny0OAz3g8/3.mp4,11.169,6.146029,6.133333333333333,6.099875,16000,n/a,n/a,n/a,74,10_ms_frame,variable_text_anchor_mean_pool,20,20,30,proportional,q1_features.npz,q1_features_unaligned.npz,n/a,b4261dff718cb6a3657fa394bed1617e73ea1b32c187bd083590d60d24d23cc2,ok,,945939ddd12064686060ad96d05424b0d23f9beea7e526ebc2ef56c838009f9c
-wny0OAz3g8$_$3,vision,data/raw/extracted/E题数据/附件1-数据集原始多模态样本/MOSEI数据集部分原始视频-100条/-wny0OAz3g8/3.mp4,11.169,6.146029,6.133333333333333,6.133333333333333,n/a,30.0,10.0,n/a,35,10_fps_sample,variable_text_anchor_mean_pool,20,20,30,proportional,q1_features.npz,q1_features_unaligned.npz,0.41935483870967744,b4261dff718cb6a3657fa394bed1617e73ea1b32c187bd083590d60d24d23cc2,ok,,945939ddd12064686060ad96d05424b0d23f9beea7e526ebc2ef56c838009f9c
-wny0OAz3g8$_$2,text,data/raw/extracted/E题数据/附件1-数据集原始多模态样本/MOSEI数据集部分原始视频-100条/-wny0OAz3g8/2.mp4,11.934,6.686979,6.666666666666667,6.666666666666667,n/a,n/a,n/a,n/a,128,grouped_transcript_anchor,variable_text_anchor_mean_pool,23,23,27,proportional,q1_features.npz,n/a,n/a,b4261dff718cb6a3657fa394bed1617e73ea1b32c187bd083590d60d24d23cc2,ok,,n/a
-wny0OAz3g8$_$2,audio,data/raw/extracted/E题数据/附件1-数据集原始多模态样本/MOSEI数据集部分原始视频-100条/-wny0OAz3g8/2.mp4,11.934,6.686979,6.666666666666667,6.52275,16000,n/a,n/a,n/a,74,10_ms_frame,variable_text_anchor_mean_pool,23,23,27,proportional,q1_features.npz,q1_features_unaligned.npz,n/a,b4261dff718cb6a3657fa394bed1617e73ea1b32c187bd083590d60d24d23cc2,ok,,945939ddd12064686060ad96d05424b0d23f9beea7e526ebc2ef56c838009f9c
-wny0OAz3g8$_$2,vision,data/raw/extracted/E题数据/附件1-数据集原始多模态样本/MOSEI数据集部分原始视频-100条/-wny0OAz3g8/2.mp4,11.934,6.686979,6.666666666666667,6.666666666666667,n/a,30.0,10.0,n/a,35,10_fps_sample,variable_text_anchor_mean_pool,23,23,27,proportional,q1_features.npz,q1_features_unaligned.npz,0.6716417910447762,b4261dff718cb6a3657fa394bed1617e73ea1b32c187bd083590d60d24d23cc2,ok,,945939ddd12064686060ad96d05424b0d23f9beea7e526ebc2ef56c838009f9c
-wny0OAz3g8$_$5,text,data/raw/extracted/E题数据/附件1-数据集原始多模态样本/MOSEI数据集部分原始视频-100条/-wny0OAz3g8/5.mp4,9.967,6.911979,6.8999999999999995,6.8999999999999995,n/a,n/a,n/a,n/a,128,grouped_transcript_anchor,variable_text_anchor_mean_pool,20,20,30,proportional,q1_features.npz,n/a,n/a,b4261dff718cb6a3657fa394bed1617e73ea1b32c187bd083590d60d24d23cc2,ok,,n/a
-wny0OAz3g8$_$5,audio,data/raw/extracted/E题数据/附件1-数据集原始多模态样本/MOSEI数据集部分原始视频-100条/-wny0OAz3g8/5.mp4,9.967,6.911979,6.8999999999999995,6.7414375,16000,n/a,n/a,n/a,74,10_ms_frame,variable_text_anchor_mean_pool,20,20,30,proportional,q1_features.npz,q1_features_unaligned.npz,n/a,b4261dff718cb6a3657fa394bed1617e73ea1b32c187bd083590d60d24d23cc2,ok,,945939ddd12064686060ad96d05424b0d23f9beea7e526ebc2ef56c838009f9c
-wny0OAz3g8$_$5,vision,data/raw/extracted/E题数据/附件1-数据集原始多模态样本/MOSEI数据集部分原始视频-100条/-wny0OAz3g8/5.mp4,9.967,6.911979,6.8999999999999995,6.8999999999999995,n/a,30.0,10.0,n/a,35,10_fps_sample,variable_text_anchor_mean_pool,20,20,30,proportional,q1_features.npz,q1_features_unaligned.npz,0.2608695652173913,b4261dff718cb6a3657fa394bed1617e73ea1b32c187bd083590d60d24d23cc2,ok,,945939ddd12064686060ad96d05424b0d23f9beea7e526ebc2ef56c838009f9c
-wny0OAz3g8$_$7,text,data/raw/extracted/E题数据/附件1-数据集原始多模态样本/MOSEI数据集部分原始视频-100条/-wny0OAz3g8/7.mp4,9.5,8.067969,8.066666666666666,8.066666666666666,n/a,n/a,n/a,n/a,128,grouped_transcript_anchor,variable_text_anchor_mean_pool,29,29,21,proportional,q1_features.npz,n/a,n/a,b4261dff718cb6a3657fa394bed1617e73ea1b32c187bd083590d60d24d23cc2,ok,,n/a
-wny0OAz3g8$_$7,audio,data/raw/extracted/E题数据/附件1-数据集原始多模态样本/MOSEI数据集部分原始视频-100条/-wny0OAz3g8/7.mp4,9.5,8.067969,8.066666666666666,7.9105,16000,n/a,n/a,n/a,74,10_ms_frame,variable_text_anchor_mean_pool,29,29,21,proportional,q1_features.npz,q1_features_unaligned.npz,n/a,b4261dff718cb6a3657fa394bed1617e73ea1b32c187bd083590d60d24d23cc2,ok,,945939ddd12064686060ad96d05424b0d23f9beea7e526ebc2ef56c838009f9c
-wny0OAz3g8$_$7,vision,data/raw/extracted/E题数据/附件1-数据集原始多模态样本/MOSEI数据集部分原始视频-100条/-wny0OAz3g8/7.mp4,9.5,8.067969,8.066666666666666,8.066666666666666,n/a,30.0,10.0,n/a,35,10_fps_sample,variable_text_anchor_mean_pool,29,28,21,proportional,q1_features.npz,q1_features_unaligned.npz,0.35802469135802467,b4261dff718cb6a3657fa394bed1617e73ea1b32c187bd083590d60d24d23cc2,warning,invalid_nonpadding_positions,945939ddd12064686060ad96d05424b0d23f9beea7e526ebc2ef56c838009f9c
-wny0OAz3g8$_$9,text,data/raw/extracted/E题数据/附件1-数据集原始多模态样本/MOSEI数据集部分原始视频-100条/-wny0OAz3g8/9.mp4,9.867,6.213021,6.2,6.2,n/a,n/a,n/a,n/a,128,grouped_transcript_anchor,variable_text_anchor_mean_pool,20,20,30,proportional,q1_features.npz,n/a,n/a,b4261dff718cb6a3657fa394bed1617e73ea1b32c187bd083590d60d24d23cc2,ok,,n/a
-wny0OAz3g8$_$9,audio,data/raw/extracted/E题数据/附件1-数据集原始多模态样本/MOSEI数据集部分原始视频-100条/-wny0OAz3g8/9.mp4,9.867,6.213021,6.2,6.0435,16000,n/a,n/a,n/a,74,10_ms_frame,variable_text_anchor_mean_pool,20,20,30,proportional,q1_features.npz,q1_features_unaligned.npz,n/a,b4261dff718cb6a3657fa394bed1617e73ea1b32c187bd083590d60d24d23cc2,ok,,945939ddd12064686060ad96d05424b0d23f9beea7e526ebc2ef56c838009f9c
-wny0OAz3g8$_$9,vision,data/raw/extracted/E题数据/附件1-数据集原始多模态样本/MOSEI数据集部分原始视频-100条/-wny0OAz3g8/9.mp4,9.867,6.213021,6.2,6.2,n/a,30.0,10.0,n/a,35,10_fps_sample,variable_text_anchor_mean_pool,20,20,30,proportional,q1_features.npz,q1_features_unaligned.npz,0.5645161290322581,b4261dff718cb6a3657fa394bed1617e73ea1b32c187bd083590d60d24d23cc2,ok,,945939ddd12064686060ad96d05424b0d23f9beea7e526ebc2ef56c838009f9c
-571d8cVauQ$_$0,text,data/raw/extracted/E题数据/附件1-数据集原始多模态样本/MOSEI数据集部分原始视频-100条/-571d8cVauQ/0.mp4,5.167,5.066667,5.166666666666667,5.166666666666667,n/a,n/a,n/a,n/a,128,grouped_transcript_anchor,variable_text_anchor_mean_pool,12,12,38,proportional,q1_features.npz,n/a,n/a,b4261dff718cb6a3657fa394bed1617e73ea1b32c187bd083590d60d24d23cc2,ok,,n/a
-571d8cVauQ$_$0,audio,data/raw/extracted/E题数据/附件1-数据集原始多模态样本/MOSEI数据集部分原始视频-100条/-571d8cVauQ/0.mp4,5.167,5.066667,5.166666666666667,4.9923125,16000,n/a,n/a,n/a,74,10_ms_frame,variable_text_anchor_mean_pool,12,12,38,proportional,q1_features.npz,q1_features_unaligned.npz,n/a,b4261dff718cb6a3657fa394bed1617e73ea1b32c187bd083590d60d24d23cc2,ok,,945939ddd12064686060ad96d05424b0d23f9beea7e526ebc2ef56c838009f9c
-571d8cVauQ$_$0,vision,data/raw/extracted/E题数据/附件1-数据集原始多模态样本/MOSEI数据集部分原始视频-100条/-571d8cVauQ/0.mp4,5.167,5.066667,5.166666666666667,5.166666666666667,n/a,30.0,10.0,n/a,35,10_fps_sample,variable_text_anchor_mean_pool,12,12,38,proportional,q1_features.npz,q1_features_unaligned.npz,0.7884615384615384,b4261dff718cb6a3657fa394bed1617e73ea1b32c187bd083590d60d24d23cc2,ok,,945939ddd12064686060ad96d05424b0d23f9beea7e526ebc2ef56c838009f9c
-571d8cVauQ$_$5,text,data/raw/extracted/E题数据/附件1-数据集原始多模态样本/MOSEI数据集部分原始视频-100条/-571d8cVauQ/5.mp4,18.5,15.272982,15.266666666666666,15.266666666666666,n/a,n/a,n/a,n/a,128,grouped_transcript_anchor,variable_text_anchor_mean_pool,43,43,7,proportional,q1_features.npz,n/a,n/a,b4261dff718cb6a3657fa394bed1617e73ea1b32c187bd083590d60d24d23cc2,ok,,n/a
-571d8cVauQ$_$5,audio,data/raw/extracted/E题数据/附件1-数据集原始多模态样本/MOSEI数据集部分原始视频-100条/-571d8cVauQ/5.mp4,18.5,15.272982,15.266666666666666,15.1153125,16000,n/a,n/a,n/a,74,10_ms_frame,variable_text_anchor_mean_pool,43,43,7,proportional,q1_features.npz,q1_features_unaligned.npz,n/a,b4261dff718cb6a3657fa394bed1617e73ea1b32c187bd083590d60d24d23cc2,ok,,945939ddd12064686060ad96d05424b0d23f9beea7e526ebc2ef56c838009f9c
-571d8cVauQ$_$5,vision,data/raw/extracted/E题数据/附件1-数据集原始多模态样本/MOSEI数据集部分原始视频-100条/-571d8cVauQ/5.mp4,18.5,15.272982,15.266666666666666,15.266666666666666,n/a,30.0,10.0,n/a,35,10_fps_sample,variable_text_anchor_mean_pool,43,42,7,proportional,q1_features.npz,q1_features_unaligned.npz,0.934640522875817,b4261dff718cb6a3657fa394bed1617e73ea1b32c187bd083590d60d24d23cc2,warning,invalid_nonpadding_positions,945939ddd12064686060ad96d05424b0d23f9beea7e526ebc2ef56c838009f9c
-I_e4mIh0yE$_$1,text,data/raw/extracted/E题数据/附件1-数据集原始多模态样本/MOSEI数据集部分原始视频-100条/-I_e4mIh0yE/1.mp4,10.767,7.622005,7.6,7.6,n/a,n/a,n/a,n/a,128,grouped_transcript_anchor,variable_text_anchor_mean_pool,18,18,32,proportional,q1_features.npz,n/a,n/a,b4261dff718cb6a3657fa394bed1617e73ea1b32c187bd083590d60d24d23cc2,ok,,n/a
-I_e4mIh0yE$_$1,audio,data/raw/extracted/E题数据/附件1-数据集原始多模态样本/MOSEI数据集部分原始视频-100条/-I_e4mIh0yE/1.mp4,10.767,7.622005,7.6,7.4443125,16000,n/a,n/a,n/a,74,10_ms_frame,variable_text_anchor_mean_pool,18,18,32,proportional,q1_features.npz,q1_features_unaligned.npz,n/a,b4261dff718cb6a3657fa394bed1617e73ea1b32c187bd083590d60d24d23cc2,ok,,945939ddd12064686060ad96d05424b0d23f9beea7e526ebc2ef56c838009f9c
-I_e4mIh0yE$_$1,vision,data/raw/extracted/E题数据/附件1-数据集原始多模态样本/MOSEI数据集部分原始视频-100条/-I_e4mIh0yE/1.mp4,10.767,7.622005,7.6,7.6,n/a,30.0,10.0,n/a,35,10_fps_sample,variable_text_anchor_mean_pool,18,18,32,proportional,q1_features.npz,q1_features_unaligned.npz,1.0,b4261dff718cb6a3657fa394bed1617e73ea1b32c187bd083590d60d24d23cc2,ok,,945939ddd12064686060ad96d05424b0d23f9beea7e526ebc2ef56c838009f9c
-I_e4mIh0yE$_$3,text,data/raw/extracted/E题数据/附件1-数据集原始多模态样本/MOSEI数据集部分原始视频-100条/-I_e4mIh0yE/3.mp4,9.3,9.163021,9.133333333333333,9.133333333333333,n/a,n/a,n/a,n/a,128,grouped_transcript_anchor,variable_text_anchor_mean_pool,22,22,28,proportional,q1_features.npz,n/a,n/a,b4261dff718cb6a3657fa394bed1617e73ea1b32c187bd083590d60d24d23cc2,ok,,n/a
-I_e4mIh0yE$_$3,audio,data/raw/extracted/E题数据/附件1-数据集原始多模态样本/MOSEI数据集部分原始视频-100条/-I_e4mIh0yE/3.mp4,9.3,9.163021,9.133333333333333,8.9944375,16000,n/a,n/a,n/a,74,10_ms_frame,variable_text_anchor_mean_pool,22,22,28,proportional,q1_features.npz,q1_features_unaligned.npz,n/a,b4261dff718cb6a3657fa394bed1617e73ea1b32c187bd083590d60d24d23cc2,ok,,945939ddd12064686060ad96d05424b0d23f9beea7e526ebc2ef56c838009f9c
-I_e4mIh0yE$_$3,vision,data/raw/extracted/E题数据/附件1-数据集原始多模态样本/MOSEI数据集部分原始视频-100条/-I_e4mIh0yE/3.mp4,9.3,9.163021,9.133333333333333,9.133333333333333,n/a,30.0,10.0,n/a,35,10_fps_sample,variable_text_anchor_mean_pool,22,22,28,proportional,q1_features.npz,q1_features_unaligned.npz,1.0,b4261dff718cb6a3657fa394bed1617e73ea1b32c187bd083590d60d24d23cc2,ok,,945939ddd12064686060ad96d05424b0d23f9beea7e526ebc2ef56c838009f9c
-UacrmKiTn4$_$10,text,data/raw/extracted/E题数据/附件1-数据集原始多模态样本/MOSEI数据集部分原始视频-100条/-UacrmKiTn4/10.mp4,12.634,7.361979,7.333333333333333,7.333333333333333,n/a,n/a,n/a,n/a,128,grouped_transcript_anchor,variable_text_anchor_mean_pool,18,18,32,proportional,q1_features.npz,n/a,n/a,b4261dff718cb6a3657fa394bed1617e73ea1b32c187bd083590d60d24d23cc2,ok,,n/a
-UacrmKiTn4$_$10,audio,data/raw/extracted/E题数据/附件1-数据集原始多模态样本/MOSEI数据集部分原始视频-100条/-UacrmKiTn4/10.mp4,12.634,7.361979,7.333333333333333,7.2420625,16000,n/a,n/a,n/a,74,10_ms_frame,variable_text_anchor_mean_pool,18,18,32,proportional,q1_features.npz,q1_features_unaligned.npz,n/a,b4261dff718cb6a3657fa394bed1617e73ea1b32c187bd083590d60d24d23cc2,ok,,945939ddd12064686060ad96d05424b0d23f9beea7e526ebc2ef56c838009f9c
-UacrmKiTn4$_$10,vision,data/raw/extracted/E题数据/附件1-数据集原始多模态样本/MOSEI数据集部分原始视频-100条/-UacrmKiTn4/10.mp4,12.634,7.361979,7.333333333333333,7.333333333333333,n/a,30.0,10.0,n/a,35,10_fps_sample,variable_text_anchor_mean_pool,18,18,32,proportional,q1_features.npz,q1_features_unaligned.npz,1.0,b4261dff718cb6a3657fa394bed1617e73ea1b32c187bd083590d60d24d23cc2,ok,,945939ddd12064686060ad96d05424b0d23f9beea7e526ebc2ef56c838009f9c
-UacrmKiTn4$_$4,text,data/raw/extracted/E题数据/附件1-数据集原始多模态样本/MOSEI数据集部分原始视频-100条/-UacrmKiTn4/4.mp4,6.223,4.741016,4.733333333333333,4.733333333333333,n/a,n/a,n/a,n/a,128,grouped_transcript_anchor,variable_text_anchor_mean_pool,14,14,36,proportional,q1_features.npz,n/a,n/a,b4261dff718cb6a3657fa394bed1617e73ea1b32c187bd083590d60d24d23cc2,ok,,n/a
-UacrmKiTn4$_$4,audio,data/raw/extracted/E题数据/附件1-数据集原始多模态样本/MOSEI数据集部分原始视频-100条/-UacrmKiTn4/4.mp4,6.223,4.741016,4.733333333333333,4.6819375,16000,n/a,n/a,n/a,74,10_ms_frame,variable_text_anchor_mean_pool,14,14,36,proportional,q1_features.npz,q1_features_unaligned.npz,n/a,b4261dff718cb6a3657fa394bed1617e73ea1b32c187bd083590d60d24d23cc2,ok,,945939ddd12064686060ad96d05424b0d23f9beea7e526ebc2ef56c838009f9c
-UacrmKiTn4$_$4,vision,data/raw/extracted/E题数据/附件1-数据集原始多模态样本/MOSEI数据集部分原始视频-100条/-UacrmKiTn4/4.mp4,6.223,4.741016,4.733333333333333,4.733333333333333,n/a,30.0,10.0,n/a,35,10_fps_sample,variable_text_anchor_mean_pool,14,14,36,proportional,q1_features.npz,q1_features_unaligned.npz,1.0,b4261dff718cb6a3657fa394bed1617e73ea1b32c187bd083590d60d24d23cc2,ok,,945939ddd12064686060ad96d05424b0d23f9beea7e526ebc2ef56c838009f9c
-hnBHBN8p5A$_$7,text,data/raw/extracted/E题数据/附件1-数据集原始多模态样本/MOSEI数据集部分原始视频-100条/-hnBHBN8p5A/7.mp4,9.176,7.372,7.3406666666666665,7.3406666666666665,n/a,n/a,n/a,n/a,128,grouped_transcript_anchor,variable_text_anchor_mean_pool,13,13,37,proportional,q1_features.npz,n/a,n/a,b4261dff718cb6a3657fa394bed1617e73ea1b32c187bd083590d60d24d23cc2,ok,,n/a
-hnBHBN8p5A$_$7,audio,data/raw/extracted/E题数据/附件1-数据集原始多模态样本/MOSEI数据集部分原始视频-100条/-hnBHBN8p5A/7.mp4,9.176,7.372,7.3406666666666665,7.308625,16000,n/a,n/a,n/a,74,10_ms_frame,variable_text_anchor_mean_pool,13,13,37,proportional,q1_features.npz,q1_features_unaligned.npz,n/a,b4261dff718cb6a3657fa394bed1617e73ea1b32c187bd083590d60d24d23cc2,ok,,945939ddd12064686060ad96d05424b0d23f9beea7e526ebc2ef56c838009f9c
-hnBHBN8p5A$_$7,vision,data/raw/extracted/E题数据/附件1-数据集原始多模态样本/MOSEI数据集部分原始视频-100条/-hnBHBN8p5A/7.mp4,9.176,7.372,7.3406666666666665,7.3406666666666665,n/a,23.976023976023978,10.0,n/a,35,10_fps_sample,variable_text_anchor_mean_pool,13,13,37,proportional,q1_features.npz,q1_features_unaligned.npz,0.0,b4261dff718cb6a3657fa394bed1617e73ea1b32c187bd083590d60d24d23cc2,ok,,945939ddd12064686060ad96d05424b0d23f9beea7e526ebc2ef56c838009f9c
-hnBHBN8p5A$_$6,text,data/raw/extracted/E题数据/附件1-数据集原始多模态样本/MOSEI数据集部分原始视频-100条/-hnBHBN8p5A/6.mp4,11.429,6.401,6.381366666666667,6.381366666666667,n/a,n/a,n/a,n/a,128,grouped_transcript_anchor,variable_text_anchor_mean_pool,13,13,37,proportional,q1_features.npz,n/a,n/a,b4261dff718cb6a3657fa394bed1617e73ea1b32c187bd083590d60d24d23cc2,ok,,n/a
-hnBHBN8p5A$_$6,audio,data/raw/extracted/E题数据/附件1-数据集原始多模态样本/MOSEI数据集部分原始视频-100条/-hnBHBN8p5A/6.mp4,11.429,6.401,6.381366666666667,6.3328125,16000,n/a,n/a,n/a,74,10_ms_frame,variable_text_anchor_mean_pool,13,13,37,proportional,q1_features.npz,q1_features_unaligned.npz,n/a,b4261dff718cb6a3657fa394bed1617e73ea1b32c187bd083590d60d24d23cc2,ok,,945939ddd12064686060ad96d05424b0d23f9beea7e526ebc2ef56c838009f9c
-hnBHBN8p5A$_$6,vision,data/raw/extracted/E题数据/附件1-数据集原始多模态样本/MOSEI数据集部分原始视频-100条/-hnBHBN8p5A/6.mp4,11.429,6.401,6.381366666666667,6.381366666666667,n/a,23.976035631539084,10.0,n/a,35,10_fps_sample,variable_text_anchor_mean_pool,13,12,37,proportional,q1_features.npz,q1_features_unaligned.npz,0.0784313725490196,b4261dff718cb6a3657fa394bed1617e73ea1b32c187bd083590d60d24d23cc2,warning,invalid_nonpadding_positions,945939ddd12064686060ad96d05424b0d23f9beea7e526ebc2ef56c838009f9c
-qDkUB0GgYY$_$6,text,data/raw/extracted/E题数据/附件1-数据集原始多模态样本/MOSEI数据集部分原始视频-100条/-qDkUB0GgYY/6.mp4,9.683,4.677995,4.666666666666667,4.666666666666667,n/a,n/a,n/a,n/a,128,grouped_transcript_anchor,variable_text_anchor_mean_pool,16,16,34,proportional,q1_features.npz,n/a,n/a,b4261dff718cb6a3657fa394bed1617e73ea1b32c187bd083590d60d24d23cc2,ok,,n/a
-qDkUB0GgYY$_$6,audio,data/raw/extracted/E题数据/附件1-数据集原始多模态样本/MOSEI数据集部分原始视频-100条/-qDkUB0GgYY/6.mp4,9.683,4.677995,4.666666666666667,4.6146875,16000,n/a,n/a,n/a,74,10_ms_frame,variable_text_anchor_mean_pool,16,16,34,proportional,q1_features.npz,q1_features_unaligned.npz,n/a,b4261dff718cb6a3657fa394bed1617e73ea1b32c187bd083590d60d24d23cc2,ok,,945939ddd12064686060ad96d05424b0d23f9beea7e526ebc2ef56c838009f9c
-qDkUB0GgYY$_$6,vision,data/raw/extracted/E题数据/附件1-数据集原始多模态样本/MOSEI数据集部分原始视频-100条/-qDkUB0GgYY/6.mp4,9.683,4.677995,4.666666666666667,4.666666666666667,n/a,30.0,10.0,n/a,35,10_fps_sample,variable_text_anchor_mean_pool,16,16,34,proportional,q1_features.npz,q1_features_unaligned.npz,1.0,b4261dff718cb6a3657fa394bed1617e73ea1b32c187bd083590d60d24d23cc2,ok,,945939ddd12064686060ad96d05424b0d23f9beea7e526ebc2ef56c838009f9c
-uywlfIYOS8$_$4,text,data/raw/extracted/E题数据/附件1-数据集原始多模态样本/MOSEI数据集部分原始视频-100条/-uywlfIYOS8/4.mp4,14.334,6.044987,6.033333333333333,6.033333333333333,n/a,n/a,n/a,n/a,128,grouped_transcript_anchor,variable_text_anchor_mean_pool,18,18,32,proportional,q1_features.npz,n/a,n/a,b4261dff718cb6a3657fa394bed1617e73ea1b32c187bd083590d60d24d23cc2,ok,,n/a
-uywlfIYOS8$_$4,audio,data/raw/extracted/E题数据/附件1-数据集原始多模态样本/MOSEI数据集部分原始视频-100条/-uywlfIYOS8/4.mp4,14.334,6.044987,6.033333333333333,5.881125,16000,n/a,n/a,n/a,74,10_ms_frame,variable_text_anchor_mean_pool,18,18,32,proportional,q1_features.npz,q1_features_unaligned.npz,n/a,b4261dff718cb6a3657fa394bed1617e73ea1b32c187bd083590d60d24d23cc2,ok,,945939ddd12064686060ad96d05424b0d23f9beea7e526ebc2ef56c838009f9c
-uywlfIYOS8$_$4,vision,data/raw/extracted/E题数据/附件1-数据集原始多模态样本/MOSEI数据集部分原始视频-100条/-uywlfIYOS8/4.mp4,14.334,6.044987,6.033333333333333,6.033333333333333,n/a,30.0,10.0,n/a,35,10_fps_sample,variable_text_anchor_mean_pool,18,18,32,proportional,q1_features.npz,q1_features_unaligned.npz,0.9833333333333333,b4261dff718cb6a3657fa394bed1617e73ea1b32c187bd083590d60d24d23cc2,ok,,945939ddd12064686060ad96d05424b0d23f9beea7e526ebc2ef56c838009f9c
-6rXp3zJ3kc$_$8,text,data/raw/extracted/E题数据/附件1-数据集原始多模态样本/MOSEI数据集部分原始视频-100条/-6rXp3zJ3kc/8.mp4,16.58,12.805013,12.8,12.8,n/a,n/a,n/a,n/a,128,grouped_transcript_anchor,variable_text_anchor_mean_pool,34,34,16,proportional,q1_features.npz,n/a,n/a,b4261dff718cb6a3657fa394bed1617e73ea1b32c187bd083590d60d24d23cc2,ok,,n/a
-6rXp3zJ3kc$_$8,audio,data/raw/extracted/E题数据/附件1-数据集原始多模态样本/MOSEI数据集部分原始视频-100条/-6rXp3zJ3kc/8.mp4,16.58,12.805013,12.8,12.738,16000,n/a,n/a,n/a,74,10_ms_frame,variable_text_anchor_mean_pool,34,34,16,proportional,q1_features.npz,q1_features_unaligned.npz,n/a,b4261dff718cb6a3657fa394bed1617e73ea1b32c187bd083590d60d24d23cc2,ok,,945939ddd12064686060ad96d05424b0d23f9beea7e526ebc2ef56c838009f9c
-6rXp3zJ3kc$_$8,vision,data/raw/extracted/E题数据/附件1-数据集原始多模态样本/MOSEI数据集部分原始视频-100条/-6rXp3zJ3kc/8.mp4,16.58,12.805013,12.8,12.8,n/a,30.0,10.0,n/a,35,10_fps_sample,variable_text_anchor_mean_pool,34,34,16,proportional,q1_features.npz,q1_features_unaligned.npz,0.9609375,b4261dff718cb6a3657fa394bed1617e73ea1b32c187bd083590d60d24d23cc2,ok,,945939ddd12064686060ad96d05424b0d23f9beea7e526ebc2ef56c838009f9c
-9y-fZ3swSY$_$0,text,data/raw/extracted/E题数据/附件1-数据集原始多模态样本/MOSEI数据集部分原始视频-100条/-9y-fZ3swSY/0.mp4,6.9,6.833333,6.8999999999999995,6.8999999999999995,n/a,n/a,n/a,n/a,128,grouped_transcript_anchor,variable_text_anchor_mean_pool,22,22,28,proportional,q1_features.npz,n/a,n/a,b4261dff718cb6a3657fa394bed1617e73ea1b32c187bd083590d60d24d23cc2,ok,,n/a
-9y-fZ3swSY$_$0,audio,data/raw/extracted/E题数据/附件1-数据集原始多模态样本/MOSEI数据集部分原始视频-100条/-9y-fZ3swSY/0.mp4,6.9,6.833333,6.8999999999999995,6.7570625,16000,n/a,n/a,n/a,74,10_ms_frame,variable_text_anchor_mean_pool,22,22,28,proportional,q1_features.npz,q1_features_unaligned.npz,n/a,b4261dff718cb6a3657fa394bed1617e73ea1b32c187bd083590d60d24d23cc2,ok,,945939ddd12064686060ad96d05424b0d23f9beea7e526ebc2ef56c838009f9c
-9y-fZ3swSY$_$0,vision,data/raw/extracted/E题数据/附件1-数据集原始多模态样本/MOSEI数据集部分原始视频-100条/-9y-fZ3swSY/0.mp4,6.9,6.833333,6.8999999999999995,6.8999999999999995,n/a,30.0,10.0,n/a,35,10_fps_sample,variable_text_anchor_mean_pool,22,22,28,proportional,q1_features.npz,q1_features_unaligned.npz,0.0,b4261dff718cb6a3657fa394bed1617e73ea1b32c187bd083590d60d24d23cc2,ok,,945939ddd12064686060ad96d05424b0d23f9beea7e526ebc2ef56c838009f9c
-9y-fZ3swSY$_$4,text,data/raw/extracted/E题数据/附件1-数据集原始多模态样本/MOSEI数据集部分原始视频-100条/-9y-fZ3swSY/4.mp4,9.334,2.821029,2.8,2.8,n/a,n/a,n/a,n/a,128,grouped_transcript_anchor,variable_text_anchor_mean_pool,9,9,41,proportional,q1_features.npz,n/a,n/a,b4261dff718cb6a3657fa394bed1617e73ea1b32c187bd083590d60d24d23cc2,ok,,n/a
-9y-fZ3swSY$_$4,audio,data/raw/extracted/E题数据/附件1-数据集原始多模态样本/MOSEI数据集部分原始视频-100条/-9y-fZ3swSY/4.mp4,9.334,2.821029,2.8,2.6648125,16000,n/a,n/a,n/a,74,10_ms_frame,variable_text_anchor_mean_pool,9,9,41,proportional,q1_features.npz,q1_features_unaligned.npz,n/a,b4261dff718cb6a3657fa394bed1617e73ea1b32c187bd083590d60d24d23cc2,ok,,945939ddd12064686060ad96d05424b0d23f9beea7e526ebc2ef56c838009f9c
-9y-fZ3swSY$_$4,vision,data/raw/extracted/E题数据/附件1-数据集原始多模态样本/MOSEI数据集部分原始视频-100条/-9y-fZ3swSY/4.mp4,9.334,2.821029,2.8,2.8,n/a,30.0,10.0,n/a,35,10_fps_sample,variable_text_anchor_mean_pool,9,9,41,proportional,q1_features.npz,q1_features_unaligned.npz,0.03571428571428571,b4261dff718cb6a3657fa394bed1617e73ea1b32c187bd083590d60d24d23cc2,ok,,945939ddd12064686060ad96d05424b0d23f9beea7e526ebc2ef56c838009f9c
-9y-fZ3swSY$_$8,text,data/raw/extracted/E题数据/附件1-数据集原始多模态样本/MOSEI数据集部分原始视频-100条/-9y-fZ3swSY/8.mp4,10.775,4.988997,4.966666666666667,4.966666666666667,n/a,n/a,n/a,n/a,128,grouped_transcript_anchor,variable_text_anchor_mean_pool,12,12,38,proportional,q1_features.npz,n/a,n/a,b4261dff718cb6a3657fa394bed1617e73ea1b32c187bd083590d60d24d23cc2,ok,,n/a
-9y-fZ3swSY$_$8,audio,data/raw/extracted/E题数据/附件1-数据集原始多模态样本/MOSEI数据集部分原始视频-100条/-9y-fZ3swSY/8.mp4,10.775,4.988997,4.966666666666667,4.9170625,16000,n/a,n/a,n/a,74,10_ms_frame,variable_text_anchor_mean_pool,12,12,38,proportional,q1_features.npz,q1_features_unaligned.npz,n/a,b4261dff718cb6a3657fa394bed1617e73ea1b32c187bd083590d60d24d23cc2,ok,,945939ddd12064686060ad96d05424b0d23f9beea7e526ebc2ef56c838009f9c
-9y-fZ3swSY$_$8,vision,data/raw/extracted/E题数据/附件1-数据集原始多模态样本/MOSEI数据集部分原始视频-100条/-9y-fZ3swSY/8.mp4,10.775,4.988997,4.966666666666667,4.966666666666667,n/a,30.0,10.0,n/a,35,10_fps_sample,variable_text_anchor_mean_pool,12,12,38,proportional,q1_features.npz,q1_features_unaligned.npz,0.0,b4261dff718cb6a3657fa394bed1617e73ea1b32c187bd083590d60d24d23cc2,ok,,945939ddd12064686060ad96d05424b0d23f9beea7e526ebc2ef56c838009f9c
-AUZQgSxyPQ$_$2,text,data/raw/extracted/E题数据/附件1-数据集原始多模态样本/MOSEI数据集部分原始视频-100条/-AUZQgSxyPQ/2.mp4,27.3,22.511003,22.5,22.5,n/a,n/a,n/a,n/a,128,grouped_transcript_anchor,variable_text_anchor_mean_pool,41,41,9,proportional,q1_features.npz,n/a,n/a,b4261dff718cb6a3657fa394bed1617e73ea1b32c187bd083590d60d24d23cc2,ok,,n/a
-AUZQgSxyPQ$_$2,audio,data/raw/extracted/E题数据/附件1-数据集原始多模态样本/MOSEI数据集部分原始视频-100条/-AUZQgSxyPQ/2.mp4,27.3,22.511003,22.5,22.4045625,16000,n/a,n/a,n/a,74,10_ms_frame,variable_text_anchor_mean_pool,41,41,9,proportional,q1_features.npz,q1_features_unaligned.npz,n/a,b4261dff718cb6a3657fa394bed1617e73ea1b32c187bd083590d60d24d23cc2,ok,,945939ddd12064686060ad96d05424b0d23f9beea7e526ebc2ef56c838009f9c
-AUZQgSxyPQ$_$2,vision,data/raw/extracted/E题数据/附件1-数据集原始多模态样本/MOSEI数据集部分原始视频-100条/-AUZQgSxyPQ/2.mp4,27.3,22.511003,22.5,22.5,n/a,30.0,10.0,n/a,35,10_fps_sample,variable_text_anchor_mean_pool,41,41,9,proportional,q1_features.npz,q1_features_unaligned.npz,1.0,b4261dff718cb6a3657fa394bed1617e73ea1b32c187bd083590d60d24d23cc2,ok,,945939ddd12064686060ad96d05424b0d23f9beea7e526ebc2ef56c838009f9c
-HeZS2-Prhc$_$2,text,data/raw/extracted/E题数据/附件1-数据集原始多模态样本/MOSEI数据集部分原始视频-100条/-HeZS2-Prhc/2.mp4,15.834,8.261979,8.233333333333333,8.233333333333333,n/a,n/a,n/a,n/a,128,grouped_transcript_anchor,variable_text_anchor_mean_pool,16,16,34,proportional,q1_features.npz,n/a,n/a,b4261dff718cb6a3657fa394bed1617e73ea1b32c187bd083590d60d24d23cc2,ok,,n/a
-HeZS2-Prhc$_$2,audio,data/raw/extracted/E题数据/附件1-数据集原始多模态样本/MOSEI数据集部分原始视频-100条/-HeZS2-Prhc/2.mp4,15.834,8.261979,8.233333333333333,8.150875,16000,n/a,n/a,n/a,74,10_ms_frame,variable_text_anchor_mean_pool,16,16,34,proportional,q1_features.npz,q1_features_unaligned.npz,n/a,b4261dff718cb6a3657fa394bed1617e73ea1b32c187bd083590d60d24d23cc2,ok,,945939ddd12064686060ad96d05424b0d23f9beea7e526ebc2ef56c838009f9c
-HeZS2-Prhc$_$2,vision,data/raw/extracted/E题数据/附件1-数据集原始多模态样本/MOSEI数据集部分原始视频-100条/-HeZS2-Prhc/2.mp4,15.834,8.261979,8.233333333333333,8.233333333333333,n/a,30.0,10.0,n/a,35,10_fps_sample,variable_text_anchor_mean_pool,16,16,34,proportional,q1_features.npz,q1_features_unaligned.npz,0.8072289156626506,b4261dff718cb6a3657fa394bed1617e73ea1b32c187bd083590d60d24d23cc2,ok,,945939ddd12064686060ad96d05424b0d23f9beea7e526ebc2ef56c838009f9c
-MeTTeMJBNc$_$0,text,data/raw/extracted/E题数据/附件1-数据集原始多模态样本/MOSEI数据集部分原始视频-100条/-MeTTeMJBNc/0.mp4,9.334,9.3,9.333333333333334,9.333333333333334,n/a,n/a,n/a,n/a,128,grouped_transcript_anchor,variable_text_anchor_mean_pool,21,21,29,proportional,q1_features.npz,n/a,n/a,b4261dff718cb6a3657fa394bed1617e73ea1b32c187bd083590d60d24d23cc2,ok,,n/a
-MeTTeMJBNc$_$0,audio,data/raw/extracted/E题数据/附件1-数据集原始多模态样本/MOSEI数据集部分原始视频-100条/-MeTTeMJBNc/0.mp4,9.334,9.3,9.333333333333334,9.218375,16000,n/a,n/a,n/a,74,10_ms_frame,variable_text_anchor_mean_pool,21,21,29,proportional,q1_features.npz,q1_features_unaligned.npz,n/a,b4261dff718cb6a3657fa394bed1617e73ea1b32c187bd083590d60d24d23cc2,ok,,945939ddd12064686060ad96d05424b0d23f9beea7e526ebc2ef56c838009f9c
-MeTTeMJBNc$_$0,vision,data/raw/extracted/E题数据/附件1-数据集原始多模态样本/MOSEI数据集部分原始视频-100条/-MeTTeMJBNc/0.mp4,9.334,9.3,9.333333333333334,9.333333333333334,n/a,30.0,10.0,n/a,35,10_fps_sample,variable_text_anchor_mean_pool,21,21,29,proportional,q1_features.npz,q1_features_unaligned.npz,0.9042553191489362,b4261dff718cb6a3657fa394bed1617e73ea1b32c187bd083590d60d24d23cc2,ok,,945939ddd12064686060ad96d05424b0d23f9beea7e526ebc2ef56c838009f9c
-MeTTeMJBNc$_$13,text,data/raw/extracted/E题数据/附件1-数据集原始多模态样本/MOSEI数据集部分原始视频-100条/-MeTTeMJBNc/13.mp4,7.467,5.430013,5.3999999999999995,5.3999999999999995,n/a,n/a,n/a,n/a,128,grouped_transcript_anchor,variable_text_anchor_mean_pool,14,14,36,proportional,q1_features.npz,n/a,n/a,b4261dff718cb6a3657fa394bed1617e73ea1b32c187bd083590d60d24d23cc2,ok,,n/a
-MeTTeMJBNc$_$13,audio,data/raw/extracted/E题数据/附件1-数据集原始多模态样本/MOSEI数据集部分原始视频-100条/-MeTTeMJBNc/13.mp4,7.467,5.430013,5.3999999999999995,5.2555625,16000,n/a,n/a,n/a,74,10_ms_frame,variable_text_anchor_mean_pool,14,14,36,proportional,q1_features.npz,q1_features_unaligned.npz,n/a,b4261dff718cb6a3657fa394bed1617e73ea1b32c187bd083590d60d24d23cc2,ok,,945939ddd12064686060ad96d05424b0d23f9beea7e526ebc2ef56c838009f9c
-MeTTeMJBNc$_$13,vision,data/raw/extracted/E题数据/附件1-数据集原始多模态样本/MOSEI数据集部分原始视频-100条/-MeTTeMJBNc/13.mp4,7.467,5.430013,5.3999999999999995,5.3999999999999995,n/a,30.0,10.0,n/a,35,10_fps_sample,variable_text_anchor_mean_pool,14,14,36,proportional,q1_features.npz,q1_features_unaligned.npz,0.9444444444444444,b4261dff718cb6a3657fa394bed1617e73ea1b32c187bd083590d60d24d23cc2,ok,,945939ddd12064686060ad96d05424b0d23f9beea7e526ebc2ef56c838009f9c
-MeTTeMJBNc$_$7,text,data/raw/extracted/E题数据/附件1-数据集原始多模态样本/MOSEI数据集部分原始视频-100条/-MeTTeMJBNc/7.mp4,17.367,10.516992,10.5,10.5,n/a,n/a,n/a,n/a,128,grouped_transcript_anchor,variable_text_anchor_mean_pool,31,31,19,proportional,q1_features.npz,n/a,n/a,b4261dff718cb6a3657fa394bed1617e73ea1b32c187bd083590d60d24d23cc2,ok,,n/a
-MeTTeMJBNc$_$7,audio,data/raw/extracted/E题数据/附件1-数据集原始多模态样本/MOSEI数据集部分原始视频-100条/-MeTTeMJBNc/7.mp4,17.367,10.516992,10.5,10.411375,16000,n/a,n/a,n/a,74,10_ms_frame,variable_text_anchor_mean_pool,31,31,19,proportional,q1_features.npz,q1_features_unaligned.npz,n/a,b4261dff718cb6a3657fa394bed1617e73ea1b32c187bd083590d60d24d23cc2,ok,,945939ddd12064686060ad96d05424b0d23f9beea7e526ebc2ef56c838009f9c
-MeTTeMJBNc$_$7,vision,data/raw/extracted/E题数据/附件1-数据集原始多模态样本/MOSEI数据集部分原始视频-100条/-MeTTeMJBNc/7.mp4,17.367,10.516992,10.5,10.5,n/a,30.0,10.0,n/a,35,10_fps_sample,variable_text_anchor_mean_pool,31,30,19,proportional,q1_features.npz,q1_features_unaligned.npz,0.8666666666666667,b4261dff718cb6a3657fa394bed1617e73ea1b32c187bd083590d60d24d23cc2,warning,invalid_nonpadding_positions,945939ddd12064686060ad96d05424b0d23f9beea7e526ebc2ef56c838009f9c
-RfYyzHpjk4$_$11,text,data/raw/extracted/E题数据/附件1-数据集原始多模态样本/MOSEI数据集部分原始视频-100条/-RfYyzHpjk4/11.mp4,11.7,5.238997,5.233333333333333,5.233333333333333,n/a,n/a,n/a,n/a,128,grouped_transcript_anchor,variable_text_anchor_mean_pool,17,17,33,proportional,q1_features.npz,n/a,n/a,b4261dff718cb6a3657fa394bed1617e73ea1b32c187bd083590d60d24d23cc2,ok,,n/a
-RfYyzHpjk4$_$11,audio,data/raw/extracted/E题数据/附件1-数据集原始多模态样本/MOSEI数据集部分原始视频-100条/-RfYyzHpjk4/11.mp4,11.7,5.238997,5.233333333333333,5.074875,16000,n/a,n/a,n/a,74,10_ms_frame,variable_text_anchor_mean_pool,17,17,33,proportional,q1_features.npz,q1_features_unaligned.npz,n/a,b4261dff718cb6a3657fa394bed1617e73ea1b32c187bd083590d60d24d23cc2,ok,,945939ddd12064686060ad96d05424b0d23f9beea7e526ebc2ef56c838009f9c
-RfYyzHpjk4$_$11,vision,data/raw/extracted/E题数据/附件1-数据集原始多模态样本/MOSEI数据集部分原始视频-100条/-RfYyzHpjk4/11.mp4,11.7,5.238997,5.233333333333333,5.233333333333333,n/a,30.0,10.0,n/a,35,10_fps_sample,variable_text_anchor_mean_pool,17,16,33,proportional,q1_features.npz,q1_features_unaligned.npz,0.6923076923076923,b4261dff718cb6a3657fa394bed1617e73ea1b32c187bd083590d60d24d23cc2,warning,invalid_nonpadding_positions,945939ddd12064686060ad96d05424b0d23f9beea7e526ebc2ef56c838009f9c
-RfYyzHpjk4$_$8,text,data/raw/extracted/E题数据/附件1-数据集原始多模态样本/MOSEI数据集部分原始视频-100条/-RfYyzHpjk4/8.mp4,11.657,4.588997,4.566666666666666,4.566666666666666,n/a,n/a,n/a,n/a,128,grouped_transcript_anchor,variable_text_anchor_mean_pool,17,17,33,proportional,q1_features.npz,n/a,n/a,b4261dff718cb6a3657fa394bed1617e73ea1b32c187bd083590d60d24d23cc2,ok,,n/a
-RfYyzHpjk4$_$8,audio,data/raw/extracted/E题数据/附件1-数据集原始多模态样本/MOSEI数据集部分原始视频-100条/-RfYyzHpjk4/8.mp4,11.657,4.588997,4.566666666666666,4.532375,16000,n/a,n/a,n/a,74,10_ms_frame,variable_text_anchor_mean_pool,17,17,33,proportional,q1_features.npz,q1_features_unaligned.npz,n/a,b4261dff718cb6a3657fa394bed1617e73ea1b32c187bd083590d60d24d23cc2,ok,,945939ddd12064686060ad96d05424b0d23f9beea7e526ebc2ef56c838009f9c
-RfYyzHpjk4$_$8,vision,data/raw/extracted/E题数据/附件1-数据集原始多模态样本/MOSEI数据集部分原始视频-100条/-RfYyzHpjk4/8.mp4,11.657,4.588997,4.566666666666666,4.566666666666666,n/a,30.0,10.0,n/a,35,10_fps_sample,variable_text_anchor_mean_pool,17,17,33,proportional,q1_features.npz,q1_features_unaligned.npz,0.5652173913043478,b4261dff718cb6a3657fa394bed1617e73ea1b32c187bd083590d60d24d23cc2,ok,,945939ddd12064686060ad96d05424b0d23f9beea7e526ebc2ef56c838009f9c
-RfYyzHpjk4$_$2,text,data/raw/extracted/E题数据/附件1-数据集原始多模态样本/MOSEI数据集部分原始视频-100条/-RfYyzHpjk4/2.mp4,6.234,5.516016,5.5,5.5,n/a,n/a,n/a,n/a,128,grouped_transcript_anchor,variable_text_anchor_mean_pool,25,25,25,proportional,q1_features.npz,n/a,n/a,b4261dff718cb6a3657fa394bed1617e73ea1b32c187bd083590d60d24d23cc2,ok,,n/a
-RfYyzHpjk4$_$2,audio,data/raw/extracted/E题数据/附件1-数据集原始多模态样本/MOSEI数据集部分原始视频-100条/-RfYyzHpjk4/2.mp4,6.234,5.516016,5.5,5.391875,16000,n/a,n/a,n/a,74,10_ms_frame,variable_text_anchor_mean_pool,25,25,25,proportional,q1_features.npz,q1_features_unaligned.npz,n/a,b4261dff718cb6a3657fa394bed1617e73ea1b32c187bd083590d60d24d23cc2,ok,,945939ddd12064686060ad96d05424b0d23f9beea7e526ebc2ef56c838009f9c
-RfYyzHpjk4$_$2,vision,data/raw/extracted/E题数据/附件1-数据集原始多模态样本/MOSEI数据集部分原始视频-100条/-RfYyzHpjk4/2.mp4,6.234,5.516016,5.5,5.5,n/a,30.0,10.0,n/a,35,10_fps_sample,variable_text_anchor_mean_pool,25,24,25,proportional,q1_features.npz,q1_features_unaligned.npz,0.0,b4261dff718cb6a3657fa394bed1617e73ea1b32c187bd083590d60d24d23cc2,warning,invalid_nonpadding_positions,945939ddd12064686060ad96d05424b0d23f9beea7e526ebc2ef56c838009f9c
-UUCSKoHeMA$_$0,text,data/raw/extracted/E题数据/附件1-数据集原始多模态样本/MOSEI数据集部分原始视频-100条/-UUCSKoHeMA/0.mp4,7.867,7.8,7.866666666666666,7.866666666666666,n/a,n/a,n/a,n/a,128,grouped_transcript_anchor,variable_text_anchor_mean_pool,18,18,32,proportional,q1_features.npz,n/a,n/a,b4261dff718cb6a3657fa394bed1617e73ea1b32c187bd083590d60d24d23cc2,ok,,n/a
-UUCSKoHeMA$_$0,audio,data/raw/extracted/E题数据/附件1-数据集原始多模态样本/MOSEI数据集部分原始视频-100条/-UUCSKoHeMA/0.mp4,7.867,7.8,7.866666666666666,7.73225,16000,n/a,n/a,n/a,74,10_ms_frame,variable_text_anchor_mean_pool,18,18,32,proportional,q1_features.npz,q1_features_unaligned.npz,n/a,b4261dff718cb6a3657fa394bed1617e73ea1b32c187bd083590d60d24d23cc2,ok,,945939ddd12064686060ad96d05424b0d23f9beea7e526ebc2ef56c838009f9c
-UUCSKoHeMA$_$0,vision,data/raw/extracted/E题数据/附件1-数据集原始多模态样本/MOSEI数据集部分原始视频-100条/-UUCSKoHeMA/0.mp4,7.867,7.8,7.866666666666666,7.866666666666666,n/a,30.0,10.0,n/a,35,10_fps_sample,variable_text_anchor_mean_pool,18,18,32,proportional,q1_features.npz,q1_features_unaligned.npz,0.9620253164556962,b4261dff718cb6a3657fa394bed1617e73ea1b32c187bd083590d60d24d23cc2,ok,,945939ddd12064686060ad96d05424b0d23f9beea7e526ebc2ef56c838009f9c
-ri04Z7vwnc$_$0,text,data/raw/extracted/E题数据/附件1-数据集原始多模态样本/MOSEI数据集部分原始视频-100条/-ri04Z7vwnc/0.mp4,3.295,2.807,2.7944666666666667,2.7944666666666667,n/a,n/a,n/a,n/a,128,grouped_transcript_anchor,variable_text_anchor_mean_pool,8,8,42,proportional,q1_features.npz,n/a,n/a,b4261dff718cb6a3657fa394bed1617e73ea1b32c187bd083590d60d24d23cc2,ok,,n/a
-ri04Z7vwnc$_$0,audio,data/raw/extracted/E题数据/附件1-数据集原始多模态样本/MOSEI数据集部分原始视频-100条/-ri04Z7vwnc/0.mp4,3.295,2.807,2.7944666666666667,2.7633125,16000,n/a,n/a,n/a,74,10_ms_frame,variable_text_anchor_mean_pool,8,8,42,proportional,q1_features.npz,q1_features_unaligned.npz,n/a,b4261dff718cb6a3657fa394bed1617e73ea1b32c187bd083590d60d24d23cc2,ok,,945939ddd12064686060ad96d05424b0d23f9beea7e526ebc2ef56c838009f9c
-ri04Z7vwnc$_$0,vision,data/raw/extracted/E题数据/附件1-数据集原始多模态样本/MOSEI数据集部分原始视频-100条/-ri04Z7vwnc/0.mp4,3.295,2.807,2.7944666666666667,2.7944666666666667,n/a,23.97604418875992,10.0,n/a,35,10_fps_sample,variable_text_anchor_mean_pool,8,8,42,proportional,q1_features.npz,q1_features_unaligned.npz,0.0,b4261dff718cb6a3657fa394bed1617e73ea1b32c187bd083590d60d24d23cc2,ok,,945939ddd12064686060ad96d05424b0d23f9beea7e526ebc2ef56c838009f9c
-ri04Z7vwnc$_$2,text,data/raw/extracted/E题数据/附件1-数据集原始多模态样本/MOSEI数据集部分原始视频-100条/-ri04Z7vwnc/2.mp4,6.966,6.027,6.005988888888888,6.005988888888888,n/a,n/a,n/a,n/a,128,grouped_transcript_anchor,variable_text_anchor_mean_pool,16,16,34,proportional,q1_features.npz,n/a,n/a,b4261dff718cb6a3657fa394bed1617e73ea1b32c187bd083590d60d24d23cc2,ok,,n/a
-ri04Z7vwnc$_$2,audio,data/raw/extracted/E题数据/附件1-数据集原始多模态样本/MOSEI数据集部分原始视频-100条/-ri04Z7vwnc/2.mp4,6.966,6.027,6.005988888888888,5.9134375,16000,n/a,n/a,n/a,74,10_ms_frame,variable_text_anchor_mean_pool,16,16,34,proportional,q1_features.npz,q1_features_unaligned.npz,n/a,b4261dff718cb6a3657fa394bed1617e73ea1b32c187bd083590d60d24d23cc2,ok,,945939ddd12064686060ad96d05424b0d23f9beea7e526ebc2ef56c838009f9c
-ri04Z7vwnc$_$2,vision,data/raw/extracted/E题数据/附件1-数据集原始多模态样本/MOSEI数据集部分原始视频-100条/-ri04Z7vwnc/2.mp4,6.966,6.027,6.005988888888888,6.005988888888888,n/a,23.976043214651384,10.0,n/a,35,10_fps_sample,variable_text_anchor_mean_pool,16,16,34,proportional,q1_features.npz,q1_features_unaligned.npz,0.3541666666666667,b4261dff718cb6a3657fa394bed1617e73ea1b32c187bd083590d60d24d23cc2,ok,,945939ddd12064686060ad96d05424b0d23f9beea7e526ebc2ef56c838009f9c
-ri04Z7vwnc$_$5,text,data/raw/extracted/E题数据/附件1-数据集原始多模态样本/MOSEI数据集部分原始视频-100条/-ri04Z7vwnc/5.mp4,5.965,3.545,3.5035000000000003,3.5035000000000003,n/a,n/a,n/a,n/a,128,grouped_transcript_anchor,variable_text_anchor_mean_pool,9,9,41,proportional,q1_features.npz,n/a,n/a,b4261dff718cb6a3657fa394bed1617e73ea1b32c187bd083590d60d24d23cc2,ok,,n/a
-ri04Z7vwnc$_$5,audio,data/raw/extracted/E题数据/附件1-数据集原始多模态样本/MOSEI数据集部分原始视频-100条/-ri04Z7vwnc/5.mp4,5.965,3.545,3.5035000000000003,3.43975,16000,n/a,n/a,n/a,74,10_ms_frame,variable_text_anchor_mean_pool,9,9,41,proportional,q1_features.npz,q1_features_unaligned.npz,n/a,b4261dff718cb6a3657fa394bed1617e73ea1b32c187bd083590d60d24d23cc2,ok,,945939ddd12064686060ad96d05424b0d23f9beea7e526ebc2ef56c838009f9c
-ri04Z7vwnc$_$5,vision,data/raw/extracted/E题数据/附件1-数据集原始多模态样本/MOSEI数据集部分原始视频-100条/-ri04Z7vwnc/5.mp4,5.965,3.545,3.5035000000000003,3.5035000000000003,n/a,23.976046466253432,10.0,n/a,35,10_fps_sample,variable_text_anchor_mean_pool,9,8,41,proportional,q1_features.npz,q1_features_unaligned.npz,1.0,b4261dff718cb6a3657fa394bed1617e73ea1b32c187bd083590d60d24d23cc2,warning,invalid_nonpadding_positions,945939ddd12064686060ad96d05424b0d23f9beea7e526ebc2ef56c838009f9c
-s9qJ7ATP7w$_$1,text,data/raw/extracted/E题数据/附件1-数据集原始多模态样本/MOSEI数据集部分原始视频-100条/-s9qJ7ATP7w/1.mp4,10.9,4.791992,4.766666666666667,4.766666666666667,n/a,n/a,n/a,n/a,128,grouped_transcript_anchor,variable_text_anchor_mean_pool,11,11,39,proportional,q1_features.npz,n/a,n/a,b4261dff718cb6a3657fa394bed1617e73ea1b32c187bd083590d60d24d23cc2,ok,,n/a
-s9qJ7ATP7w$_$1,audio,data/raw/extracted/E题数据/附件1-数据集原始多模态样本/MOSEI数据集部分原始视频-100条/-s9qJ7ATP7w/1.mp4,10.9,4.791992,4.766666666666667,4.643875,16000,n/a,n/a,n/a,74,10_ms_frame,variable_text_anchor_mean_pool,11,11,39,proportional,q1_features.npz,q1_features_unaligned.npz,n/a,b4261dff718cb6a3657fa394bed1617e73ea1b32c187bd083590d60d24d23cc2,ok,,945939ddd12064686060ad96d05424b0d23f9beea7e526ebc2ef56c838009f9c
-s9qJ7ATP7w$_$1,vision,data/raw/extracted/E题数据/附件1-数据集原始多模态样本/MOSEI数据集部分原始视频-100条/-s9qJ7ATP7w/1.mp4,10.9,4.791992,4.766666666666667,4.766666666666667,n/a,30.0,10.0,n/a,35,10_fps_sample,variable_text_anchor_mean_pool,11,11,39,proportional,q1_features.npz,q1_features_unaligned.npz,0.08333333333333333,b4261dff718cb6a3657fa394bed1617e73ea1b32c187bd083590d60d24d23cc2,ok,,945939ddd12064686060ad96d05424b0d23f9beea7e526ebc2ef56c838009f9c
-s9qJ7ATP7w$_$0,text,data/raw/extracted/E题数据/附件1-数据集原始多模态样本/MOSEI数据集部分原始视频-100条/-s9qJ7ATP7w/0.mp4,6.867,6.8,6.866666666666666,6.866666666666666,n/a,n/a,n/a,n/a,128,grouped_transcript_anchor,variable_text_anchor_mean_pool,24,24,26,proportional,q1_features.npz,n/a,n/a,b4261dff718cb6a3657fa394bed1617e73ea1b32c187bd083590d60d24d23cc2,ok,,n/a
-s9qJ7ATP7w$_$0,audio,data/raw/extracted/E题数据/附件1-数据集原始多模态样本/MOSEI数据集部分原始视频-100条/-s9qJ7ATP7w/0.mp4,6.867,6.8,6.866666666666666,6.710625,16000,n/a,n/a,n/a,74,10_ms_frame,variable_text_anchor_mean_pool,24,23,26,proportional,q1_features.npz,q1_features_unaligned.npz,n/a,b4261dff718cb6a3657fa394bed1617e73ea1b32c187bd083590d60d24d23cc2,warning,invalid_nonpadding_positions,945939ddd12064686060ad96d05424b0d23f9beea7e526ebc2ef56c838009f9c
-s9qJ7ATP7w$_$0,vision,data/raw/extracted/E题数据/附件1-数据集原始多模态样本/MOSEI数据集部分原始视频-100条/-s9qJ7ATP7w/0.mp4,6.867,6.8,6.866666666666666,6.866666666666666,n/a,30.0,10.0,n/a,35,10_fps_sample,variable_text_anchor_mean_pool,24,24,26,proportional,q1_features.npz,q1_features_unaligned.npz,0.13043478260869565,b4261dff718cb6a3657fa394bed1617e73ea1b32c187bd083590d60d24d23cc2,ok,,945939ddd12064686060ad96d05424b0d23f9beea7e526ebc2ef56c838009f9c
-s9qJ7ATP7w$_$5,text,data/raw/extracted/E题数据/附件1-数据集原始多模态样本/MOSEI数据集部分原始视频-100条/-s9qJ7ATP7w/5.mp4,13.567,8.561003,8.533333333333333,8.533333333333333,n/a,n/a,n/a,n/a,128,grouped_transcript_anchor,variable_text_anchor_mean_pool,19,19,31,proportional,q1_features.npz,n/a,n/a,b4261dff718cb6a3657fa394bed1617e73ea1b32c187bd083590d60d24d23cc2,ok,,n/a
-s9qJ7ATP7w$_$5,audio,data/raw/extracted/E题数据/附件1-数据集原始多模态样本/MOSEI数据集部分原始视频-100条/-s9qJ7ATP7w/5.mp4,13.567,8.561003,8.533333333333333,8.397875,16000,n/a,n/a,n/a,74,10_ms_frame,variable_text_anchor_mean_pool,19,19,31,proportional,q1_features.npz,q1_features_unaligned.npz,n/a,b4261dff718cb6a3657fa394bed1617e73ea1b32c187bd083590d60d24d23cc2,ok,,945939ddd12064686060ad96d05424b0d23f9beea7e526ebc2ef56c838009f9c
-s9qJ7ATP7w$_$5,vision,data/raw/extracted/E题数据/附件1-数据集原始多模态样本/MOSEI数据集部分原始视频-100条/-s9qJ7ATP7w/5.mp4,13.567,8.561003,8.533333333333333,8.533333333333333,n/a,30.0,10.0,n/a,35,10_fps_sample,variable_text_anchor_mean_pool,19,19,31,proportional,q1_features.npz,q1_features_unaligned.npz,0.03529411764705882,b4261dff718cb6a3657fa394bed1617e73ea1b32c187bd083590d60d24d23cc2,ok,,945939ddd12064686060ad96d05424b0d23f9beea7e526ebc2ef56c838009f9c
-s9qJ7ATP7w$_$4,text,data/raw/extracted/E题数据/附件1-数据集原始多模态样本/MOSEI数据集部分原始视频-100条/-s9qJ7ATP7w/4.mp4,6.2,4.427018,4.3999999999999995,4.3999999999999995,n/a,n/a,n/a,n/a,128,grouped_transcript_anchor,variable_text_anchor_mean_pool,9,9,41,proportional,q1_features.npz,n/a,n/a,b4261dff718cb6a3657fa394bed1617e73ea1b32c187bd083590d60d24d23cc2,ok,,n/a
-s9qJ7ATP7w$_$4,audio,data/raw/extracted/E题数据/附件1-数据集原始多模态样本/MOSEI数据集部分原始视频-100条/-s9qJ7ATP7w/4.mp4,6.2,4.427018,4.3999999999999995,4.2469375,16000,n/a,n/a,n/a,74,10_ms_frame,variable_text_anchor_mean_pool,9,9,41,proportional,q1_features.npz,q1_features_unaligned.npz,n/a,b4261dff718cb6a3657fa394bed1617e73ea1b32c187bd083590d60d24d23cc2,ok,,945939ddd12064686060ad96d05424b0d23f9beea7e526ebc2ef56c838009f9c
-s9qJ7ATP7w$_$4,vision,data/raw/extracted/E题数据/附件1-数据集原始多模态样本/MOSEI数据集部分原始视频-100条/-s9qJ7ATP7w/4.mp4,6.2,4.427018,4.3999999999999995,4.3999999999999995,n/a,30.0,10.0,n/a,35,10_fps_sample,variable_text_anchor_mean_pool,9,9,41,proportional,q1_features.npz,q1_features_unaligned.npz,0.022727272727272728,b4261dff718cb6a3657fa394bed1617e73ea1b32c187bd083590d60d24d23cc2,ok,,945939ddd12064686060ad96d05424b0d23f9beea7e526ebc2ef56c838009f9c
-s9qJ7ATP7w$_$7,text,data/raw/extracted/E题数据/附件1-数据集原始多模态样本/MOSEI数据集部分原始视频-100条/-s9qJ7ATP7w/7.mp4,12.767,6.966016,6.933333333333334,6.933333333333334,n/a,n/a,n/a,n/a,128,grouped_transcript_anchor,variable_text_anchor_mean_pool,28,28,22,proportional,q1_features.npz,n/a,n/a,b4261dff718cb6a3657fa394bed1617e73ea1b32c187bd083590d60d24d23cc2,ok,,n/a
-s9qJ7ATP7w$_$7,audio,data/raw/extracted/E题数据/附件1-数据集原始多模态样本/MOSEI数据集部分原始视频-100条/-s9qJ7ATP7w/7.mp4,12.767,6.966016,6.933333333333334,6.8385625,16000,n/a,n/a,n/a,74,10_ms_frame,variable_text_anchor_mean_pool,28,28,22,proportional,q1_features.npz,q1_features_unaligned.npz,n/a,b4261dff718cb6a3657fa394bed1617e73ea1b32c187bd083590d60d24d23cc2,ok,,945939ddd12064686060ad96d05424b0d23f9beea7e526ebc2ef56c838009f9c
-s9qJ7ATP7w$_$7,vision,data/raw/extracted/E题数据/附件1-数据集原始多模态样本/MOSEI数据集部分原始视频-100条/-s9qJ7ATP7w/7.mp4,12.767,6.966016,6.933333333333334,6.933333333333334,n/a,30.0,10.0,n/a,35,10_fps_sample,variable_text_anchor_mean_pool,28,27,22,proportional,q1_features.npz,q1_features_unaligned.npz,0.1,b4261dff718cb6a3657fa394bed1617e73ea1b32c187bd083590d60d24d23cc2,warning,invalid_nonpadding_positions,945939ddd12064686060ad96d05424b0d23f9beea7e526ebc2ef56c838009f9c
-s9qJ7ATP7w$_$6,text,data/raw/extracted/E题数据/附件1-数据集原始多模态样本/MOSEI数据集部分原始视频-100条/-s9qJ7ATP7w/6.mp4,6.6,2.475,2.4666666666666663,2.4666666666666663,n/a,n/a,n/a,n/a,128,grouped_transcript_anchor,variable_text_anchor_mean_pool,5,5,45,proportional,q1_features.npz,n/a,n/a,b4261dff718cb6a3657fa394bed1617e73ea1b32c187bd083590d60d24d23cc2,ok,,n/a
-s9qJ7ATP7w$_$6,audio,data/raw/extracted/E题数据/附件1-数据集原始多模态样本/MOSEI数据集部分原始视频-100条/-s9qJ7ATP7w/6.mp4,6.6,2.475,2.4666666666666663,2.3148125,16000,n/a,n/a,n/a,74,10_ms_frame,variable_text_anchor_mean_pool,5,5,45,proportional,q1_features.npz,q1_features_unaligned.npz,n/a,b4261dff718cb6a3657fa394bed1617e73ea1b32c187bd083590d60d24d23cc2,ok,,945939ddd12064686060ad96d05424b0d23f9beea7e526ebc2ef56c838009f9c
-s9qJ7ATP7w$_$6,vision,data/raw/extracted/E题数据/附件1-数据集原始多模态样本/MOSEI数据集部分原始视频-100条/-s9qJ7ATP7w/6.mp4,6.6,2.475,2.4666666666666663,2.4666666666666663,n/a,30.0,10.0,n/a,35,10_fps_sample,variable_text_anchor_mean_pool,5,5,45,proportional,q1_features.npz,q1_features_unaligned.npz,0.0,b4261dff718cb6a3657fa394bed1617e73ea1b32c187bd083590d60d24d23cc2,ok,,945939ddd12064686060ad96d05424b0d23f9beea7e526ebc2ef56c838009f9c
-s9qJ7ATP7w$_$8,text,data/raw/extracted/E题数据/附件1-数据集原始多模态样本/MOSEI数据集部分原始视频-100条/-s9qJ7ATP7w/8.mp4,6.6,3.294987,3.2666666666666666,3.2666666666666666,n/a,n/a,n/a,n/a,128,grouped_transcript_anchor,variable_text_anchor_mean_pool,13,13,37,proportional,q1_features.npz,n/a,n/a,b4261dff718cb6a3657fa394bed1617e73ea1b32c187bd083590d60d24d23cc2,ok,,n/a
-s9qJ7ATP7w$_$8,audio,data/raw/extracted/E题数据/附件1-数据集原始多模态样本/MOSEI数据集部分原始视频-100条/-s9qJ7ATP7w/8.mp4,6.6,3.294987,3.2666666666666666,3.18425,16000,n/a,n/a,n/a,74,10_ms_frame,variable_text_anchor_mean_pool,13,13,37,proportional,q1_features.npz,q1_features_unaligned.npz,n/a,b4261dff718cb6a3657fa394bed1617e73ea1b32c187bd083590d60d24d23cc2,ok,,945939ddd12064686060ad96d05424b0d23f9beea7e526ebc2ef56c838009f9c
-s9qJ7ATP7w$_$8,vision,data/raw/extracted/E题数据/附件1-数据集原始多模态样本/MOSEI数据集部分原始视频-100条/-s9qJ7ATP7w/8.mp4,6.6,3.294987,3.2666666666666666,3.2666666666666666,n/a,30.0,10.0,n/a,35,10_fps_sample,variable_text_anchor_mean_pool,13,12,37,proportional,q1_features.npz,q1_features_unaligned.npz,0.696969696969697,b4261dff718cb6a3657fa394bed1617e73ea1b32c187bd083590d60d24d23cc2,warning,invalid_nonpadding_positions,945939ddd12064686060ad96d05424b0d23f9beea7e526ebc2ef56c838009f9c
-yRb-Jum7EQ$_$1,text,data/raw/extracted/E题数据/附件1-数据集原始多模态样本/MOSEI数据集部分原始视频-100条/-yRb-Jum7EQ/1.mp4,34.567,29.288021,29.26666666666667,29.26666666666667,n/a,n/a,n/a,n/a,128,grouped_transcript_anchor,variable_text_anchor_mean_pool,49,49,1,proportional,q1_features.npz,n/a,n/a,b4261dff718cb6a3657fa394bed1617e73ea1b32c187bd083590d60d24d23cc2,ok,,n/a
-yRb-Jum7EQ$_$1,audio,data/raw/extracted/E题数据/附件1-数据集原始多模态样本/MOSEI数据集部分原始视频-100条/-yRb-Jum7EQ/1.mp4,34.567,29.288021,29.26666666666667,29.1098125,16000,n/a,n/a,n/a,74,10_ms_frame,variable_text_anchor_mean_pool,49,49,1,proportional,q1_features.npz,q1_features_unaligned.npz,n/a,b4261dff718cb6a3657fa394bed1617e73ea1b32c187bd083590d60d24d23cc2,ok,,945939ddd12064686060ad96d05424b0d23f9beea7e526ebc2ef56c838009f9c
-yRb-Jum7EQ$_$1,vision,data/raw/extracted/E题数据/附件1-数据集原始多模态样本/MOSEI数据集部分原始视频-100条/-yRb-Jum7EQ/1.mp4,34.567,29.288021,29.26666666666667,29.26666666666667,n/a,30.0,10.0,n/a,35,10_fps_sample,variable_text_anchor_mean_pool,49,49,1,proportional,q1_features.npz,q1_features_unaligned.npz,0.447098976109215,b4261dff718cb6a3657fa394bed1617e73ea1b32c187bd083590d60d24d23cc2,ok,,945939ddd12064686060ad96d05424b0d23f9beea7e526ebc2ef56c838009f9c
-yRb-Jum7EQ$_$5,text,data/raw/extracted/E题数据/附件1-数据集原始多模态样本/MOSEI数据集部分原始视频-100条/-yRb-Jum7EQ/5.mp4,13.634,13.16901,13.166666666666666,13.166666666666666,n/a,n/a,n/a,n/a,128,grouped_transcript_anchor,variable_text_anchor_mean_pool,25,25,25,proportional,q1_features.npz,n/a,n/a,b4261dff718cb6a3657fa394bed1617e73ea1b32c187bd083590d60d24d23cc2,ok,,n/a
-yRb-Jum7EQ$_$5,audio,data/raw/extracted/E题数据/附件1-数据集原始多模态样本/MOSEI数据集部分原始视频-100条/-yRb-Jum7EQ/5.mp4,13.634,13.16901,13.166666666666666,13.0445625,16000,n/a,n/a,n/a,74,10_ms_frame,variable_text_anchor_mean_pool,25,25,25,proportional,q1_features.npz,q1_features_unaligned.npz,n/a,b4261dff718cb6a3657fa394bed1617e73ea1b32c187bd083590d60d24d23cc2,ok,,945939ddd12064686060ad96d05424b0d23f9beea7e526ebc2ef56c838009f9c
-yRb-Jum7EQ$_$5,vision,data/raw/extracted/E题数据/附件1-数据集原始多模态样本/MOSEI数据集部分原始视频-100条/-yRb-Jum7EQ/5.mp4,13.634,13.16901,13.166666666666666,13.166666666666666,n/a,30.0,10.0,n/a,35,10_fps_sample,variable_text_anchor_mean_pool,25,25,25,proportional,q1_features.npz,q1_features_unaligned.npz,0.5227272727272727,b4261dff718cb6a3657fa394bed1617e73ea1b32c187bd083590d60d24d23cc2,ok,,945939ddd12064686060ad96d05424b0d23f9beea7e526ebc2ef56c838009f9c
-yRb-Jum7EQ$_$6,text,data/raw/extracted/E题数据/附件1-数据集原始多模态样本/MOSEI数据集部分原始视频-100条/-yRb-Jum7EQ/6.mp4,15.488,11.241995,11.2425625,11.2425625,n/a,n/a,n/a,n/a,128,grouped_transcript_anchor,variable_text_anchor_mean_pool,19,19,31,proportional,q1_features.npz,n/a,n/a,b4261dff718cb6a3657fa394bed1617e73ea1b32c187bd083590d60d24d23cc2,ok,,n/a
-yRb-Jum7EQ$_$6,audio,data/raw/extracted/E题数据/附件1-数据集原始多模态样本/MOSEI数据集部分原始视频-100条/-yRb-Jum7EQ/6.mp4,15.488,11.241995,11.2425625,11.2425625,16000,n/a,n/a,n/a,74,10_ms_frame,variable_text_anchor_mean_pool,19,19,31,proportional,q1_features.npz,q1_features_unaligned.npz,n/a,b4261dff718cb6a3657fa394bed1617e73ea1b32c187bd083590d60d24d23cc2,ok,,945939ddd12064686060ad96d05424b0d23f9beea7e526ebc2ef56c838009f9c
-yRb-Jum7EQ$_$6,vision,data/raw/extracted/E题数据/附件1-数据集原始多模态样本/MOSEI数据集部分原始视频-100条/-yRb-Jum7EQ/6.mp4,15.488,11.241995,11.2425625,11.2,n/a,30.0,10.0,n/a,35,10_fps_sample,variable_text_anchor_mean_pool,19,19,31,proportional,q1_features.npz,q1_features_unaligned.npz,0.45535714285714285,b4261dff718cb6a3657fa394bed1617e73ea1b32c187bd083590d60d24d23cc2,ok,,945939ddd12064686060ad96d05424b0d23f9beea7e526ebc2ef56c838009f9c
